,basis,bond length (Angstrom),method,state index,spin multiplicity,energy (Hartree),spin type
0,cc-pvdz,0.2,FCI,1,1,0.10710273165856643,
1,cc-pvdz,0.2,FCI,2,1,0.8600682962160855,
2,cc-pvdz,0.2,FCI,3,1,0.9512213232028497,
3,cc-pvdz,0.2,FCI,1,3,0.8225627486151195,
0,cc-pvdz,0.2, LDA,1,1,0.1799671962653418,UNPOLARIZED
1,cc-pvdz,0.2, LDA,1,3,0.9358959521815983,UNPOLARIZED
2,cc-pvdz,0.2, LDA,2,1,0.9560576557095213,UNPOLARIZED
3,cc-pvdz,0.2, LDA,3,1,1.9762586955532633,UNPOLARIZED
0,cc-pvdz,0.2, LDA,1,1,0.16817566656573482,POLARIZED
1,cc-pvdz,0.2, LDA,1,3,0.8137178905747733,POLARIZED
2,cc-pvdz,0.2, LDA,2,1,0.8676355866988397,POLARIZED
3,cc-pvdz,0.2, LDA,3,1,1.9562075449356184,POLARIZED
0,cc-pvdz,0.2, LDA,1,1,0.15169329479364918,INVARIANT
1,cc-pvdz,0.2, LDA,1,3,0.6575891841753014,INVARIANT
2,cc-pvdz,0.2, LDA,2,1,0.7578679520274674,INVARIANT
3,cc-pvdz,0.2, LDA,3,1,1.9305062375278264,INVARIANT
0,cc-pvdz,0.2, LDA,1,1,0.16657281900304793,INVARIANT_MIX
1,cc-pvdz,0.2, LDA,1,3,0.7977271961562448,INVARIANT_MIX
2,cc-pvdz,0.2, LDA,2,3,0.797727196156245,INVARIANT_MIX
3,cc-pvdz,0.2, LDA,3,3,0.7977271961563391,INVARIANT_MIX
4,cc-pvdz,0.2, LDA,2,1,0.8562134880266169,INVARIANT_MIX
5,cc-pvdz,0.2, LDA,3,1,1.9535799813150765,INVARIANT_MIX
0,cc-pvdz,0.2539325842696629,FCI,1,1,-0.38233067669905596,
1,cc-pvdz,0.2539325842696629,FCI,2,1,0.34253521465948467,
2,cc-pvdz,0.2539325842696629,FCI,3,1,0.4506389492146652,
3,cc-pvdz,0.2539325842696629,FCI,1,3,0.30103262765048355,
0,cc-pvdz,0.2539325842696629, LDA,1,1,-0.30853734339072025,UNPOLARIZED
1,cc-pvdz,0.2539325842696629, LDA,1,3,0.41322555504646197,UNPOLARIZED
2,cc-pvdz,0.2539325842696629, LDA,2,1,0.43667554120770674,UNPOLARIZED
3,cc-pvdz,0.2539325842696629, LDA,3,1,1.4075438440540442,UNPOLARIZED
0,cc-pvdz,0.2539325842696629, LDA,1,1,-0.3211238246125004,POLARIZED
1,cc-pvdz,0.2539325842696629, LDA,1,3,0.29197229602005265,POLARIZED
2,cc-pvdz,0.2539325842696629, LDA,2,1,0.35145891254938183,POLARIZED
3,cc-pvdz,0.2539325842696629, LDA,3,1,1.386276696701978,POLARIZED
0,cc-pvdz,0.2539325842696629, LDA,1,1,-0.3388010642680945,INVARIANT
1,cc-pvdz,0.2539325842696629, LDA,1,3,0.13679291625907117,INVARIANT
2,cc-pvdz,0.2539325842696629, LDA,2,1,0.24590302435968017,INVARIANT
3,cc-pvdz,0.2539325842696629, LDA,3,1,1.3590767450118955,INVARIANT
0,cc-pvdz,0.2539325842696629, LDA,1,1,-0.32283820818613534,INVARIANT_MIX
1,cc-pvdz,0.2539325842696629, LDA,1,3,0.27609104922495226,INVARIANT_MIX
2,cc-pvdz,0.2539325842696629, LDA,2,3,0.27609104922495253,INVARIANT_MIX
3,cc-pvdz,0.2539325842696629, LDA,3,3,0.27609104922503663,INVARIANT_MIX
4,cc-pvdz,0.2539325842696629, LDA,2,1,0.34046082079719214,INVARIANT_MIX
5,cc-pvdz,0.2539325842696629, LDA,3,1,1.3834923486532646,INVARIANT_MIX
0,cc-pvdz,0.3078651685393259,FCI,1,1,-0.6729582888955326,
1,cc-pvdz,0.3078651685393259,FCI,2,1,0.023600409717916326,
2,cc-pvdz,0.3078651685393259,FCI,3,1,0.1497473690790192,
3,cc-pvdz,0.3078651685393259,FCI,1,3,-0.022855676901659017,
0,cc-pvdz,0.3078651685393259, LDA,1,1,-0.5982558589638581,UNPOLARIZED
1,cc-pvdz,0.3078651685393259, LDA,1,3,0.08812289242201238,UNPOLARIZED
2,cc-pvdz,0.3078651685393259, LDA,2,1,0.11554908056094114,UNPOLARIZED
3,cc-pvdz,0.3078651685393259, LDA,3,1,1.0341580963549224,UNPOLARIZED
0,cc-pvdz,0.3078651685393259, LDA,1,1,-0.6119076448473852,POLARIZED
1,cc-pvdz,0.3078651685393259, LDA,1,3,-0.032175282710668746,POLARIZED
2,cc-pvdz,0.3078651685393259, LDA,2,1,0.03406974125304546,POLARIZED
3,cc-pvdz,0.3078651685393259, LDA,3,1,1.0114627298258994,POLARIZED
0,cc-pvdz,0.3078651685393259, LDA,1,1,-0.6311962926944463,INVARIANT
1,cc-pvdz,0.3078651685393259, LDA,1,3,-0.18640292164412955,INVARIANT
2,cc-pvdz,0.3078651685393259, LDA,2,1,-0.06653138570179716,INVARIANT
3,cc-pvdz,0.3078651685393259, LDA,3,1,0.9825207182861867,INVARIANT
0,cc-pvdz,0.3078651685393259, LDA,1,1,-0.6137722394932912,INVARIANT_MIX
1,cc-pvdz,0.3078651685393259, LDA,1,3,-0.04794482655120192,INVARIANT_MIX
2,cc-pvdz,0.3078651685393259, LDA,2,3,-0.04794482655118554,INVARIANT_MIX
3,cc-pvdz,0.3078651685393259, LDA,3,3,-0.04794482655118554,INVARIANT_MIX
4,cc-pvdz,0.3078651685393259, LDA,2,1,0.023568375902081516,INVARIANT_MIX
5,cc-pvdz,0.3078651685393259, LDA,3,1,1.0084949441356312,INVARIANT_MIX
0,cc-pvdz,0.3617977528089888,FCI,1,1,-0.85499886388376,
1,cc-pvdz,0.3617977528089888,FCI,2,1,-0.18616020557206747,
2,cc-pvdz,0.3617977528089888,FCI,3,1,-0.04130579918800792,
3,cc-pvdz,0.3617977528089888,FCI,1,3,-0.23855715167128566,
0,cc-pvdz,0.3617977528089888, LDA,1,1,-0.7794200901721101,UNPOLARIZED
1,cc-pvdz,0.3617977528089888, LDA,1,3,-0.12877442579635404,UNPOLARIZED
2,cc-pvdz,0.3617977528089888, LDA,2,1,-0.09669073754497047,UNPOLARIZED
3,cc-pvdz,0.3617977528089888, LDA,3,1,0.7681736778858994,UNPOLARIZED
0,cc-pvdz,0.3617977528089888, LDA,1,1,-0.7944108915131344,POLARIZED
1,cc-pvdz,0.3617977528089888, LDA,1,3,-0.2481331971586264,POLARIZED
2,cc-pvdz,0.3617977528089888, LDA,2,1,-0.17398686760301918,POLARIZED
3,cc-pvdz,0.3617977528089888, LDA,3,1,0.74389128497419,POLARIZED
0,cc-pvdz,0.3617977528089888, LDA,1,1,-0.815740653253863,INVARIANT
1,cc-pvdz,0.3617977528089888, LDA,1,3,-0.4014601971583901,INVARIANT
2,cc-pvdz,0.3617977528089888, LDA,2,1,-0.2690083674610119,INVARIANT
3,cc-pvdz,0.3617977528089888, LDA,3,1,0.7130519174982086,INVARIANT
0,cc-pvdz,0.3617977528089888, LDA,1,1,-0.7964653627165836,INVARIANT_MIX
1,cc-pvdz,0.3617977528089888, LDA,1,3,-0.2637945132320762,INVARIANT_MIX
2,cc-pvdz,0.3617977528089888, LDA,2,3,-0.26379451323207603,INVARIANT_MIX
3,cc-pvdz,0.3617977528089888, LDA,3,3,-0.26379451323205855,INVARIANT_MIX
4,cc-pvdz,0.3617977528089888, LDA,2,1,-0.18393024618281234,INVARIANT_MIX
5,cc-pvdz,0.3617977528089888, LDA,3,1,0.7407212455313832,INVARIANT_MIX
0,cc-pvdz,0.4157303370786517,FCI,1,1,-0.9723127013954758,
1,cc-pvdz,0.4157303370786517,FCI,2,1,-0.3301126947719977,
2,cc-pvdz,0.4157303370786517,FCI,3,1,-0.1662486803266512,
3,cc-pvdz,0.4157303370786517,FCI,1,3,-0.38944602809507023,
0,cc-pvdz,0.4157303370786517, LDA,1,1,-0.8958869662946627,UNPOLARIZED
1,cc-pvdz,0.4157303370786517, LDA,1,3,-0.2807505035227307,UNPOLARIZED
2,cc-pvdz,0.4157303370786517, LDA,2,1,-0.24335695784628675,UNPOLARIZED
3,cc-pvdz,0.4157303370786517, LDA,3,1,0.5674113705754633,UNPOLARIZED
0,cc-pvdz,0.4157303370786517, LDA,1,1,-0.912482166132464,POLARIZED
1,cc-pvdz,0.4157303370786517, LDA,1,3,-0.3992205660614734,POLARIZED
2,cc-pvdz,0.4157303370786517, LDA,2,1,-0.31612264463238,POLARIZED
3,cc-pvdz,0.4157303370786517, LDA,3,1,0.5414506898852142,POLARIZED
0,cc-pvdz,0.4157303370786517, LDA,1,1,-0.9362736060891382,INVARIANT
1,cc-pvdz,0.4157303370786517, LDA,1,3,-0.551737092693942,INVARIANT
2,cc-pvdz,0.4157303370786517, LDA,2,1,-0.40508323366884935,INVARIANT
3,cc-pvdz,0.4157303370786517, LDA,3,1,0.5086679531335236,INVARIANT
0,cc-pvdz,0.4157303370786517, LDA,1,1,-0.9147652326439794,INVARIANT_MIX
1,cc-pvdz,0.4157303370786517, LDA,1,3,-0.4147814377884397,INVARIANT_MIX
2,cc-pvdz,0.4157303370786517, LDA,2,3,-0.4147814377884268,INVARIANT_MIX
3,cc-pvdz,0.4157303370786517, LDA,3,3,-0.4147814377884267,INVARIANT_MIX
4,cc-pvdz,0.4157303370786517, LDA,2,1,-0.32546044510945177,INVARIANT_MIX
5,cc-pvdz,0.4157303370786517, LDA,3,1,0.5380695245572215,INVARIANT_MIX
0,cc-pvdz,0.4696629213483146,FCI,1,1,-1.0487854288784109,
1,cc-pvdz,0.4696629213483146,FCI,2,1,-0.4318671359411963,
2,cc-pvdz,0.4696629213483146,FCI,3,1,-0.24893811339505834,
3,cc-pvdz,0.4696629213483146,FCI,1,3,-0.49911021974519776,
0,cc-pvdz,0.4696629213483146, LDA,1,1,-0.9715296953799945,UNPOLARIZED
1,cc-pvdz,0.4696629213483146, LDA,1,3,-0.3913162798780126,UNPOLARIZED
2,cc-pvdz,0.4696629213483146, LDA,2,1,-0.34801378343818556,UNPOLARIZED
3,cc-pvdz,0.4696629213483146, LDA,3,1,0.40918068490568,UNPOLARIZED
0,cc-pvdz,0.4696629213483146, LDA,1,1,-0.9899760964958484,POLARIZED
1,cc-pvdz,0.4696629213483146, LDA,1,3,-0.5089711064958066,POLARIZED
2,cc-pvdz,0.4696629213483146, LDA,2,1,-0.4160059735184875,POLARIZED
3,cc-pvdz,0.4696629213483146, LDA,3,1,0.3815265672062908,POLARIZED
0,cc-pvdz,0.4696629213483146, LDA,1,1,-1.0166238117594948,INVARIANT
1,cc-pvdz,0.4696629213483146, LDA,1,3,-0.660788457504121,INVARIANT
2,cc-pvdz,0.4696629213483146, LDA,2,1,-0.49858281120251396,INVARIANT
3,cc-pvdz,0.4696629213483146, LDA,3,1,0.3468744815535314,INVARIANT
0,cc-pvdz,0.4696629213483146, LDA,1,1,-0.9925239476939852,INVARIANT_MIX
1,cc-pvdz,0.4696629213483146, LDA,1,3,-0.5244419302015422,INVARIANT_MIX
2,cc-pvdz,0.4696629213483146, LDA,2,3,-0.5244419302015422,INVARIANT_MIX
3,cc-pvdz,0.4696629213483146, LDA,3,3,-0.5244419302015373,INVARIANT_MIX
4,cc-pvdz,0.4696629213483146, LDA,2,1,-0.4247054046713133,INVARIANT_MIX
5,cc-pvdz,0.4696629213483146, LDA,3,1,0.3779364495735031,INVARIANT_MIX
0,cc-pvdz,0.5235955056179775,FCI,1,1,-1.0984411017691869,
1,cc-pvdz,0.5235955056179775,FCI,2,1,-0.5053366492338218,
2,cc-pvdz,0.5235955056179775,FCI,3,1,-0.30343139564699695,
3,cc-pvdz,0.5235955056179775,FCI,1,3,-0.58141039443445,
0,cc-pvdz,0.5235955056179775, LDA,1,1,-1.0203624820964194,UNPOLARIZED
1,cc-pvdz,0.5235955056179775, LDA,1,3,-0.4742769761893164,UNPOLARIZED
2,cc-pvdz,0.5235955056179775, LDA,2,1,-0.4245405394442361,UNPOLARIZED
3,cc-pvdz,0.5235955056179775, LDA,3,1,0.28023475246497703,UNPOLARIZED
0,cc-pvdz,0.5235955056179775, LDA,1,1,-1.0408823103384282,POLARIZED
1,cc-pvdz,0.5235955056179775, LDA,1,3,-0.5911990016513057,POLARIZED
2,cc-pvdz,0.5235955056179775, LDA,2,1,-0.48761465126196635,POLARIZED
3,cc-pvdz,0.5235955056179775, LDA,3,1,0.250944761847974,POLARIZED
0,cc-pvdz,0.5235955056179775, LDA,1,1,-1.0707454860252459,INVARIANT
1,cc-pvdz,0.5235955056179775, LDA,1,3,-0.7424303115770429,INVARIANT
2,cc-pvdz,0.5235955056179775, LDA,2,1,-0.5636364620143713,INVARIANT
3,cc-pvdz,0.5235955056179775, LDA,3,1,0.21460938483246975,INVARIANT
0,cc-pvdz,0.5235955056179775, LDA,1,1,-1.0437278210170122,INVARIANT_MIX
1,cc-pvdz,0.5235955056179775, LDA,1,3,-0.606590905594436,INVARIANT_MIX
2,cc-pvdz,0.5235955056179775, LDA,2,3,-0.606590905594436,INVARIANT_MIX
3,cc-pvdz,0.5235955056179775, LDA,3,3,-0.6065909055944291,INVARIANT_MIX
4,cc-pvdz,0.5235955056179775, LDA,2,1,-0.4956570252083833,INVARIANT_MIX
5,cc-pvdz,0.5235955056179775, LDA,3,1,0.24715840701551206,INVARIANT_MIX
0,cc-pvdz,0.5775280898876405,FCI,1,1,-1.1299736101740625,
1,cc-pvdz,0.5775280898876405,FCI,2,1,-0.5592103118865338,
2,cc-pvdz,0.5775280898876405,FCI,3,1,-0.33852930839058637,
3,cc-pvdz,0.5775280898876405,FCI,1,3,-0.644955714751377,
0,cc-pvdz,0.5775280898876405, LDA,1,1,-1.0510639695238546,UNPOLARIZED
1,cc-pvdz,0.5775280898876405, LDA,1,3,-0.538210232226603,UNPOLARIZED
2,cc-pvdz,0.5775280898876405, LDA,2,1,-0.48159952007886836,UNPOLARIZED
3,cc-pvdz,0.5775280898876405, LDA,3,1,0.17233369369610235,UNPOLARIZED
0,cc-pvdz,0.5775280898876405, LDA,1,1,-1.0738574429421195,POLARIZED
1,cc-pvdz,0.5775280898876405, LDA,1,3,-0.6544805158828216,POLARIZED
2,cc-pvdz,0.5775280898876405, LDA,2,1,-0.5396962688664381,POLARIZED
3,cc-pvdz,0.5775280898876405, LDA,3,1,0.14153057181387793,POLARIZED
0,cc-pvdz,0.5775280898876405, LDA,1,1,-1.1072614703739059,INVARIANT
1,cc-pvdz,0.5775280898876405, LDA,1,3,-0.8052257069499542,INVARIANT
2,cc-pvdz,0.5775280898876405, LDA,2,1,-0.6091229401484675,INVARIANT
3,cc-pvdz,0.5775280898876405, LDA,3,1,0.10379144239851443,INVARIANT
0,cc-pvdz,0.5775280898876405, LDA,1,1,-1.0770304484553326,INVARIANT_MIX
1,cc-pvdz,0.5775280898876405, LDA,1,3,-0.6698039137081532,INVARIANT_MIX
2,cc-pvdz,0.5775280898876405, LDA,2,3,-0.6698039137081482,INVARIANT_MIX
3,cc-pvdz,0.5775280898876405, LDA,3,3,-0.669803913708148,INVARIANT_MIX
4,cc-pvdz,0.5775280898876405, LDA,2,1,-0.547075158951326,INVARIANT_MIX
5,cc-pvdz,0.5775280898876405, LDA,3,1,0.13756987605372942,INVARIANT_MIX
0,cc-pvdz,0.6314606741573034,FCI,1,1,-1.1490019311459867,
1,cc-pvdz,0.6314606741573034,FCI,2,1,-0.5991630544971175,
2,cc-pvdz,0.6314606741573034,FCI,3,1,-0.36003557531703534,
3,cc-pvdz,0.6314606741573034,FCI,1,3,-0.6953172394103205,
0,cc-pvdz,0.6314606741573034, LDA,1,1,-1.0692388768547216,UNPOLARIZED
1,cc-pvdz,0.6314606741573034, LDA,1,3,-0.588675272147491,UNPOLARIZED
2,cc-pvdz,0.6314606741573034, LDA,2,1,-0.5248357107613345,UNPOLARIZED
3,cc-pvdz,0.6314606741573034, LDA,3,1,0.08010298093898653,UNPOLARIZED
0,cc-pvdz,0.6314606741573034, LDA,1,1,-1.0944849740265823,POLARIZED
1,cc-pvdz,0.6314606741573034, LDA,1,3,-0.7043684924920289,POLARIZED
2,cc-pvdz,0.6314606741573034, LDA,2,1,-0.5779711119165393,POLARIZED
3,cc-pvdz,0.6314606741573034, LDA,3,1,0.0479618701851271,POLARIZED
0,cc-pvdz,0.6314606741573034, LDA,1,1,-1.1317251908578077,INVARIANT
1,cc-pvdz,0.6314606741573034, LDA,1,3,-0.8547079926438113,INVARIANT
2,cc-pvdz,0.6314606741573034, LDA,2,1,-0.6408706102214178,INVARIANT
3,cc-pvdz,0.6314606741573034, LDA,3,1,0.009166666783554928,INVARIANT
0,cc-pvdz,0.6314606741573034, LDA,1,1,-1.0980124553798742,INVARIANT_MIX
1,cc-pvdz,0.6314606741573034, LDA,1,3,-0.7196324428699774,INVARIANT_MIX
2,cc-pvdz,0.6314606741573034, LDA,2,3,-0.7196324428699774,INVARIANT_MIX
3,cc-pvdz,0.6314606741573034, LDA,3,3,-0.7196324428699769,INVARIANT_MIX
4,cc-pvdz,0.6314606741573034, LDA,2,1,-0.5846905925160281,INVARIANT_MIX
5,cc-pvdz,0.6314606741573034, LDA,3,1,0.04385583744764555,INVARIANT_MIX
0,cc-pvdz,0.6853932584269663,FCI,1,1,-1.1592745306213121,
1,cc-pvdz,0.6853932584269663,FCI,2,1,-0.6290319683103522,
2,cc-pvdz,0.6853932584269663,FCI,3,1,-0.37193759445546015,
3,cc-pvdz,0.6853932584269663,FCI,1,3,-0.7362027557369464,
0,cc-pvdz,0.6853932584269663, LDA,1,1,-1.0786231004830937,UNPOLARIZED
1,cc-pvdz,0.6853932584269663, LDA,1,3,-0.6293841007063482,UNPOLARIZED
2,cc-pvdz,0.6853932584269663, LDA,2,1,-0.558044619388205,UNPOLARIZED
3,cc-pvdz,0.6853932584269663, LDA,3,1,-7.341073450921364e-05,UNPOLARIZED
0,cc-pvdz,0.6853932584269663, LDA,1,1,-1.1064763443704704,POLARIZED
1,cc-pvdz,0.6853932584269663, LDA,1,3,-0.7445676169386121,POLARIZED
2,cc-pvdz,0.6853932584269663, LDA,2,1,-0.6063087228400822,POLARIZED
3,cc-pvdz,0.6853932584269663, LDA,3,1,-0.03333384669794422,POLARIZED
0,cc-pvdz,0.6853932584269663, LDA,1,1,-1.147813893754229,INVARIANT
1,cc-pvdz,0.6853932584269663, LDA,1,3,-0.8945635301588569,INVARIANT
2,cc-pvdz,0.6853932584269663, LDA,2,1,-0.6628462903771533,INVARIANT
3,cc-pvdz,0.6853932584269663, LDA,3,1,-0.07278904484628519,INVARIANT
0,cc-pvdz,0.6853932584269663, LDA,1,1,-1.110382028913985,INVARIANT_MIX
1,cc-pvdz,0.6853932584269663, LDA,1,3,-0.7597798001850586,INVARIANT_MIX
2,cc-pvdz,0.6853932584269663, LDA,2,3,-0.7597798001850586,INVARIANT_MIX
3,cc-pvdz,0.6853932584269663, LDA,3,3,-0.7597798001850546,INVARIANT_MIX
4,cc-pvdz,0.6853932584269663, LDA,2,1,-0.6123827770731316,INVARIANT_MIX
5,cc-pvdz,0.6853932584269663, LDA,3,1,-0.03755066471438559,INVARIANT_MIX
0,cc-pvdz,0.7393258426966292,FCI,1,1,-1.1633544548217518,
1,cc-pvdz,0.7393258426966292,FCI,2,1,-0.6514839334893393,
2,cc-pvdz,0.7393258426966292,FCI,3,1,-0.3770563335044915,
3,cc-pvdz,0.7393258426966292,FCI,1,3,-0.7701177024480844,
0,cc-pvdz,0.7393258426966292, LDA,1,1,-1.0817732469216952,UNPOLARIZED
1,cc-pvdz,0.7393258426966292, LDA,1,3,-0.6628635434172762,UNPOLARIZED
2,cc-pvdz,0.7393258426966292, LDA,2,1,-0.5838417997520129,UNPOLARIZED
3,cc-pvdz,0.7393258426966292, LDA,3,1,-0.07066160719838006,UNPOLARIZED
0,cc-pvdz,0.7393258426966292, LDA,1,1,-1.1123555321487735,POLARIZED
1,cc-pvdz,0.7393258426966292, LDA,1,3,-0.7775962835372062,POLARIZED
2,cc-pvdz,0.7393258426966292, LDA,2,1,-0.627402519048329,POLARIZED
3,cc-pvdz,0.7393258426966292, LDA,3,1,-0.10478432716354834,POLARIZED
0,cc-pvdz,0.7393258426966292, LDA,1,1,-1.1580041860045676,INVARIANT
1,cc-pvdz,0.7393258426966292, LDA,1,3,-0.9272939021031117,INVARIANT
2,cc-pvdz,0.7393258426966292, LDA,2,1,-0.6778410429892624,INVARIANT
3,cc-pvdz,0.7393258426966292, LDA,3,1,-0.14446802733031264,INVARIANT
0,cc-pvdz,0.7393258426966292, LDA,1,1,-1.1166587228406775,INVARIANT_MIX
1,cc-pvdz,0.7393258426966292, LDA,1,3,-0.7927629878258609,INVARIANT_MIX
2,cc-pvdz,0.7393258426966292, LDA,2,3,-0.7927629878258609,INVARIANT_MIX
3,cc-pvdz,0.7393258426966292, LDA,3,3,-0.7927629878258602,INVARIANT_MIX
4,cc-pvdz,0.7393258426966292, LDA,2,1,-0.6328553280340733,INVARIANT_MIX
5,cc-pvdz,0.7393258426966292, LDA,3,1,-0.1090727972819418,INVARIANT_MIX
0,cc-pvdz,0.7932584269662921,FCI,1,1,-1.1630325486049298,
1,cc-pvdz,0.7932584269662921,FCI,2,1,-0.6684160695690008,
2,cc-pvdz,0.7932584269662921,FCI,3,1,-0.37743412694638556,
3,cc-pvdz,0.7932584269662921,FCI,1,3,-0.7987655832752593,
0,cc-pvdz,0.7932584269662921, LDA,1,1,-1.0804815456360861,UNPOLARIZED
1,cc-pvdz,0.7932584269662921, LDA,1,3,-0.6908583972352345,UNPOLARIZED
2,cc-pvdz,0.7932584269662921, LDA,2,1,-0.6040726021713595,UNPOLARIZED
3,cc-pvdz,0.7932584269662921, LDA,3,1,-0.13336293714476347,UNPOLARIZED
0,cc-pvdz,0.7932584269662921, LDA,1,1,-1.1138749699198291,POLARIZED
1,cc-pvdz,0.7932584269662921, LDA,1,3,-0.8051877003512391,POLARIZED
2,cc-pvdz,0.7932584269662921, LDA,2,1,-0.643172938809258,POLARIZED
3,cc-pvdz,0.7932584269662921, LDA,3,1,-0.16805940848653103,POLARIZED
0,cc-pvdz,0.7932584269662921, LDA,1,1,-1.1639862245853763,INVARIANT
1,cc-pvdz,0.7932584269662921, LDA,1,3,-0.9546139353318263,INVARIANT
2,cc-pvdz,0.7932584269662921, LDA,2,1,-0.6878682578302694,INVARIANT
3,cc-pvdz,0.7932584269662921, LDA,3,1,-0.20751930646296934,INVARIANT
0,cc-pvdz,0.7932584269662921, LDA,1,1,-1.118589348819689,INVARIANT_MIX
1,cc-pvdz,0.7932584269662921, LDA,1,3,-0.8203135257018134,INVARIANT_MIX
2,cc-pvdz,0.7932584269662921, LDA,2,3,-0.8203135257018125,INVARIANT_MIX
3,cc-pvdz,0.7932584269662921, LDA,3,3,-0.8203135257018124,INVARIANT_MIX
4,cc-pvdz,0.7932584269662921, LDA,2,1,-0.648038447998696,INVARIANT_MIX
5,cc-pvdz,0.7932584269662921, LDA,3,1,-0.17237699417571375,INVARIANT_MIX
0,cc-pvdz,0.8471910112359551,FCI,1,1,-1.1595866368014207,
1,cc-pvdz,0.8471910112359551,FCI,2,1,-0.6812047513069344,
2,cc-pvdz,0.8471910112359551,FCI,3,1,-0.37459368582106867,
3,cc-pvdz,0.8471910112359551,FCI,1,3,-0.8233123763207622,
0,cc-pvdz,0.8471910112359551, LDA,1,1,-1.076032490362748,UNPOLARIZED
1,cc-pvdz,0.8471910112359551, LDA,1,3,-0.7145928941734414,UNPOLARIZED
2,cc-pvdz,0.8471910112359551, LDA,2,1,-0.6200687574376594,UNPOLARIZED
3,cc-pvdz,0.8471910112359551, LDA,3,1,-0.18938645615593025,UNPOLARIZED
0,cc-pvdz,0.8471910112359551, LDA,1,1,-1.1122788105108163,POLARIZED
1,cc-pvdz,0.8471910112359551, LDA,1,3,-0.8285512888862441,POLARIZED
2,cc-pvdz,0.8471910112359551, LDA,2,1,-0.6550113111856853,POLARIZED
3,cc-pvdz,0.8471910112359551, LDA,3,1,-0.2243490224891735,POLARIZED
0,cc-pvdz,0.8471910112359551, LDA,1,1,-1.1669356848545118,INVARIANT
1,cc-pvdz,0.8471910112359551, LDA,1,3,-0.9777123389538664,INVARIANT
2,cc-pvdz,0.8471910112359551, LDA,2,1,-0.6943912200030857,INVARIANT
3,cc-pvdz,0.8471910112359551, LDA,3,1,-0.2631332503313903,INVARIANT
0,cc-pvdz,0.8471910112359551, LDA,1,1,-1.1174121146682774,INVARIANT_MIX
1,cc-pvdz,0.8471910112359551, LDA,1,3,-0.843638808395193,INVARIANT_MIX
2,cc-pvdz,0.8471910112359551, LDA,2,3,-0.8436388083951915,INVARIANT_MIX
3,cc-pvdz,0.8471910112359551, LDA,3,3,-0.8436388083951915,INVARIANT_MIX
4,cc-pvdz,0.8471910112359551, LDA,2,1,-0.659331134474198,INVARIANT_MIX
5,cc-pvdz,0.8471910112359551, LDA,3,1,-0.22865166970583825,INVARIANT_MIX
0,cc-pvdz,0.901123595505618,FCI,1,1,-1.1539467997522128,
1,cc-pvdz,0.901123595505618,FCI,2,1,-0.6908636710678276,
2,cc-pvdz,0.901123595505618,FCI,3,1,-0.3697662185605841,
3,cc-pvdz,0.901123595505618,FCI,1,3,-0.8445688854567902,
0,cc-pvdz,0.901123595505618, LDA,1,1,-1.0693637766174677,UNPOLARIZED
1,cc-pvdz,0.901123595505618, LDA,1,3,-0.7349433743693896,UNPOLARIZED
2,cc-pvdz,0.901123595505618, LDA,2,1,-0.6328085077251472,UNPOLARIZED
3,cc-pvdz,0.901123595505618, LDA,3,1,-0.23963463368742047,UNPOLARIZED
0,cc-pvdz,0.901123595505618, LDA,1,1,-1.1084706046139035,POLARIZED
1,cc-pvdz,0.901123595505618, LDA,1,3,-0.8485478421887911,POLARIZED
2,cc-pvdz,0.901123595505618, LDA,2,1,-0.6639316869393649,POLARIZED
3,cc-pvdz,0.901123595505618, LDA,3,1,-0.2745518703859793,POLARIZED
0,cc-pvdz,0.901123595505618, LDA,1,1,-1.1676923960924102,INVARIANT
1,cc-pvdz,0.901123595505618, LDA,1,3,-0.9974297325800087,INVARIANT
2,cc-pvdz,0.901123595505618, LDA,2,1,-0.6984634594937231,INVARIANT
3,cc-pvdz,0.901123595505618, LDA,3,1,-0.31223254457601957,INVARIANT
0,cc-pvdz,0.901123595505618, LDA,1,1,-1.114025251203265,INVARIANT_MIX
1,cc-pvdz,0.901123595505618, LDA,1,3,-0.8635975687007993,INVARIANT_MIX
2,cc-pvdz,0.901123595505618, LDA,2,3,-0.8635975687007992,INVARIANT_MIX
3,cc-pvdz,0.901123595505618, LDA,3,3,-0.8635975687007982,INVARIANT_MIX
4,cc-pvdz,0.901123595505618, LDA,2,1,-0.6677519030969407,INVARIANT_MIX
5,cc-pvdz,0.901123595505618, LDA,3,1,-0.27879625119977103,INVARIANT_MIX
0,cc-pvdz,0.955056179775281,FCI,1,1,-1.1468015393583333,
1,cc-pvdz,0.955056179775281,FCI,2,1,-0.6981462525790167,
2,cc-pvdz,0.955056179775281,FCI,3,1,-0.36440806504232137,
3,cc-pvdz,0.955056179775281,FCI,1,3,-0.8631143646139585,
0,cc-pvdz,0.955056179775281, LDA,1,1,-1.061170731720292,UNPOLARIZED
1,cc-pvdz,0.955056179775281, LDA,1,3,-0.7525510002672373,UNPOLARIZED
2,cc-pvdz,0.955056179775281, LDA,2,1,-0.6430173134192622,UNPOLARIZED
3,cc-pvdz,0.955056179775281, LDA,3,1,-0.2848148915035757,UNPOLARIZED
0,cc-pvdz,0.955056179775281, LDA,1,1,-1.1031195450555693,POLARIZED
1,cc-pvdz,0.955056179775281, LDA,1,3,-0.8658049417997891,POLARIZED
2,cc-pvdz,0.955056179775281, LDA,2,1,-0.6706719802428059,POLARIZED
3,cc-pvdz,0.955056179775281, LDA,3,1,-0.31938642797912387,POLARIZED
0,cc-pvdz,0.955056179775281, LDA,1,1,-1.166872948508886,INVARIANT
1,cc-pvdz,0.955056179775281, LDA,1,3,-1.014377301795861,INVARIANT
2,cc-pvdz,0.955056179775281, LDA,2,1,-0.7008305919712869,INVARIANT
3,cc-pvdz,0.955056179775281, LDA,3,1,-0.3555787819426307,INVARIANT
0,cc-pvdz,0.955056179775281, LDA,1,1,-1.1090937641374556,INVARIANT_MIX
1,cc-pvdz,0.955056179775281, LDA,1,3,-0.8808156610144808,INVARIANT_MIX
2,cc-pvdz,0.955056179775281, LDA,2,3,-0.8808156610144801,INVARIANT_MIX
3,cc-pvdz,0.955056179775281, LDA,3,3,-0.8808156610144801,INVARIANT_MIX
4,cc-pvdz,0.955056179775281, LDA,2,1,-0.6740398977348135,INVARIANT_MIX
5,cc-pvdz,0.955056179775281, LDA,3,1,-0.32353188569744273,INVARIANT_MIX
0,cc-pvdz,1.0089887640449438,FCI,1,1,-1.1386668273623815,
1,cc-pvdz,1.0089887640449438,FCI,2,1,-0.7036140585457179,
2,cc-pvdz,1.0089887640449438,FCI,3,1,-0.36537765783440546,
3,cc-pvdz,1.0089887640449438,FCI,1,3,-0.8793771373506697,
0,cc-pvdz,1.0089887640449438, LDA,1,1,-1.051971806484751,UNPOLARIZED
1,cc-pvdz,1.0089887640449438, LDA,1,3,-0.7678948121582359,UNPOLARIZED
2,cc-pvdz,1.0089887640449438, LDA,2,1,-0.6512358761703153,UNPOLARIZED
3,cc-pvdz,1.0089887640449438, LDA,3,1,-0.32550454471248186,UNPOLARIZED
0,cc-pvdz,1.0089887640449438, LDA,1,1,-1.0967274446585351,POLARIZED
1,cc-pvdz,1.0089887640449438, LDA,1,3,-0.8807914674077489,POLARIZED
2,cc-pvdz,1.0089887640449438, LDA,2,1,-0.6757670683676418,POLARIZED
3,cc-pvdz,1.0089887640449438, LDA,3,1,-0.35945039235608683,POLARIZED
0,cc-pvdz,1.0089887640449438, LDA,1,1,-1.1649399143068309,INVARIANT
1,cc-pvdz,1.0089887640449438, LDA,1,3,-1.0290136833017784,INVARIANT
2,cc-pvdz,1.0089887640449438, LDA,2,1,-0.7020088368558638,INVARIANT
3,cc-pvdz,1.0089887640449438, LDA,3,1,-0.3938237407911969,INVARIANT
0,cc-pvdz,1.0089887640449438, LDA,1,1,-1.1031171956488788,INVARIANT_MIX
1,cc-pvdz,1.0089887640449438, LDA,1,3,-0.8957608194655873,INVARIANT_MIX
2,cc-pvdz,1.0089887640449438, LDA,2,3,-0.8957608194655873,INVARIANT_MIX
3,cc-pvdz,1.0089887640449438, LDA,3,3,-0.8957608194655872,INVARIANT_MIX
4,cc-pvdz,1.0089887640449438, LDA,2,1,-0.6787280357886252,INVARIANT_MIX
5,cc-pvdz,1.0089887640449438, LDA,3,1,-0.3634600087842549,INVARIANT_MIX
0,cc-pvdz,1.0629213483146067,FCI,1,1,-1.1299321204889101,
1,cc-pvdz,1.0629213483146067,FCI,2,1,-0.7076843915514491,
2,cc-pvdz,1.0629213483146067,FCI,3,1,-0.39295690889275003,
3,cc-pvdz,1.0629213483146067,FCI,1,3,-0.8936857391712488,
0,cc-pvdz,1.0629213483146067, LDA,1,1,-1.0421572054951824,UNPOLARIZED
1,cc-pvdz,1.0629213483146067, LDA,1,3,-0.7813399412135535,UNPOLARIZED
2,cc-pvdz,1.0629213483146067, LDA,2,1,-0.6578668660500452,UNPOLARIZED
3,cc-pvdz,1.0629213483146067, LDA,3,1,-0.36218487946991734,UNPOLARIZED
0,cc-pvdz,1.0629213483146067, LDA,1,1,-1.0896772016299598,POLARIZED
1,cc-pvdz,1.0629213483146067, LDA,1,3,-0.8938664565870191,POLARIZED
2,cc-pvdz,1.0629213483146067, LDA,2,1,-0.6795984873557398,POLARIZED
3,cc-pvdz,1.0629213483146067, LDA,3,1,-0.3952510388548122,POLARIZED
0,cc-pvdz,1.0629213483146067, LDA,1,1,-1.1622454133083848,INVARIANT
1,cc-pvdz,1.0629213483146067, LDA,1,3,-1.0416932421190115,INVARIANT
2,cc-pvdz,1.0629213483146067, LDA,2,1,-0.7023478360145783,INVARIANT
3,cc-pvdz,1.0629213483146067, LDA,3,1,-0.4275338854563997,INVARIANT
0,cc-pvdz,1.0629213483146067, LDA,1,1,-1.0964740585774724,INVARIANT_MIX
1,cc-pvdz,1.0629213483146067, LDA,1,3,-0.908791208606595,INVARIANT_MIX
2,cc-pvdz,1.0629213483146067, LDA,2,3,-0.908791208606595,INVARIANT_MIX
3,cc-pvdz,1.0629213483146067, LDA,3,3,-0.9087912086065937,INVARIANT_MIX
4,cc-pvdz,1.0629213483146067, LDA,2,1,-0.6821972250727995,INVARIANT_MIX
5,cc-pvdz,1.0629213483146067, LDA,3,1,-0.39909324088613307,INVARIANT_MIX
0,cc-pvdz,1.1168539325842697,FCI,1,1,-1.1208921377349674,
1,cc-pvdz,1.1168539325842697,FCI,2,1,-0.7106650057146626,
2,cc-pvdz,1.1168539325842697,FCI,3,1,-0.42609970930334956,
3,cc-pvdz,1.1168539325842697,FCI,1,3,-0.90630105028491,
0,cc-pvdz,1.1168539325842697, LDA,1,1,-1.0320198411452308,UNPOLARIZED
1,cc-pvdz,1.1168539325842697, LDA,1,3,-0.7931700387428111,UNPOLARIZED
2,cc-pvdz,1.1168539325842697, LDA,2,1,-0.6632102578349,UNPOLARIZED
3,cc-pvdz,1.1168539325842697, LDA,3,1,-0.3952649275068076,UNPOLARIZED
0,cc-pvdz,1.1168539325842697, LDA,1,1,-1.0822571825424536,POLARIZED
1,cc-pvdz,1.1168539325842697, LDA,1,3,-0.9053106625994798,POLARIZED
2,cc-pvdz,1.1168539325842697, LDA,2,1,-0.6824404956371899,POLARIZED
3,cc-pvdz,1.1168539325842697, LDA,3,1,-0.4272259270958748,POLARIZED
0,cc-pvdz,1.1168539325842697, LDA,1,1,-1.15905974638867,INVARIANT
1,cc-pvdz,1.1168539325842697, LDA,1,3,-1.0526971718183589,INVARIANT
2,cc-pvdz,1.1168539325842697, LDA,2,1,-0.7020780075672396,INVARIANT
3,cc-pvdz,1.1168539325842697, LDA,3,1,-0.4572040738687607,INVARIANT
0,cc-pvdz,1.1168539325842697, LDA,1,1,-1.0894541827930557,INVARIANT_MIX
1,cc-pvdz,1.1168539325842697, LDA,1,3,-0.9201875924000071,INVARIANT_MIX
2,cc-pvdz,1.1168539325842697, LDA,2,3,-0.9201875924000069,INVARIANT_MIX
3,cc-pvdz,1.1168539325842697, LDA,3,3,-0.9201875924000068,INVARIANT_MIX
4,cc-pvdz,1.1168539325842697, LDA,2,1,-0.6847152906375813,INVARIANT_MIX
5,cc-pvdz,1.1168539325842697, LDA,3,1,-0.43087319303545235,INVARIANT_MIX
0,cc-pvdz,1.1707865168539326,FCI,1,1,-1.111769702689575,
1,cc-pvdz,1.1707865168539326,FCI,2,1,-0.7127805906420499,
2,cc-pvdz,1.1707865168539326,FCI,3,1,-0.45683552946126466,
3,cc-pvdz,1.1707865168539326,FCI,1,3,-0.9174365473062989,
0,cc-pvdz,1.1707865168539326, LDA,1,1,-1.0217800010128375,UNPOLARIZED
1,cc-pvdz,1.1707865168539326, LDA,1,3,-0.8036101799131661,UNPOLARIZED
2,cc-pvdz,1.1707865168539326, LDA,2,1,-0.6674897540909043,UNPOLARIZED
3,cc-pvdz,1.1707865168539326, LDA,3,1,-0.425094563316348,UNPOLARIZED
0,cc-pvdz,1.1707865168539326, LDA,1,1,-1.074689080528338,POLARIZED
1,cc-pvdz,1.1707865168539326, LDA,1,3,-0.9153488953877951,POLARIZED
2,cc-pvdz,1.1707865168539326, LDA,2,1,-0.6844850241736592,POLARIZED
3,cc-pvdz,1.1707865168539326, LDA,3,1,-0.45575359677397487,POLARIZED
0,cc-pvdz,1.1707865168539326, LDA,1,1,-1.1555912676060116,INVARIANT
1,cc-pvdz,1.1707865168539326, LDA,1,3,-1.0622538977136176,INVARIANT
2,cc-pvdz,1.1707865168539326, LDA,2,1,-0.7013463061393886,INVARIANT
3,cc-pvdz,1.1707865168539326, LDA,3,1,-0.48326739476797675,INVARIANT
0,cc-pvdz,1.1707865168539326, LDA,1,1,-1.0822775833611704,INVARIANT_MIX
1,cc-pvdz,1.1707865168539326, LDA,1,3,-0.9301748647977456,INVARIANT_MIX
2,cc-pvdz,1.1707865168539326, LDA,2,3,-0.9301748647977455,INVARIANT_MIX
3,cc-pvdz,1.1707865168539326, LDA,3,3,-0.930174864797745,INVARIANT_MIX
4,cc-pvdz,1.1707865168539326, LDA,2,1,-0.6864706488928853,INVARIANT_MIX
5,cc-pvdz,1.1707865168539326, LDA,3,1,-0.459183510130272,INVARIANT_MIX
0,cc-pvdz,1.2247191011235954,FCI,1,1,-1.1027327478052136,
1,cc-pvdz,1.2247191011235954,FCI,2,1,-0.7141937132702256,
2,cc-pvdz,1.2247191011235954,FCI,3,1,-0.48465855861717716,
3,cc-pvdz,1.2247191011235954,FCI,1,3,-0.9272712093957305,
0,cc-pvdz,1.2247191011235954, LDA,1,1,-1.0116030917742465,UNPOLARIZED
1,cc-pvdz,1.2247191011235954, LDA,1,3,-0.8128418886367023,UNPOLARIZED
2,cc-pvdz,1.2247191011235954, LDA,2,1,-0.6708729701275374,UNPOLARIZED
3,cc-pvdz,1.2247191011235954, LDA,3,1,-0.4519775635342613,UNPOLARIZED
0,cc-pvdz,1.2247191011235954, LDA,1,1,-1.067141471488049,POLARIZED
1,cc-pvdz,1.2247191011235954, LDA,1,3,-0.9241643156948742,POLARIZED
2,cc-pvdz,1.2247191011235954, LDA,2,1,-0.6858678336003248,POLARIZED
3,cc-pvdz,1.2247191011235954, LDA,3,1,-0.4811645863128114,POLARIZED
0,cc-pvdz,1.2247191011235954, LDA,1,1,-1.1520004839367872,INVARIANT
1,cc-pvdz,1.2247191011235954, LDA,1,3,-1.0705526714846583,INVARIANT
2,cc-pvdz,1.2247191011235954, LDA,2,1,-0.7002429538133494,INVARIANT
3,cc-pvdz,1.2247191011235954, LDA,3,1,-0.5061033904741159,INVARIANT
0,cc-pvdz,1.2247191011235954, LDA,1,1,-1.0751126519288716,INVARIANT_MIX
1,cc-pvdz,1.2247191011235954, LDA,1,3,-0.9389367115133656,INVARIANT_MIX
2,cc-pvdz,1.2247191011235954, LDA,2,3,-0.9389367115133656,INVARIANT_MIX
3,cc-pvdz,1.2247191011235954, LDA,3,3,-0.938936711513365,INVARIANT_MIX
4,cc-pvdz,1.2247191011235954, LDA,2,1,-0.6875944363393484,INVARIANT_MIX
5,cc-pvdz,1.2247191011235954, LDA,3,1,-0.48435882873618624,INVARIANT_MIX
0,cc-pvdz,1.2786516853932584,FCI,1,1,-1.0939072576088182,
1,cc-pvdz,1.2786516853932584,FCI,2,1,-0.7150217335664542,
2,cc-pvdz,1.2786516853932584,FCI,3,1,-0.5096633828729182,
3,cc-pvdz,1.2786516853932584,FCI,1,3,-0.9359578981200662,
0,cc-pvdz,1.2786516853932584, LDA,1,1,-1.0016127051156671,UNPOLARIZED
1,cc-pvdz,1.2786516853932584, LDA,1,3,-0.821015155128113,UNPOLARIZED
2,cc-pvdz,1.2786516853932584, LDA,2,1,-0.673486476951076,UNPOLARIZED
3,cc-pvdz,1.2786516853932584, LDA,3,1,-0.4761781712299385,UNPOLARIZED
0,cc-pvdz,1.2786516853932584, LDA,1,1,-1.0597430304927304,POLARIZED
1,cc-pvdz,1.2786516853932584, LDA,1,3,-0.9319091719927058,POLARIZED
2,cc-pvdz,1.2786516853932584, LDA,2,1,-0.6866842372443904,POLARIZED
3,cc-pvdz,1.2786516853932584, LDA,3,1,-0.5037490133905865,POLARIZED
0,cc-pvdz,1.2786516853932584, LDA,1,1,-1.1484102530683595,INVARIANT
1,cc-pvdz,1.2786516853932584, LDA,1,3,-1.0777529449648402,INVARIANT
2,cc-pvdz,1.2786516853932584, LDA,2,1,-0.6988214023023454,INVARIANT
3,cc-pvdz,1.2786516853932584, LDA,3,1,-0.5260455478160113,INVARIANT
0,cc-pvdz,1.2786516853932584, LDA,1,1,-1.0680875022568606,INVARIANT_MIX
1,cc-pvdz,1.2786516853932584, LDA,1,3,-0.9466259856112216,INVARIANT_MIX
2,cc-pvdz,1.2786516853932584, LDA,2,3,-0.9466259856112215,INVARIANT_MIX
3,cc-pvdz,1.2786516853932584, LDA,3,3,-0.9466259856112215,INVARIANT_MIX
4,cc-pvdz,1.2786516853932584, LDA,2,1,-0.6881783021030989,INVARIANT_MIX
5,cc-pvdz,1.2786516853932584, LDA,3,1,-0.5066929614346146,INVARIANT_MIX
0,cc-pvdz,1.3325842696629213,FCI,1,1,-1.08538718574414,
1,cc-pvdz,1.3325842696629213,FCI,2,1,-0.7153505184962605,
2,cc-pvdz,1.3325842696629213,FCI,3,1,-0.5320335817169131,
3,cc-pvdz,1.3325842696629213,FCI,1,3,-0.9436289538127076,
0,cc-pvdz,1.3325842696629213, LDA,1,1,-0.9919013619765473,UNPOLARIZED
1,cc-pvdz,1.3325842696629213, LDA,1,3,-0.8282555724929885,UNPOLARIZED
2,cc-pvdz,1.3325842696629213, LDA,2,1,-0.6754286797657902,UNPOLARIZED
3,cc-pvdz,1.3325842696629213, LDA,3,1,-0.4979282150018784,UNPOLARIZED
0,cc-pvdz,1.3325842696629213, LDA,1,1,-1.052590222512318,POLARIZED
1,cc-pvdz,1.3325842696629213, LDA,1,3,-0.938712580838012,POLARIZED
2,cc-pvdz,1.3325842696629213, LDA,2,1,-0.6870038045248003,POLARIZED
3,cc-pvdz,1.3325842696629213, LDA,3,1,-0.5237614384882578,POLARIZED
0,cc-pvdz,1.3325842696629213, LDA,1,1,-1.1449130098052576,INVARIANT
1,cc-pvdz,1.3325842696629213, LDA,1,3,-1.0839908448614277,INVARIANT
2,cc-pvdz,1.3325842696629213, LDA,2,1,-0.6971131517209127,INVARIANT
3,cc-pvdz,1.3325842696629213, LDA,3,1,-0.5433882215551046,INVARIANT
0,cc-pvdz,1.3325842696629213, LDA,1,1,-1.0612993353327491,INVARIANT_MIX
1,cc-pvdz,1.3325842696629213, LDA,1,3,-0.9533717274383455,INVARIANT_MIX
2,cc-pvdz,1.3325842696629213, LDA,2,3,-0.9533717274383451,INVARIANT_MIX
3,cc-pvdz,1.3325842696629213, LDA,3,3,-0.9533717274383451,INVARIANT_MIX
4,cc-pvdz,1.3325842696629213, LDA,2,1,-0.6882873869741161,INVARIANT_MIX
5,cc-pvdz,1.3325842696629213, LDA,3,1,-0.5264458785535595,INVARIANT_MIX
0,cc-pvdz,1.3865168539325843,FCI,1,1,-1.0772419873066583,
1,cc-pvdz,1.3865168539325843,FCI,2,1,-0.7152453533363226,
2,cc-pvdz,1.3865168539325843,FCI,3,1,-0.5519641327440095,
3,cc-pvdz,1.3865168539325843,FCI,1,3,-0.9504000780642423,
0,cc-pvdz,1.3865168539325843, LDA,1,1,-0.9825384740763806,UNPOLARIZED
1,cc-pvdz,1.3865168539325843, LDA,1,3,-0.8346703257883339,UNPOLARIZED
2,cc-pvdz,1.3865168539325843, LDA,2,1,-0.6767776440489898,UNPOLARIZED
3,cc-pvdz,1.3865168539325843, LDA,3,1,-0.5174324658871965,UNPOLARIZED
0,cc-pvdz,1.3865168539325843, LDA,1,1,-1.045755243747867,POLARIZED
1,cc-pvdz,1.3865168539325843, LDA,1,3,-0.944684946907185,POLARIZED
2,cc-pvdz,1.3865168539325843, LDA,2,1,-0.6868791812640127,POLARIZED
3,cc-pvdz,1.3865168539325843, LDA,3,1,-0.5414289735152812,POLARIZED
0,cc-pvdz,1.3865168539325843, LDA,1,1,-1.1415760624921039,INVARIANT
1,cc-pvdz,1.3865168539325843, LDA,1,3,-1.0893839147668536,INVARIANT
2,cc-pvdz,1.3865168539325843, LDA,2,1,-0.695138577700232,INVARIANT
3,cc-pvdz,1.3865168539325843, LDA,3,1,-0.5583931152715639,INVARIANT
0,cc-pvdz,1.3865168539325843, LDA,1,1,-1.054819054595157,INVARIANT_MIX
1,cc-pvdz,1.3865168539325843, LDA,1,3,-0.9592855658296927,INVARIANT_MIX
2,cc-pvdz,1.3865168539325843, LDA,2,3,-0.9592855658296924,INVARIANT_MIX
3,cc-pvdz,1.3865168539325843, LDA,3,3,-0.9592855658296923,INVARIANT_MIX
4,cc-pvdz,1.3865168539325843, LDA,2,1,-0.687971410903345,INVARIANT_MIX
5,cc-pvdz,1.3865168539325843, LDA,3,1,-0.5438467990960892,INVARIANT_MIX
0,cc-pvdz,1.4404494382022472,FCI,1,1,-1.069522210619222,
1,cc-pvdz,1.4404494382022472,FCI,2,1,-0.714759192720213,
2,cc-pvdz,1.4404494382022472,FCI,3,1,-0.5696444814299553,
3,cc-pvdz,1.4404494382022472,FCI,1,3,-0.9563731473525123,
0,cc-pvdz,1.4404494382022472, LDA,1,1,-0.9735761272414468,UNPOLARIZED
1,cc-pvdz,1.4404494382022472, LDA,1,3,-0.8403519161955059,UNPOLARIZED
2,cc-pvdz,1.4404494382022472, LDA,2,1,-0.6775985880083797,UNPOLARIZED
3,cc-pvdz,1.4404494382022472, LDA,3,1,-0.5348732476638687,UNPOLARIZED
0,cc-pvdz,1.4404494382022472, LDA,1,1,-1.0392899373557734,POLARIZED
1,cc-pvdz,1.4404494382022472, LDA,1,3,-0.9499220927089993,POLARIZED
2,cc-pvdz,1.4404494382022472, LDA,2,1,-0.686353992827431,POLARIZED
3,cc-pvdz,1.4404494382022472, LDA,3,1,-0.5569555003077616,POLARIZED
0,cc-pvdz,1.4404494382022472, LDA,1,1,-1.1384455159132634,INVARIANT
1,cc-pvdz,1.4404494382022472, LDA,1,3,-1.094034561244567,INVARIANT
2,cc-pvdz,1.4404494382022472, LDA,2,1,-0.6929145010341147,INVARIANT
3,cc-pvdz,1.4404494382022472, LDA,3,1,-0.571295115815024,INVARIANT
0,cc-pvdz,1.4404494382022472, LDA,1,1,-1.0486981469124208,INVARIANT_MIX
1,cc-pvdz,1.4404494382022472, LDA,1,3,-0.9644636676747597,INVARIANT_MIX
2,cc-pvdz,1.4404494382022472, LDA,2,3,-0.9644636676747596,INVARIANT_MIX
3,cc-pvdz,1.4404494382022472, LDA,3,3,-0.9644636676747593,INVARIANT_MIX
4,cc-pvdz,1.4404494382022472, LDA,2,1,-0.687271045841085,INVARIANT_MIX
5,cc-pvdz,1.4404494382022472, LDA,3,1,-0.5591034357110518,INVARIANT_MIX
0,cc-pvdz,1.4943820224719102,FCI,1,1,-1.0622635034726102,
1,cc-pvdz,1.4943820224719102,FCI,2,1,-0.7139383009830755,
2,cc-pvdz,1.4943820224719102,FCI,3,1,-0.5852547982977745,
3,cc-pvdz,1.4943820224719102,FCI,1,3,-0.961638336564008,
0,cc-pvdz,1.4943820224719102, LDA,1,1,-0.965053077064272,UNPOLARIZED
1,cc-pvdz,1.4943820224719102, LDA,1,3,-0.8453811144099065,UNPOLARIZED
2,cc-pvdz,1.4943820224719102, LDA,2,1,-0.6779484411372454,UNPOLARIZED
3,cc-pvdz,1.4943820224719102, LDA,3,1,-0.5504147011221856,UNPOLARIZED
0,cc-pvdz,1.4943820224719102, LDA,1,1,-1.033229492296066,POLARIZED
1,cc-pvdz,1.4943820224719102, LDA,1,3,-0.9545079865560244,POLARIZED
2,cc-pvdz,1.4943820224719102, LDA,2,1,-0.6854674675692243,POLARIZED
3,cc-pvdz,1.4943820224719102, LDA,3,1,-0.5705265402349536,POLARIZED
0,cc-pvdz,1.4943820224719102, LDA,1,1,-1.1355495479202027,INVARIANT
1,cc-pvdz,1.4943820224719102, LDA,1,3,-1.0980327301000856,INVARIANT
2,cc-pvdz,1.4943820224719102, LDA,2,1,-0.6904589758027078,INVARIANT
3,cc-pvdz,1.4943820224719102, LDA,3,1,-0.5823073073138015,INVARIANT
0,cc-pvdz,1.4943820224719102, LDA,1,1,-1.0429707857937631,INVARIANT_MIX
1,cc-pvdz,1.4943820224719102, LDA,1,3,-0.9689905096971302,INVARIANT_MIX
2,cc-pvdz,1.4943820224719102, LDA,2,3,-0.9689905096971297,INVARIANT_MIX
3,cc-pvdz,1.4943820224719102, LDA,3,3,-0.9689905096971295,INVARIANT_MIX
4,cc-pvdz,1.4943820224719102, LDA,2,1,-0.6862232708989242,INVARIANT_MIX
5,cc-pvdz,1.4943820224719102, LDA,3,1,-0.5724045617223806,INVARIANT_MIX
0,cc-pvdz,1.548314606741573,FCI,1,1,-1.0554893613847067,
1,cc-pvdz,1.548314606741573,FCI,2,1,-0.7128254218324932,
2,cc-pvdz,1.548314606741573,FCI,3,1,-0.5989655479468549,
3,cc-pvdz,1.548314606741573,FCI,1,3,-0.9662757703158149,
0,cc-pvdz,1.548314606741573, LDA,1,1,-0.956997593652301,UNPOLARIZED
1,cc-pvdz,1.548314606741573, LDA,1,3,-0.8498291767779922,UNPOLARIZED
2,cc-pvdz,1.548314606741573, LDA,2,1,-0.677878508576438,UNPOLARIZED
3,cc-pvdz,1.548314606741573, LDA,3,1,-0.5642061319076992,UNPOLARIZED
0,cc-pvdz,1.548314606741573, LDA,1,1,-1.0275951097023885,POLARIZED
1,cc-pvdz,1.548314606741573, LDA,1,3,-0.9585167749420607,POLARIZED
2,cc-pvdz,1.548314606741573, LDA,2,1,-0.6842571822443081,POLARIZED
3,cc-pvdz,1.548314606741573, LDA,3,1,-0.5823130348169909,POLARIZED
0,cc-pvdz,1.548314606741573, LDA,1,1,-1.1329005196845958,INVARIANT
1,cc-pvdz,1.548314606741573, LDA,1,3,-1.1014577221412996,INVARIANT
2,cc-pvdz,1.548314606741573, LDA,2,1,-0.6877945653223966,INVARIANT
3,cc-pvdz,1.548314606741573, LDA,3,1,-0.5916252749501996,INVARIANT
0,cc-pvdz,1.548314606741573, LDA,1,1,-1.0376568726531792,INVARIANT_MIX
1,cc-pvdz,1.548314606741573, LDA,1,3,-0.9729407058186716,INVARIANT_MIX
2,cc-pvdz,1.548314606741573, LDA,2,3,-0.9729407058186711,INVARIANT_MIX
3,cc-pvdz,1.548314606741573, LDA,3,3,-0.972940705818671,INVARIANT_MIX
4,cc-pvdz,1.548314606741573, LDA,2,1,-0.6848639102268386,INVARIANT_MIX
5,cc-pvdz,1.548314606741573, LDA,3,1,-0.5839242170669036,INVARIANT_MIX
0,cc-pvdz,1.602247191011236,FCI,1,1,-1.049212948871085,
1,cc-pvdz,1.602247191011236,FCI,2,1,-0.7114608569226275,
2,cc-pvdz,1.602247191011236,FCI,3,1,-0.6109377061522459,
3,cc-pvdz,1.602247191011236,FCI,1,3,-0.9703568300929659,
0,cc-pvdz,1.602247191011236, LDA,1,1,-0.949429326728634,UNPOLARIZED
1,cc-pvdz,1.602247191011236, LDA,1,3,-0.8537592246645043,UNPOLARIZED
2,cc-pvdz,1.602247191011236, LDA,2,1,-0.6774364279596335,UNPOLARIZED
3,cc-pvdz,1.602247191011236, LDA,3,1,-0.5763846669009423,UNPOLARIZED
0,cc-pvdz,1.602247191011236, LDA,1,1,-1.022396169566574,POLARIZED
1,cc-pvdz,1.602247191011236, LDA,1,3,-0.9620142767219866,POLARIZED
2,cc-pvdz,1.602247191011236, LDA,2,1,-0.6827600713678014,POLARIZED
3,cc-pvdz,1.602247191011236, LDA,3,1,-0.5924741060784852,POLARIZED
0,cc-pvdz,1.602247191011236, LDA,1,1,-1.1305020900725904,INVARIANT
1,cc-pvdz,1.602247191011236, LDA,1,3,-1.104380547730736,INVARIANT
2,cc-pvdz,1.602247191011236, LDA,2,1,-0.6849439311717544,INVARIANT
3,cc-pvdz,1.602247191011236, LDA,3,1,-0.5994276221650529,INVARIANT
0,cc-pvdz,1.602247191011236, LDA,1,1,-1.0327643086156253,INVARIANT_MIX
1,cc-pvdz,1.602247191011236, LDA,1,3,-0.9763804950708961,INVARIANT_MIX
2,cc-pvdz,1.602247191011236, LDA,2,3,-0.976380495070896,INVARIANT_MIX
3,cc-pvdz,1.602247191011236, LDA,3,3,-0.9763804950708959,INVARIANT_MIX
4,cc-pvdz,1.602247191011236, LDA,2,1,-0.6832285711034556,INVARIANT_MIX
5,cc-pvdz,1.602247191011236, LDA,3,1,-0.5938244331902738,INVARIANT_MIX
0,cc-pvdz,1.6561797752808989,FCI,1,1,-1.0434383281280941,
1,cc-pvdz,1.6561797752808989,FCI,2,1,-0.7098821011445324,
2,cc-pvdz,1.6561797752808989,FCI,3,1,-0.6213228973449134,
3,cc-pvdz,1.6561797752808989,FCI,1,3,-0.9739452004556064,
0,cc-pvdz,1.6561797752808989, LDA,1,1,-0.9423604766693714,UNPOLARIZED
1,cc-pvdz,1.6561797752808989, LDA,1,3,-0.8572274034189357,UNPOLARIZED
2,cc-pvdz,1.6561797752808989, LDA,2,1,-0.676666634020828,UNPOLARIZED
3,cc-pvdz,1.6561797752808989, LDA,3,1,-0.5870772190336854,UNPOLARIZED
0,cc-pvdz,1.6561797752808989, LDA,1,1,-1.0176322258524477,POLARIZED
1,cc-pvdz,1.6561797752808989, LDA,1,3,-0.9650591465453282,POLARIZED
2,cc-pvdz,1.6561797752808989, LDA,2,1,-0.6810121366580494,POLARIZED
3,cc-pvdz,1.6561797752808989, LDA,3,1,-0.6011587514403058,POLARIZED
0,cc-pvdz,1.6561797752808989, LDA,1,1,-1.1283456735072557,INVARIANT
1,cc-pvdz,1.6561797752808989, LDA,1,3,-1.1068637104248886,INVARIANT
2,cc-pvdz,1.6561797752808989, LDA,2,1,-0.6819359822795162,INVARIANT
3,cc-pvdz,1.6561797752808989, LDA,3,1,-0.6058807656114132,INVARIANT
0,cc-pvdz,1.6561797752808989, LDA,1,1,-1.028291136678835,INVARIANT_MIX
1,cc-pvdz,1.6561797752808989, LDA,1,3,-0.9793689063008237,INVARIANT_MIX
2,cc-pvdz,1.6561797752808989, LDA,2,3,-0.9793689063008237,INVARIANT_MIX
3,cc-pvdz,1.6561797752808989, LDA,3,3,-0.9793689063008237,INVARIANT_MIX
4,cc-pvdz,1.6561797752808989, LDA,2,1,-0.681352249700317,INVARIANT_MIX
5,cc-pvdz,1.6561797752808989, LDA,3,1,-0.6022568609815211,INVARIANT_MIX
0,cc-pvdz,1.7101123595505618,FCI,1,1,-1.0381614036999356,
1,cc-pvdz,1.7101123595505618,FCI,2,1,-0.7081228257162477,
2,cc-pvdz,1.7101123595505618,FCI,3,1,-0.6302633725030073,
3,cc-pvdz,1.7101123595505618,FCI,1,3,-0.9770977173675972,
0,cc-pvdz,1.7101123595505618, LDA,1,1,-0.9357965412695263,UNPOLARIZED
1,cc-pvdz,1.7101123595505618, LDA,1,3,-0.8602839021766575,UNPOLARIZED
2,cc-pvdz,1.7101123595505618, LDA,2,1,-0.6756099695795565,UNPOLARIZED
3,cc-pvdz,1.7101123595505618, LDA,3,1,-0.5964018615822755,UNPOLARIZED
0,cc-pvdz,1.7101123595505618, LDA,1,1,-1.0132949451978275,POLARIZED
1,cc-pvdz,1.7101123595505618, LDA,1,3,-0.9677038285970881,POLARIZED
2,cc-pvdz,1.7101123595505618, LDA,2,1,-0.6790474660643482,POLARIZED
3,cc-pvdz,1.7101123595505618, LDA,3,1,-0.608506652567492,POLARIZED
0,cc-pvdz,1.7101123595505618, LDA,1,1,-1.1264187212332917,INVARIANT
1,cc-pvdz,1.7101123595505618, LDA,1,3,-1.108963344613322,INVARIANT
2,cc-pvdz,1.7101123595505618, LDA,2,1,-0.678797873325226,INVARIANT
3,cc-pvdz,1.7101123595505618, LDA,3,1,-0.6111367483822536,INVARIANT
0,cc-pvdz,1.7101123595505618, LDA,1,1,-1.0242276503301586,INVARIANT_MIX
1,cc-pvdz,1.7101123595505618, LDA,1,3,-0.9819587169651021,INVARIANT_MIX
2,cc-pvdz,1.7101123595505618, LDA,2,3,-0.981958716965102,INVARIANT_MIX
3,cc-pvdz,1.7101123595505618, LDA,3,3,-0.9819587169651017,INVARIANT_MIX
4,cc-pvdz,1.7101123595505618, LDA,2,1,-0.6792682349417909,INVARIANT_MIX
5,cc-pvdz,1.7101123595505618, LDA,3,1,-0.6093634922966443,INVARIANT_MIX
0,cc-pvdz,1.7640449438202248,FCI,1,1,-1.033370822890919,
1,cc-pvdz,1.7640449438202248,FCI,2,1,-0.7062119221549115,
2,cc-pvdz,1.7640449438202248,FCI,3,1,-0.6378919527047682,
3,cc-pvdz,1.7640449438202248,FCI,1,3,-0.9798650710589432,
0,cc-pvdz,1.7640449438202248, LDA,1,1,-0.9297368976707191,UNPOLARIZED
1,cc-pvdz,1.7640449438202248, LDA,1,3,-0.862973772644603,UNPOLARIZED
2,cc-pvdz,1.7640449438202248, LDA,2,1,-0.6743032341193536,UNPOLARIZED
3,cc-pvdz,1.7640449438202248, LDA,3,1,-0.6044687528427986,UNPOLARIZED
0,cc-pvdz,1.7640449438202248, LDA,1,1,-1.0093699543839478,POLARIZED
1,cc-pvdz,1.7640449438202248, LDA,1,3,-0.9699953531791319,POLARIZED
2,cc-pvdz,1.7640449438202248, LDA,2,1,-0.6768971527214366,POLARIZED
3,cc-pvdz,1.7640449438202248, LDA,3,1,-0.6146483941518435,POLARIZED
0,cc-pvdz,1.7640449438202248, LDA,1,1,-1.1247058878783822,INVARIANT
1,cc-pvdz,1.7640449438202248, LDA,1,3,-1.1107296652038747,INVARIANT
2,cc-pvdz,1.7640449438202248, LDA,2,1,-0.675554790296987,INVARIANT
3,cc-pvdz,1.7640449438202248, LDA,3,1,-0.6153342024423104,INVARIANT
0,cc-pvdz,1.7640449438202248, LDA,1,1,-1.0205583901901618,INVARIANT_MIX
1,cc-pvdz,1.7640449438202248, LDA,1,3,-0.9841972502778518,INVARIANT_MIX
2,cc-pvdz,1.7640449438202248, LDA,2,3,-0.9841972502778513,INVARIANT_MIX
3,cc-pvdz,1.7640449438202248, LDA,3,3,-0.9841972502778513,INVARIANT_MIX
4,cc-pvdz,1.7640449438202248, LDA,2,1,-0.6770069367077128,INVARIANT_MIX
5,cc-pvdz,1.7640449438202248, LDA,3,1,-0.6152768036514995,INVARIANT_MIX
0,cc-pvdz,1.8179775280898876,FCI,1,1,-1.0290489708757662,
1,cc-pvdz,1.8179775280898876,FCI,2,1,-0.7041730562318806,
2,cc-pvdz,1.8179775280898876,FCI,3,1,-0.6443320735200333,
3,cc-pvdz,1.8179775280898876,FCI,1,3,-0.9822924063824481,
0,cc-pvdz,1.8179775280898876, LDA,1,1,-0.9241752865515385,UNPOLARIZED
1,cc-pvdz,1.8179775280898876, LDA,1,3,-0.8653375166217683,UNPOLARIZED
2,cc-pvdz,1.8179775280898876, LDA,2,1,-0.6727788860292756,UNPOLARIZED
3,cc-pvdz,1.8179775280898876, LDA,3,1,-0.6113807606129352,UNPOLARIZED
0,cc-pvdz,1.8179775280898876, LDA,1,1,-1.0058384200080193,POLARIZED
1,cc-pvdz,1.8179775280898876, LDA,1,3,-0.971975901749746,POLARIZED
2,cc-pvdz,1.8179775280898876, LDA,2,1,-0.6745884913839486,POLARIZED
3,cc-pvdz,1.8179775280898876, LDA,3,1,-0.6197053655446392,POLARIZED
0,cc-pvdz,1.8179775280898876, LDA,1,1,-1.1231909145300079,INVARIANT
1,cc-pvdz,1.8179775280898876, LDA,1,3,-1.1122075058308765,INVARIANT
2,cc-pvdz,1.8179775280898876, LDA,2,1,-0.6722285349508451,INVARIANT
3,cc-pvdz,1.8179775280898876, LDA,3,1,-0.6185984020051415,INVARIANT
0,cc-pvdz,1.8179775280898876, LDA,1,1,-1.0172638191340722,INVARIANT_MIX
1,cc-pvdz,1.8179775280898876, LDA,1,3,-0.9861269342716561,INVARIANT_MIX
2,cc-pvdz,1.8179775280898876, LDA,2,3,-0.986126934271656,INVARIANT_MIX
3,cc-pvdz,1.8179775280898876, LDA,3,3,-0.986126934271656,INVARIANT_MIX
4,cc-pvdz,1.8179775280898876, LDA,2,1,-0.6745950241342147,INVARIANT_MIX
5,cc-pvdz,1.8179775280898876, LDA,3,1,-0.6201196130000327,INVARIANT_MIX
0,cc-pvdz,1.8719101123595505,FCI,1,1,-1.0251730957688947,
1,cc-pvdz,1.8719101123595505,FCI,2,1,-0.7020248556200771,
2,cc-pvdz,1.8719101123595505,FCI,3,1,-0.6496979977398607,
3,cc-pvdz,1.8719101123595505,FCI,1,3,-0.9844198530375429,
0,cc-pvdz,1.8719101123595505, LDA,1,1,-0.9191002643652099,UNPOLARIZED
1,cc-pvdz,1.8719101123595505, LDA,1,3,-0.8674115209412434,UNPOLARIZED
2,cc-pvdz,1.8719101123595505, LDA,2,1,-0.6710649925363784,UNPOLARIZED
3,cc-pvdz,1.8719101123595505, LDA,3,1,-0.6172339831310806,UNPOLARIZED
0,cc-pvdz,1.8719101123595505, LDA,1,1,-1.0026783224371068,POLARIZED
1,cc-pvdz,1.8719101123595505, LDA,1,3,-0.9736832019233705,POLARIZED
2,cc-pvdz,1.8719101123595505, LDA,2,1,-0.6721446594512269,POLARIZED
3,cc-pvdz,1.8719101123595505, LDA,3,1,-0.6237896492468762,POLARIZED
0,cc-pvdz,1.8719101123595505, LDA,1,1,-1.1218577338401852,INVARIANT
1,cc-pvdz,1.8719101123595505, LDA,1,3,-1.1134366657689558,INVARIANT
2,cc-pvdz,1.8719101123595505, LDA,2,1,-0.6688368795319098,INVARIANT
3,cc-pvdz,1.8719101123595505, LDA,3,1,-0.6210415343435767,INVARIANT
0,cc-pvdz,1.8719101123595505, LDA,1,1,-1.01432163278454,INVARIANT_MIX
1,cc-pvdz,1.8719101123595505, LDA,1,3,-0.987785689906159,INVARIANT_MIX
2,cc-pvdz,1.8719101123595505, LDA,2,3,-0.987785689906159,INVARIANT_MIX
3,cc-pvdz,1.8719101123595505, LDA,3,3,-0.9877856899061581,INVARIANT_MIX
4,cc-pvdz,1.8719101123595505, LDA,2,1,-0.672055076087683,INVARIANT_MIX
5,cc-pvdz,1.8719101123595505, LDA,3,1,-0.6240049565831077,INVARIANT_MIX
0,cc-pvdz,1.9258426966292135,FCI,1,1,-1.021716521476266,
1,cc-pvdz,1.9258426966292135,FCI,2,1,-0.6997816031599838,
2,cc-pvdz,1.9258426966292135,FCI,3,1,-0.6540951905365114,
3,cc-pvdz,1.9258426966292135,FCI,1,3,-0.98628300749635,
0,cc-pvdz,1.9258426966292135, LDA,1,1,-0.9144956976841934,UNPOLARIZED
1,cc-pvdz,1.9258426966292135, LDA,1,3,-0.8692284077874609,UNPOLARIZED
2,cc-pvdz,1.9258426966292135, LDA,2,1,-0.6691855512084112,UNPOLARIZED
3,cc-pvdz,1.9258426966292135, LDA,3,1,-0.6221183451436445,UNPOLARIZED
0,cc-pvdz,1.9258426966292135, LDA,1,1,-0.9998654972289018,POLARIZED
1,cc-pvdz,1.9258426966292135, LDA,1,3,-0.9751508752836292,POLARIZED
2,cc-pvdz,1.9258426966292135, LDA,2,1,-0.6695849186077129,POLARIZED
3,cc-pvdz,1.9258426966292135, LDA,3,1,-0.6270041206250553,POLARIZED
0,cc-pvdz,1.9258426966292135, LDA,1,1,-1.120691001005141,INVARIANT
1,cc-pvdz,1.9258426966292135, LDA,1,3,-1.1144522420109015,INVARIANT
2,cc-pvdz,1.9258426966292135, LDA,2,1,-0.665393684372945,INVARIANT
3,cc-pvdz,1.9258426966292135, LDA,3,1,-0.6227633562164435,INVARIANT
0,cc-pvdz,1.9258426966292135, LDA,1,1,-1.0117077915633559,INVARIANT_MIX
1,cc-pvdz,1.9258426966292135, LDA,1,3,-0.9892072789204782,INVARIANT_MIX
2,cc-pvdz,1.9258426966292135, LDA,2,3,-0.9892072789204782,INVARIANT_MIX
3,cc-pvdz,1.9258426966292135, LDA,3,3,-0.9892072789204776,INVARIANT_MIX
4,cc-pvdz,1.9258426966292135, LDA,2,1,-0.6694057679151441,INVARIANT_MIX
5,cc-pvdz,1.9258426966292135, LDA,3,1,-0.6270362033059363,INVARIANT_MIX
0,cc-pvdz,1.9797752808988764,FCI,1,1,-1.018649868871294,
1,cc-pvdz,1.9797752808988764,FCI,2,1,-0.6974541936241088,
2,cc-pvdz,1.9797752808988764,FCI,3,1,-0.6576208065819285,
3,cc-pvdz,1.9797752808988764,FCI,1,3,-0.9879133797738764,
0,cc-pvdz,1.9797752808988764, LDA,1,1,-0.9103413793159283,UNPOLARIZED
1,cc-pvdz,1.9797752808988764, LDA,1,3,-0.8708173645794043,UNPOLARIZED
2,cc-pvdz,1.9797752808988764, LDA,2,1,-0.66716113330996,UNPOLARIZED
3,cc-pvdz,1.9797752808988764, LDA,3,1,-0.6261182637452068,UNPOLARIZED
0,cc-pvdz,1.9797752808988764, LDA,1,1,-0.9973745346225334,POLARIZED
1,cc-pvdz,1.9797752808988764, LDA,1,3,-0.9764088231155095,POLARIZED
2,cc-pvdz,1.9797752808988764, LDA,2,1,-0.6669252056335093,POLARIZED
3,cc-pvdz,1.9797752808988764, LDA,3,1,-0.629442815432166,POLARIZED
0,cc-pvdz,1.9797752808988764, LDA,1,1,-1.1196763278415147,INVARIANT
1,cc-pvdz,1.9797752808988764, LDA,1,3,-1.1152850666431218,INVARIANT
2,cc-pvdz,1.9797752808988764, LDA,2,1,-0.6619095386946038,INVARIANT
3,cc-pvdz,1.9797752808988764, LDA,3,1,-0.6238521944095486,INVARIANT
0,cc-pvdz,1.9797752808988764, LDA,1,1,-1.0093973805642165,INVARIANT_MIX
1,cc-pvdz,1.9797752808988764, LDA,1,3,-0.9904216979842015,INVARIANT_MIX
2,cc-pvdz,1.9797752808988764, LDA,2,3,-0.9904216979842015,INVARIANT_MIX
3,cc-pvdz,1.9797752808988764, LDA,3,3,-0.9904216979842014,INVARIANT_MIX
4,cc-pvdz,1.9797752808988764, LDA,2,1,-0.6666624562789217,INVARIANT_MIX
5,cc-pvdz,1.9797752808988764, LDA,3,1,-0.6293074578273115,INVARIANT_MIX
0,cc-pvdz,2.0337078651685396,FCI,1,1,-1.0159422045743822,
1,cc-pvdz,2.0337078651685396,FCI,2,1,-0.6950511208570734,
2,cc-pvdz,2.0337078651685396,FCI,3,1,-0.6603642276805292,
3,cc-pvdz,2.0337078651685396,FCI,1,3,-0.9893388120344927,
0,cc-pvdz,2.0337078651685396, LDA,1,1,-0.9066137548169433,UNPOLARIZED
1,cc-pvdz,2.0337078651685396, LDA,1,3,-0.8722042773311286,UNPOLARIZED
2,cc-pvdz,2.0337078651685396, LDA,2,1,-0.6650098832666882,UNPOLARIZED
3,cc-pvdz,2.0337078651685396, LDA,3,1,-0.629313355027827,UNPOLARIZED
0,cc-pvdz,2.0337078651685396, LDA,1,1,-0.9951794927751585,POLARIZED
1,cc-pvdz,2.0337078651685396, LDA,1,3,-0.9774835656244107,POLARIZED
2,cc-pvdz,2.0337078651685396, LDA,2,1,-0.6641788568433926,POLARIZED
3,cc-pvdz,2.0337078651685396, LDA,3,1,-0.6311914419212417,POLARIZED
0,cc-pvdz,2.0337078651685396, LDA,1,1,-1.1188002622807518,INVARIANT
1,cc-pvdz,2.0337078651685396, LDA,1,3,-1.115962100005192,INVARIANT
2,cc-pvdz,2.0337078651685396, LDA,2,1,-0.6583926114757376,INVARIANT
3,cc-pvdz,2.0337078651685396, LDA,3,1,-0.6243861180020648,INVARIANT
0,cc-pvdz,2.0337078651685396, LDA,1,1,-1.0073652581448447,INVARIANT_MIX
1,cc-pvdz,2.0337078651685396, LDA,1,3,-0.991455524392741,INVARIANT_MIX
2,cc-pvdz,2.0337078651685396, LDA,2,3,-0.9914555243927405,INVARIANT_MIX
3,cc-pvdz,2.0337078651685396, LDA,3,3,-0.9914555243927402,INVARIANT_MIX
4,cc-pvdz,2.0337078651685396, LDA,2,1,-0.6638379106991263,INVARIANT_MIX
5,cc-pvdz,2.0337078651685396, LDA,3,1,-0.6309041304806391,INVARIANT_MIX
0,cc-pvdz,2.087640449438202,FCI,1,1,-1.0135620568873307,
1,cc-pvdz,2.087640449438202,FCI,2,1,-0.692579337724999,
2,cc-pvdz,2.087640449438202,FCI,3,1,-0.6624076006897225,
3,cc-pvdz,2.087640449438202,FCI,1,3,-0.9905838720023826,
0,cc-pvdz,2.087640449438202, LDA,1,1,-0.9032864460189834,UNPOLARIZED
1,cc-pvdz,2.087640449438202, LDA,1,3,-0.873412829555361,UNPOLARIZED
2,cc-pvdz,2.087640449438202, LDA,2,1,-0.6627464999768086,UNPOLARIZED
3,cc-pvdz,2.087640449438202, LDA,3,1,-0.631778225931012,UNPOLARIZED
0,cc-pvdz,2.087640449438202, LDA,1,1,-0.9932546487954523,POLARIZED
1,cc-pvdz,2.087640449438202, LDA,1,3,-0.9783985195875596,POLARIZED
2,cc-pvdz,2.087640449438202, LDA,2,1,-0.6613572232291032,POLARIZED
3,cc-pvdz,2.087640449438202, LDA,3,1,-0.6323279203631742,POLARIZED
0,cc-pvdz,2.087640449438202, LDA,1,1,-1.1180501552013964,INVARIANT
1,cc-pvdz,2.087640449438202, LDA,1,3,-1.1165067829905264,INVARIANT
2,cc-pvdz,2.087640449438202, LDA,2,1,-0.6548494828808663,INVARIANT
3,cc-pvdz,2.087640449438202, LDA,3,1,-0.624434149780865,INVARIANT
0,cc-pvdz,2.087640449438202, LDA,1,1,-1.0055868119394014,INVARIANT_MIX
1,cc-pvdz,2.087640449438202, LDA,1,3,-0.9923322549976488,INVARIANT_MIX
2,cc-pvdz,2.087640449438202, LDA,2,3,-0.9923322549976485,INVARIANT_MIX
3,cc-pvdz,2.087640449438202, LDA,3,3,-0.9923322549976485,INVARIANT_MIX
4,cc-pvdz,2.087640449438202, LDA,2,1,-0.6609427948104154,INVARIANT_MIX
5,cc-pvdz,2.087640449438202, LDA,3,1,-0.6319034429507817,INVARIANT_MIX
0,cc-pvdz,2.141573033707865,FCI,1,1,-1.0114782652108432,
1,cc-pvdz,2.141573033707865,FCI,2,1,-0.6900449181017932,
2,cc-pvdz,2.141573033707865,FCI,3,1,-0.6638263448706426,
3,cc-pvdz,2.141573033707865,FCI,1,3,-0.9916702214602587,
0,cc-pvdz,2.141573033707865, LDA,1,1,-0.9003317519388292,UNPOLARIZED
1,cc-pvdz,2.141573033707865, LDA,1,3,-0.8744637471983936,UNPOLARIZED
2,cc-pvdz,2.141573033707865, LDA,2,1,-0.6603848157499745,UNPOLARIZED
3,cc-pvdz,2.141573033707865, LDA,3,1,-0.6335831466155709,UNPOLARIZED
0,cc-pvdz,2.141573033707865, LDA,1,1,-0.9915740403720985,POLARIZED
1,cc-pvdz,2.141573033707865, LDA,1,3,-0.9791743300457459,POLARIZED
2,cc-pvdz,2.141573033707865, LDA,2,1,-0.6584708122294539,POLARIZED
3,cc-pvdz,2.141573033707865, LDA,3,1,-0.6329233952668286,POLARIZED
0,cc-pvdz,2.141573033707865, LDA,1,1,-1.1174140925607339,INVARIANT
1,cc-pvdz,2.141573033707865, LDA,1,3,-1.1169394413754121,INVARIANT
2,cc-pvdz,2.141573033707865, LDA,2,1,-0.6512858369412096,INVARIANT
3,cc-pvdz,2.141573033707865, LDA,3,1,-0.6240574323860683,INVARIANT
0,cc-pvdz,2.141573033707865, LDA,1,1,-1.0040370559346028,INVARIANT_MIX
1,cc-pvdz,2.141573033707865, LDA,1,3,-0.9930723815775102,INVARIANT_MIX
2,cc-pvdz,2.141573033707865, LDA,2,3,-0.9930723815775102,INVARIANT_MIX
3,cc-pvdz,2.141573033707865, LDA,3,3,-0.9930723815775095,INVARIANT_MIX
4,cc-pvdz,2.141573033707865, LDA,2,1,-0.6579874975645849,INVARIANT_MIX
5,cc-pvdz,2.141573033707865, LDA,3,1,-0.6323759939238942,INVARIANT_MIX
0,cc-pvdz,2.195505617977528,FCI,1,1,-1.0096606527739433,
1,cc-pvdz,2.195505617977528,FCI,2,1,-0.6874535160588355,
2,cc-pvdz,2.195505617977528,FCI,3,1,-0.6646896157316817,
3,cc-pvdz,2.195505617977528,FCI,1,3,-0.9926169582968278,
0,cc-pvdz,2.195505617977528, LDA,1,1,-0.8977210219022738,UNPOLARIZED
1,cc-pvdz,2.195505617977528, LDA,1,3,-0.875375812270057,UNPOLARIZED
2,cc-pvdz,2.195505617977528, LDA,2,1,-0.6579366844487076,UNPOLARIZED
3,cc-pvdz,2.195505617977528, LDA,3,1,-0.6347938334444126,UNPOLARIZED
0,cc-pvdz,2.195505617977528, LDA,1,1,-0.9901136582349563,POLARIZED
1,cc-pvdz,2.195505617977528, LDA,1,3,-0.9798293133770266,POLARIZED
2,cc-pvdz,2.195505617977528, LDA,2,1,-0.6555284559174085,POLARIZED
3,cc-pvdz,2.195505617977528, LDA,3,1,-0.6330417962274798,POLARIZED
0,cc-pvdz,2.195505617977528, LDA,1,3,-1.117277635377951,INVARIANT
1,cc-pvdz,2.195505617977528, LDA,1,1,-1.1168808261851664,INVARIANT
2,cc-pvdz,2.195505617977528, LDA,2,1,-0.6477069576609508,INVARIANT
3,cc-pvdz,2.195505617977528, LDA,3,1,-0.6233102658191273,INVARIANT
0,cc-pvdz,2.195505617977528, LDA,1,1,-1.0026933130121143,INVARIANT_MIX
1,cc-pvdz,2.195505617977528, LDA,1,3,-0.9936942220183586,INVARIANT_MIX
2,cc-pvdz,2.195505617977528, LDA,2,3,-0.9936942220183581,INVARIANT_MIX
3,cc-pvdz,2.195505617977528, LDA,3,3,-0.9936942220183581,INVARIANT_MIX
4,cc-pvdz,2.195505617977528, LDA,2,1,-0.6549802890750249,INVARIANT_MIX
5,cc-pvdz,2.195505617977528, LDA,3,1,-0.6323847018998682,INVARIANT_MIX
0,cc-pvdz,2.249438202247191,FCI,1,1,-1.0080805289752606,
1,cc-pvdz,2.249438202247191,FCI,2,1,-0.6848106538485618,
2,cc-pvdz,2.249438202247191,FCI,3,1,-0.665060724877348,
3,cc-pvdz,2.249438202247191,FCI,1,3,-0.993440929540804,
0,cc-pvdz,2.249438202247191, LDA,1,1,-0.8954238470535143,UNPOLARIZED
1,cc-pvdz,2.249438202247191, LDA,1,3,-0.8761651477299652,UNPOLARIZED
2,cc-pvdz,2.249438202247191, LDA,2,1,-0.6554141067893092,UNPOLARIZED
3,cc-pvdz,2.249438202247191, LDA,3,1,-0.6354740049762215,UNPOLARIZED
0,cc-pvdz,2.249438202247191, LDA,1,1,-0.9888502867472092,POLARIZED
1,cc-pvdz,2.249438202247191, LDA,1,3,-0.9803795207418375,POLARIZED
2,cc-pvdz,2.249438202247191, LDA,2,1,-0.6525386900857315,POLARIZED
3,cc-pvdz,2.249438202247191, LDA,3,1,-0.6327412970601677,POLARIZED
0,cc-pvdz,2.249438202247191, LDA,1,3,-1.1175365694019328,INVARIANT
1,cc-pvdz,2.249438202247191, LDA,1,1,-1.1164401547705491,INVARIANT
2,cc-pvdz,2.249438202247191, LDA,2,1,-0.6441174472740365,INVARIANT
3,cc-pvdz,2.249438202247191, LDA,3,1,-0.6222408666703314,INVARIANT
0,cc-pvdz,2.249438202247191, LDA,1,1,-1.0015336497661398,INVARIANT_MIX
1,cc-pvdz,2.249438202247191, LDA,1,3,-0.9942137494668627,INVARIANT_MIX
2,cc-pvdz,2.249438202247191, LDA,2,3,-0.9942137494668627,INVARIANT_MIX
3,cc-pvdz,2.249438202247191, LDA,3,3,-0.9942137494668616,INVARIANT_MIX
4,cc-pvdz,2.249438202247191, LDA,2,1,-0.6519293575870326,INVARIANT_MIX
5,cc-pvdz,2.249438202247191, LDA,3,1,-0.6319867355888704,INVARIANT_MIX
0,cc-pvdz,2.303370786516854,FCI,1,1,-1.0067110373341244,
1,cc-pvdz,2.303370786516854,FCI,2,1,-0.6821218823721827,
2,cc-pvdz,2.303370786516854,FCI,3,1,-0.6649975221173848,
3,cc-pvdz,2.303370786516854,FCI,1,3,-0.994157012731063,
0,cc-pvdz,2.303370786516854, LDA,1,1,-0.8934112192956517,UNPOLARIZED
1,cc-pvdz,2.303370786516854, LDA,1,3,-0.8768467142130685,UNPOLARIZED
2,cc-pvdz,2.303370786516854, LDA,2,1,-0.6528270148552889,UNPOLARIZED
3,cc-pvdz,2.303370786516854, LDA,3,1,-0.6356815616131026,UNPOLARIZED
0,cc-pvdz,2.303370786516854, LDA,1,1,-0.9877621452947439,POLARIZED
1,cc-pvdz,2.303370786516854, LDA,1,3,-0.9808390733400061,POLARIZED
2,cc-pvdz,2.303370786516854, LDA,2,1,-0.649509651910547,POLARIZED
3,cc-pvdz,2.303370786516854, LDA,3,1,-0.63207454518385,POLARIZED
0,cc-pvdz,2.303370786516854, LDA,1,3,-1.1177289663169736,INVARIANT
1,cc-pvdz,2.303370786516854, LDA,1,1,-1.1160808032947307,INVARIANT
2,cc-pvdz,2.303370786516854, LDA,2,1,-0.6405243611390805,INVARIANT
3,cc-pvdz,2.303370786516854, LDA,3,1,-0.6208927630203054,INVARIANT
0,cc-pvdz,2.303370786516854, LDA,1,1,-1.0005375570142196,INVARIANT_MIX
1,cc-pvdz,2.303370786516854, LDA,1,3,-0.9946449904899269,INVARIANT_MIX
2,cc-pvdz,2.303370786516854, LDA,2,3,-0.9946449904899269,INVARIANT_MIX
3,cc-pvdz,2.303370786516854, LDA,3,3,-0.9946449904899266,INVARIANT_MIX
4,cc-pvdz,2.303370786516854, LDA,2,1,-0.6488425460325822,INVARIANT_MIX
5,cc-pvdz,2.303370786516854, LDA,3,1,-0.631233700197963,INVARIANT_MIX
0,cc-pvdz,2.357303370786517,FCI,1,1,-1.0055273698276637,
1,cc-pvdz,2.357303370786517,FCI,2,1,-0.6793928551593453,
2,cc-pvdz,2.357303370786517,FCI,3,1,-0.664552748512329,
3,cc-pvdz,2.357303370786517,FCI,1,3,-0.9947783638348402,
0,cc-pvdz,2.357303370786517, LDA,1,1,-0.8916545232419318,UNPOLARIZED
1,cc-pvdz,2.357303370786517, LDA,1,3,-0.8774336031187574,UNPOLARIZED
2,cc-pvdz,2.357303370786517, LDA,2,1,-0.6501851806760769,UNPOLARIZED
3,cc-pvdz,2.357303370786517, LDA,3,1,-0.6354711224719852,UNPOLARIZED
0,cc-pvdz,2.357303370786517, LDA,1,1,-0.9868294172022026,POLARIZED
1,cc-pvdz,2.357303370786517, LDA,1,3,-0.9812205163541815,POLARIZED
2,cc-pvdz,2.357303370786517, LDA,2,1,-0.6464487877623968,POLARIZED
3,cc-pvdz,2.357303370786517, LDA,3,1,-0.631088798776151,POLARIZED
0,cc-pvdz,2.357303370786517, LDA,1,3,-1.1178662037540026,INVARIANT
1,cc-pvdz,2.357303370786517, LDA,1,1,-1.1157943135200634,INVARIANT
2,cc-pvdz,2.357303370786517, LDA,2,1,-0.6369319721698222,INVARIANT
3,cc-pvdz,2.357303370786517, LDA,3,1,-0.6193043528860401,INVARIANT
0,cc-pvdz,2.357303370786517, LDA,1,1,-0.9996860683532509,INVARIANT_MIX
1,cc-pvdz,2.357303370786517, LDA,1,3,-0.9950002697083185,INVARIANT_MIX
2,cc-pvdz,2.357303370786517, LDA,2,3,-0.9950002697083182,INVARIANT_MIX
3,cc-pvdz,2.357303370786517, LDA,3,3,-0.995000269708318,INVARIANT_MIX
4,cc-pvdz,2.357303370786517, LDA,2,1,-0.6457274600168476,INVARIANT_MIX
5,cc-pvdz,2.357303370786517, LDA,3,1,-0.6301721297416814,INVARIANT_MIX
0,cc-pvdz,2.41123595505618,FCI,1,1,-1.004506870112627,
1,cc-pvdz,2.41123595505618,FCI,2,1,-0.6766293478875873,
2,cc-pvdz,2.41123595505618,FCI,3,1,-0.6637743687505653,
3,cc-pvdz,2.41123595505618,FCI,1,3,-0.9953166315028678,
0,cc-pvdz,2.41123595505618, LDA,1,1,-0.8901263555610498,UNPOLARIZED
1,cc-pvdz,2.41123595505618, LDA,1,3,-0.8779374345557318,UNPOLARIZED
2,cc-pvdz,2.41123595505618, LDA,2,1,-0.6474978400454278,UNPOLARIZED
3,cc-pvdz,2.41123595505618, LDA,3,1,-0.63489337242369,UNPOLARIZED
0,cc-pvdz,2.41123595505618, LDA,1,1,-0.9860329216509683,POLARIZED
1,cc-pvdz,2.41123595505618, LDA,1,3,-0.9815345790289745,POLARIZED
2,cc-pvdz,2.41123595505618, LDA,2,1,-0.6433643686158359,POLARIZED
3,cc-pvdz,2.41123595505618, LDA,3,1,-0.6298274990313528,POLARIZED
0,cc-pvdz,2.41123595505618, LDA,1,3,-1.1179582060266375,INVARIANT
1,cc-pvdz,2.41123595505618, LDA,1,1,-1.1155730368453425,INVARIANT
2,cc-pvdz,2.41123595505618, LDA,2,1,-0.6333444940450165,INVARIANT
3,cc-pvdz,2.41123595505618, LDA,3,1,-0.6175096515049554,INVARIANT
0,cc-pvdz,2.41123595505618, LDA,1,1,-0.9989622431819382,INVARIANT_MIX
1,cc-pvdz,2.41123595505618, LDA,1,3,-0.9952905239214602,INVARIANT_MIX
2,cc-pvdz,2.41123595505618, LDA,2,3,-0.9952905239214601,INVARIANT_MIX
3,cc-pvdz,2.41123595505618, LDA,3,3,-0.9952905239214599,INVARIANT_MIX
4,cc-pvdz,2.41123595505618, LDA,2,1,-0.6425909978845104,INVARIANT_MIX
5,cc-pvdz,2.41123595505618, LDA,3,1,-0.6288435813741243,INVARIANT_MIX
0,cc-pvdz,2.465168539325843,FCI,1,1,-1.0036290480608099,
1,cc-pvdz,2.465168539325843,FCI,2,1,-0.6738372455663972,
2,cc-pvdz,2.465168539325843,FCI,3,1,-0.6627058895518226,
3,cc-pvdz,2.465168539325843,FCI,1,3,-0.9957821393078525,
0,cc-pvdz,2.465168539325843, LDA,1,1,-0.8888008971709657,UNPOLARIZED
1,cc-pvdz,2.465168539325843, LDA,1,3,-0.8783685337459435,UNPOLARIZED
2,cc-pvdz,2.465168539325843, LDA,2,1,-0.6447737329486202,UNPOLARIZED
3,cc-pvdz,2.465168539325843, LDA,3,1,-0.6339950528041546,UNPOLARIZED
0,cc-pvdz,2.465168539325843, LDA,1,1,-0.9853560088323228,POLARIZED
1,cc-pvdz,2.465168539325843, LDA,1,3,-0.9817909511731867,POLARIZED
2,cc-pvdz,2.465168539325843, LDA,2,1,-0.6402635084390138,POLARIZED
3,cc-pvdz,2.465168539325843, LDA,3,1,-0.6283290297066533,POLARIZED
0,cc-pvdz,2.465168539325843, LDA,1,3,-1.11801284942637,INVARIANT
1,cc-pvdz,2.465168539325843, LDA,1,1,-1.1154075181433751,INVARIANT
2,cc-pvdz,2.465168539325843, LDA,2,1,-0.629769632614144,INVARIANT
3,cc-pvdz,2.465168539325843, LDA,3,1,-0.6155402545029812,INVARIANT
0,cc-pvdz,2.465168539325843, LDA,1,1,-0.9983494864539325,INVARIANT_MIX
1,cc-pvdz,2.465168539325843, LDA,1,3,-0.9955250329649399,INVARIANT_MIX
2,cc-pvdz,2.465168539325843, LDA,2,3,-0.9955250329649399,INVARIANT_MIX
3,cc-pvdz,2.465168539325843, LDA,3,3,-0.9955250329649397,INVARIANT_MIX
4,cc-pvdz,2.465168539325843, LDA,2,1,-0.6394412182667557,INVARIANT_MIX
5,cc-pvdz,2.465168539325843, LDA,3,1,-0.627286265830355,INVARIANT_MIX
0,cc-pvdz,2.519101123595506,FCI,1,1,-1.002875526844552,
1,cc-pvdz,2.519101123595506,FCI,2,1,-0.6710225113342713,
2,cc-pvdz,2.519101123595506,FCI,3,1,-0.6613866685401538,
3,cc-pvdz,2.519101123595506,FCI,1,3,-0.9961840392740513,
0,cc-pvdz,2.519101123595506, LDA,1,1,-0.8876541832845158,UNPOLARIZED
1,cc-pvdz,2.519101123595506, LDA,1,3,-0.8787360964804389,UNPOLARIZED
2,cc-pvdz,2.519101123595506, LDA,2,1,-0.6420211459893962,UNPOLARIZED
3,cc-pvdz,2.519101123595506, LDA,3,1,-0.632819016991623,UNPOLARIZED
0,cc-pvdz,2.519101123595506, LDA,1,1,-0.9847834117176139,POLARIZED
1,cc-pvdz,2.519101123595506, LDA,1,3,-0.9819980747596043,POLARIZED
2,cc-pvdz,2.519101123595506, LDA,2,1,-0.6371534377478127,POLARIZED
3,cc-pvdz,2.519101123595506, LDA,3,1,-0.6266281468256775,POLARIZED
0,cc-pvdz,2.519101123595506, LDA,1,3,-1.1180374205707064,INVARIANT
1,cc-pvdz,2.519101123595506, LDA,1,1,-1.115290934655257,INVARIANT
2,cc-pvdz,2.519101123595506, LDA,2,1,-0.6262124933634597,INVARIANT
3,cc-pvdz,2.519101123595506, LDA,3,1,-0.6134236586687084,INVARIANT
0,cc-pvdz,2.519101123595506, LDA,1,1,-0.9978338436786485,INVARIANT_MIX
1,cc-pvdz,2.519101123595506, LDA,1,3,-0.9957122149892729,INVARIANT_MIX
2,cc-pvdz,2.519101123595506, LDA,2,3,-0.9957122149892729,INVARIANT_MIX
3,cc-pvdz,2.519101123595506, LDA,3,3,-0.9957122149892726,INVARIANT_MIX
4,cc-pvdz,2.519101123595506, LDA,2,1,-0.6362848548192451,INVARIANT_MIX
5,cc-pvdz,2.519101123595506, LDA,3,1,-0.6255337940998682,INVARIANT_MIX
0,cc-pvdz,2.573033707865169,FCI,1,1,-1.0022299418222462,
1,cc-pvdz,2.573033707865169,FCI,2,1,-0.6681911451496843,
2,cc-pvdz,2.573033707865169,FCI,3,1,-0.6598522157756621,
3,cc-pvdz,2.573033707865169,FCI,1,3,-0.9965304411158392,
0,cc-pvdz,2.573033707865169, LDA,1,1,-0.8866642431261873,UNPOLARIZED
1,cc-pvdz,2.573033707865169, LDA,1,3,-0.8790483046710473,UNPOLARIZED
2,cc-pvdz,2.573033707865169, LDA,2,1,-0.6392479358990899,UNPOLARIZED
3,cc-pvdz,2.573033707865169, LDA,3,1,-0.6314043240951681,UNPOLARIZED
0,cc-pvdz,2.573033707865169, LDA,1,1,-0.9843014469417319,POLARIZED
1,cc-pvdz,2.573033707865169, LDA,1,3,-0.9821633761144366,POLARIZED
2,cc-pvdz,2.573033707865169, LDA,2,1,-0.6340411628483521,POLARIZED
3,cc-pvdz,2.573033707865169, LDA,3,1,-0.62475603333766,POLARIZED
0,cc-pvdz,2.573033707865169, LDA,1,3,-1.1180381422695747,INVARIANT
1,cc-pvdz,2.573033707865169, LDA,1,1,-1.1152166613647578,INVARIANT
2,cc-pvdz,2.573033707865169, LDA,2,1,-0.622678758024746,INVARIANT
3,cc-pvdz,2.573033707865169, LDA,3,1,-0.6111845718209515,INVARIANT
0,cc-pvdz,2.573033707865169, LDA,1,1,-0.9974025208855781,INVARIANT_MIX
1,cc-pvdz,2.573033707865169, LDA,1,3,-0.9958593822859203,INVARIANT_MIX
2,cc-pvdz,2.573033707865169, LDA,2,3,-0.9958593822859203,INVARIANT_MIX
3,cc-pvdz,2.573033707865169, LDA,3,3,-0.99585938228592,INVARIANT_MIX
4,cc-pvdz,2.573033707865169, LDA,2,1,-0.6331287984521394,INVARIANT_MIX
5,cc-pvdz,2.573033707865169, LDA,3,1,-0.6236165193603236,INVARIANT_MIX
0,cc-pvdz,2.626966292134832,FCI,1,1,-1.0016778079050113,
1,cc-pvdz,2.626966292134832,FCI,2,1,-0.6653491370481551,
2,cc-pvdz,2.626966292134832,FCI,3,1,-0.6581344882088681,
3,cc-pvdz,2.626966292134832,FCI,1,3,-0.996828522007949,
0,cc-pvdz,2.626966292134832, LDA,1,1,-0.8858111399834026,UNPOLARIZED
1,cc-pvdz,2.626966292134832, LDA,1,3,-0.8793124138209796,UNPOLARIZED
2,cc-pvdz,2.626966292134832, LDA,2,1,-0.6364615364804918,UNPOLARIZED
3,cc-pvdz,2.626966292134832, LDA,3,1,-0.6297863699892066,UNPOLARIZED
0,cc-pvdz,2.626966292134832, LDA,1,1,-0.9838978977700679,POLARIZED
1,cc-pvdz,2.626966292134832, LDA,1,3,-0.9822933542607871,POLARIZED
2,cc-pvdz,2.626966292134832, LDA,2,1,-0.6309334343268,POLARIZED
3,cc-pvdz,2.626966292134832, LDA,3,1,-0.6227406045299136,POLARIZED
0,cc-pvdz,2.626966292134832, LDA,1,3,-1.1180201270707024,INVARIANT
1,cc-pvdz,2.626966292134832, LDA,1,1,-1.115178359131055,INVARIANT
2,cc-pvdz,2.626966292134832, LDA,2,1,-0.6191745273565833,INVARIANT
3,cc-pvdz,2.626966292134832, LDA,3,1,-0.6088455230784282,INVARIANT
0,cc-pvdz,2.626966292134832, LDA,1,1,-0.9970440916925258,INVARIANT_MIX
1,cc-pvdz,2.626966292134832, LDA,1,3,-0.9959729204627047,INVARIANT_MIX
2,cc-pvdz,2.626966292134832, LDA,2,3,-0.9959729204627046,INVARIANT_MIX
3,cc-pvdz,2.626966292134832, LDA,3,3,-0.9959729204627039,INVARIANT_MIX
4,cc-pvdz,2.626966292134832, LDA,2,1,-0.6299797059552297,INVARIANT_MIX
5,cc-pvdz,2.626966292134832, LDA,3,1,-0.6215616036445499,INVARIANT_MIX
0,cc-pvdz,2.6808988764044948,FCI,1,1,-1.0012063691577597,
1,cc-pvdz,2.6808988764044948,FCI,2,1,-0.6625024181927103,
2,cc-pvdz,2.6808988764044948,FCI,3,1,-0.6562621759037751,
3,cc-pvdz,2.6808988764044948,FCI,1,3,-0.9970846214581527,
0,cc-pvdz,2.6808988764044948, LDA,1,1,-0.8850769657782672,UNPOLARIZED
1,cc-pvdz,2.6808988764044948, LDA,1,3,-0.8795348544839673,UNPOLARIZED
2,cc-pvdz,2.6808988764044948, LDA,2,1,-0.6336689713795562,UNPOLARIZED
3,cc-pvdz,2.6808988764044948, LDA,3,1,-0.6279970703048938,UNPOLARIZED
0,cc-pvdz,2.6808988764044948, LDA,1,1,-0.9835619202406828,POLARIZED
1,cc-pvdz,2.6808988764044948, LDA,1,3,-0.9823936915477969,POLARIZED
2,cc-pvdz,2.6808988764044948, LDA,2,1,-0.6278367213666031,POLARIZED
3,cc-pvdz,2.6808988764044948, LDA,3,1,-0.6206068051267952,POLARIZED
0,cc-pvdz,2.6808988764044948, LDA,1,3,-1.1179877180729012,INVARIANT
1,cc-pvdz,2.6808988764044948, LDA,1,1,-1.1151704094300574,INVARIANT
2,cc-pvdz,2.6808988764044948, LDA,2,1,-0.6157055685941681,INVARIANT
3,cc-pvdz,2.6808988764044948, LDA,3,1,-0.6064266988548767,INVARIANT
0,cc-pvdz,2.6808988764044948, LDA,1,1,-0.9967484075342368,INVARIANT_MIX
1,cc-pvdz,2.6808988764044948, LDA,1,3,-0.9960584004754198,INVARIANT_MIX
2,cc-pvdz,2.6808988764044948, LDA,2,3,-0.9960584004754198,INVARIANT_MIX
3,cc-pvdz,2.6808988764044948, LDA,3,3,-0.9960584004754193,INVARIANT_MIX
4,cc-pvdz,2.6808988764044948, LDA,2,1,-0.6268439691327824,INVARIANT_MIX
5,cc-pvdz,2.6808988764044948, LDA,3,1,-0.6193933143630183,INVARIANT_MIX
0,cc-pvdz,2.7348314606741577,FCI,1,1,-1.000804441354425,
1,cc-pvdz,2.7348314606741577,FCI,2,1,-0.6596568110484086,
2,cc-pvdz,2.7348314606741577,FCI,3,1,-0.6542609780227718,
3,cc-pvdz,2.7348314606741577,FCI,1,3,-0.9973043251301582,
0,cc-pvdz,2.7348314606741577, LDA,1,1,-0.8844457902967808,UNPOLARIZED
1,cc-pvdz,2.7348314606741577, LDA,1,3,-0.8797213319117227,UNPOLARIZED
2,cc-pvdz,2.7348314606741577, LDA,2,1,-0.6308768688471461,UNPOLARIZED
3,cc-pvdz,2.7348314606741577, LDA,3,1,-0.6260650782015343,UNPOLARIZED
0,cc-pvdz,2.7348314606741577, LDA,1,1,-0.9832839553026151,POLARIZED
1,cc-pvdz,2.7348314606741577, LDA,1,3,-0.9824693632155849,POLARIZED
2,cc-pvdz,2.7348314606741577, LDA,2,1,-0.6247571905411505,POLARIZED
3,cc-pvdz,2.7348314606741577, LDA,3,1,-0.6183768925104812,POLARIZED
0,cc-pvdz,2.7348314606741577, LDA,1,3,-1.117944879694972,INVARIANT
1,cc-pvdz,2.7348314606741577, LDA,1,1,-1.1151880436506572,INVARIANT
2,cc-pvdz,2.7348314606741577, LDA,2,1,-0.6122768957039139,INVARIANT
3,cc-pvdz,2.7348314606741577, LDA,3,1,-0.6039456035127773,INVARIANT
0,cc-pvdz,2.7348314606741577, LDA,1,1,-0.9965065168205429,INVARIANT_MIX
1,cc-pvdz,2.7348314606741577, LDA,1,3,-0.9961206898218697,INVARIANT_MIX
2,cc-pvdz,2.7348314606741577, LDA,2,3,-0.9961206898218695,INVARIANT_MIX
3,cc-pvdz,2.7348314606741577, LDA,3,3,-0.9961206898218695,INVARIANT_MIX
4,cc-pvdz,2.7348314606741577, LDA,2,1,-0.6237276884476601,INVARIANT_MIX
5,cc-pvdz,2.7348314606741577, LDA,3,1,-0.6171333042382048,INVARIANT_MIX
0,cc-pvdz,2.7887640449438207,FCI,1,1,-1.0004622553197193,
1,cc-pvdz,2.7887640449438207,FCI,2,1,-0.656817981212973,
2,cc-pvdz,2.7887640449438207,FCI,3,1,-0.6521538662457093,
3,cc-pvdz,2.7887640449438207,FCI,1,3,-0.9974925405099119,
0,cc-pvdz,2.7887640449438207, LDA,1,1,-0.8839035485124304,UNPOLARIZED
1,cc-pvdz,2.7887640449438207, LDA,1,3,-0.8798768933676748,UNPOLARIZED
2,cc-pvdz,2.7887640449438207, LDA,2,1,-0.6280914613098144,UNPOLARIZED
3,cc-pvdz,2.7887640449438207, LDA,3,1,-0.6240160076429424,UNPOLARIZED
0,cc-pvdz,2.7887640449438207, LDA,1,1,-0.9830556068715498,POLARIZED
1,cc-pvdz,2.7887640449438207, LDA,1,3,-0.9825247030212816,POLARIZED
2,cc-pvdz,2.7887640449438207, LDA,2,1,-0.6217006761001347,POLARIZED
3,cc-pvdz,2.7887640449438207, LDA,3,1,-0.6160706898358409,POLARIZED
0,cc-pvdz,2.7887640449438207, LDA,1,3,-1.117894866646288,INVARIANT
1,cc-pvdz,2.7887640449438207, LDA,1,1,-1.115226789151759,INVARIANT
2,cc-pvdz,2.7887640449438207, LDA,2,1,-0.6088935920154996,INVARIANT
3,cc-pvdz,2.7887640449438207, LDA,3,1,-0.6014180639920437,INVARIANT
0,cc-pvdz,2.7887640449438207, LDA,1,1,-0.9963105499166467,INVARIANT_MIX
1,cc-pvdz,2.7887640449438207, LDA,1,3,-0.9961640180371402,INVARIANT_MIX
2,cc-pvdz,2.7887640449438207, LDA,2,3,-0.9961640180371402,INVARIANT_MIX
3,cc-pvdz,2.7887640449438207, LDA,3,3,-0.9961640180371397,INVARIANT_MIX
4,cc-pvdz,2.7887640449438207, LDA,2,1,-0.6206366392732665,INVARIANT_MIX
5,cc-pvdz,2.7887640449438207, LDA,3,1,-0.6148008601253997,INVARIANT_MIX
0,cc-pvdz,2.842696629213483,FCI,1,1,-1.0001713063497195,
1,cc-pvdz,2.842696629213483,FCI,2,1,-0.6539913913559847,
2,cc-pvdz,2.842696629213483,FCI,3,1,-0.649961333411285,
3,cc-pvdz,2.842696629213483,FCI,1,3,-0.9976535663419991,
0,cc-pvdz,2.842696629213483, LDA,1,1,-0.8834378868345156,UNPOLARIZED
1,cc-pvdz,2.842696629213483, LDA,1,3,-0.8800059732540706,UNPOLARIZED
2,cc-pvdz,2.842696629213483, LDA,2,1,-0.6253185707755863,UNPOLARIZED
3,cc-pvdz,2.842696629213483, LDA,3,1,-0.6218726540939267,UNPOLARIZED
0,cc-pvdz,2.842696629213483, LDA,1,1,-0.9828695025880089,POLARIZED
1,cc-pvdz,2.842696629213483, LDA,1,3,-0.9825634411657266,POLARIZED
2,cc-pvdz,2.842696629213483, LDA,2,1,-0.6186726403215926,POLARIZED
3,cc-pvdz,2.842696629213483, LDA,3,1,-0.613705807032388,POLARIZED
0,cc-pvdz,2.842696629213483, LDA,1,3,-1.1178403099453464,INVARIANT
1,cc-pvdz,2.842696629213483, LDA,1,1,-1.1152825522990673,INVARIANT
2,cc-pvdz,2.842696629213483, LDA,2,1,-0.6055605220264076,INVARIANT
3,cc-pvdz,2.842696629213483, LDA,3,1,-0.5988582871451128,INVARIANT
0,cc-pvdz,2.842696629213483, LDA,1,3,-0.9961920136542188,INVARIANT_MIX
1,cc-pvdz,2.842696629213483, LDA,2,3,-0.9961920136542188,INVARIANT_MIX
2,cc-pvdz,2.842696629213483, LDA,3,3,-0.9961920136542187,INVARIANT_MIX
3,cc-pvdz,2.842696629213483, LDA,1,1,-0.9961535869460514,INVARIANT_MIX
4,cc-pvdz,2.842696629213483, LDA,2,1,-0.6175762288963044,INVARIANT_MIX
5,cc-pvdz,2.842696629213483, LDA,3,1,-0.6124131188323103,INVARIANT_MIX
0,cc-pvdz,2.896629213483146,FCI,1,1,-0.9999242129328663,
1,cc-pvdz,2.896629213483146,FCI,2,1,-0.6511822593481081,
2,cc-pvdz,2.896629213483146,FCI,3,1,-0.6477016255911056,
3,cc-pvdz,2.896629213483146,FCI,1,3,-0.9977911569393505,
0,cc-pvdz,2.896629213483146, LDA,1,1,-0.883038012956457,UNPOLARIZED
1,cc-pvdz,2.896629213483146, LDA,1,3,-0.8801124512579184,UNPOLARIZED
2,cc-pvdz,2.896629213483146, LDA,2,1,-0.6225635993239796,UNPOLARIZED
3,cc-pvdz,2.896629213483146, LDA,3,1,-0.6196552234951844,UNPOLARIZED
0,cc-pvdz,2.896629213483146, LDA,1,1,-0.9827191881579842,POLARIZED
1,cc-pvdz,2.896629213483146, LDA,1,3,-0.9825887648082807,POLARIZED
2,cc-pvdz,2.896629213483146, LDA,2,1,-0.6156781386138465,POLARIZED
3,cc-pvdz,2.896629213483146, LDA,3,1,-0.6112978443986644,POLARIZED
0,cc-pvdz,2.896629213483146, LDA,1,3,-1.11778333317468,INVARIANT
1,cc-pvdz,2.896629213483146, LDA,1,1,-1.1153516620285437,INVARIANT
2,cc-pvdz,2.896629213483146, LDA,2,1,-0.6022821488623853,INVARIANT
3,cc-pvdz,2.896629213483146, LDA,3,1,-0.5962788993428395,INVARIANT
0,cc-pvdz,2.896629213483146, LDA,1,3,-0.9962077651244818,INVARIANT_MIX
1,cc-pvdz,2.896629213483146, LDA,2,3,-0.9962077651244818,INVARIANT_MIX
2,cc-pvdz,2.896629213483146, LDA,3,3,-0.9962077651244812,INVARIANT_MIX
3,cc-pvdz,2.896629213483146, LDA,1,1,-0.9960295609757263,INVARIANT_MIX
4,cc-pvdz,2.896629213483146, LDA,2,1,-0.6145514581927097,INVARIANT_MIX
5,cc-pvdz,2.896629213483146, LDA,3,1,-0.6099852643937754,INVARIANT_MIX
0,cc-pvdz,2.950561797752809,FCI,1,1,-0.999714586429953,
1,cc-pvdz,2.950561797752809,FCI,2,1,-0.6483955208050398,
2,cc-pvdz,2.950561797752809,FCI,3,1,-0.6453909564055614,
3,cc-pvdz,2.950561797752809,FCI,1,3,-0.9979085818697193,
0,cc-pvdz,2.950561797752809, LDA,1,1,-0.8826945598069738,UNPOLARIZED
1,cc-pvdz,2.950561797752809, LDA,1,3,-0.880199724976573,UNPOLARIZED
2,cc-pvdz,2.950561797752809, LDA,2,1,-0.6198315319439122,UNPOLARIZED
3,cc-pvdz,2.950561797752809, LDA,3,1,-0.6173815682130284,UNPOLARIZED
0,cc-pvdz,2.950561797752809, LDA,1,3,-0.9826034010903685,POLARIZED
1,cc-pvdz,2.950561797752809, LDA,1,1,-0.9825990561657655,POLARIZED
2,cc-pvdz,2.950561797752809, LDA,2,1,-0.61272179881011,POLARIZED
3,cc-pvdz,2.950561797752809, LDA,3,1,-0.6088605871529047,POLARIZED
0,cc-pvdz,2.950561797752809, LDA,1,3,-1.1177256585994555,INVARIANT
1,cc-pvdz,2.950561797752809, LDA,1,1,-1.1154308908848287,INVARIANT
2,cc-pvdz,2.950561797752809, LDA,2,1,-0.5990624751809099,INVARIANT
3,cc-pvdz,2.950561797752809, LDA,3,1,-0.5936910665131547,INVARIANT
0,cc-pvdz,2.950561797752809, LDA,1,3,-0.9962139052421257,INVARIANT_MIX
1,cc-pvdz,2.950561797752809, LDA,2,3,-0.9962139052421255,INVARIANT_MIX
2,cc-pvdz,2.950561797752809, LDA,3,3,-0.9962139052421254,INVARIANT_MIX
3,cc-pvdz,2.950561797752809, LDA,1,1,-0.9959331965792813,INVARIANT_MIX
4,cc-pvdz,2.950561797752809, LDA,2,1,-0.6115668980018786,INVARIANT_MIX
5,cc-pvdz,2.950561797752809, LDA,3,1,-0.6075307161237895,INVARIANT_MIX
0,cc-pvdz,3.004494382022472,FCI,1,1,-0.9995369122823815,
1,cc-pvdz,3.004494382022472,FCI,2,1,-0.645635797208231,
2,cc-pvdz,3.004494382022472,FCI,3,1,-0.6430437030476257,
3,cc-pvdz,3.004494382022472,FCI,1,3,-0.9980086811567032,
0,cc-pvdz,3.004494382022472, LDA,1,1,-0.8823994424636026,UNPOLARIZED
1,cc-pvdz,3.004494382022472, LDA,1,3,-0.8802707690583383,UNPOLARIZED
2,cc-pvdz,3.004494382022472, LDA,2,1,-0.6171269401881513,UNPOLARIZED
3,cc-pvdz,3.004494382022472, LDA,3,1,-0.615067411914801,UNPOLARIZED
0,cc-pvdz,3.004494382022472, LDA,1,3,-0.9826096813750855,POLARIZED
1,cc-pvdz,3.004494382022472, LDA,1,1,-0.9825042680949789,POLARIZED
2,cc-pvdz,3.004494382022472, LDA,2,1,-0.6098078088855498,POLARIZED
3,cc-pvdz,3.004494382022472, LDA,3,1,-0.6064061842930918,POLARIZED
0,cc-pvdz,3.004494382022472, LDA,1,3,-1.1176686766781356,INVARIANT
1,cc-pvdz,3.004494382022472, LDA,1,1,-1.1155174458696329,INVARIANT
2,cc-pvdz,3.004494382022472, LDA,2,1,-0.5959050185863306,INVARIANT
3,cc-pvdz,3.004494382022472, LDA,3,1,-0.5911046258006855,INVARIANT
0,cc-pvdz,3.004494382022472, LDA,1,3,-0.9962123412535038,INVARIANT_MIX
1,cc-pvdz,3.004494382022472, LDA,2,3,-0.9962123412535036,INVARIANT_MIX
2,cc-pvdz,3.004494382022472, LDA,3,3,-0.9962123412535031,INVARIANT_MIX
3,cc-pvdz,3.004494382022472, LDA,1,1,-0.9958593392962513,INVARIANT_MIX
4,cc-pvdz,3.004494382022472, LDA,2,1,-0.6086275718431104,INVARIANT_MIX
5,cc-pvdz,3.004494382022472, LDA,3,1,-0.6050620097081203,INVARIANT_MIX
0,cc-pvdz,3.058426966292135,FCI,1,1,-0.9993864426260929,
1,cc-pvdz,3.058426966292135,FCI,2,1,-0.6429073700327491,
2,cc-pvdz,3.058426966292135,FCI,3,1,-0.6406725841092732,
3,cc-pvdz,3.058426966292135,FCI,1,3,-0.9980939159694368,
0,cc-pvdz,3.058426966292135, LDA,1,1,-0.8821457004032591,UNPOLARIZED
1,cc-pvdz,3.058426966292135, LDA,1,3,-0.8803281692948287,UNPOLARIZED
2,cc-pvdz,3.058426966292135, LDA,2,1,-0.6144539772517339,UNPOLARIZED
3,cc-pvdz,3.058426966292135, LDA,3,1,-0.6127265505305116,UNPOLARIZED
0,cc-pvdz,3.058426966292135, LDA,1,3,-0.9826092526448876,POLARIZED
1,cc-pvdz,3.058426966292135, LDA,1,1,-0.9824301158163806,POLARIZED
2,cc-pvdz,3.058426966292135, LDA,2,1,-0.6069407212490963,POLARIZED
3,cc-pvdz,3.058426966292135, LDA,3,1,-0.6039459795235543,POLARIZED
0,cc-pvdz,3.058426966292135, LDA,1,3,-1.117613466312766,INVARIANT
1,cc-pvdz,3.058426966292135, LDA,1,1,-1.1156089143620638,INVARIANT
2,cc-pvdz,3.058426966292135, LDA,2,1,-0.5928127975263294,INVARIANT
3,cc-pvdz,3.058426966292135, LDA,3,1,-0.5885282046020884,INVARIANT
0,cc-pvdz,3.058426966292135, LDA,1,3,-0.9962056455421648,INVARIANT_MIX
1,cc-pvdz,3.058426966292135, LDA,2,3,-0.9962056455421648,INVARIANT_MIX
2,cc-pvdz,3.058426966292135, LDA,3,3,-0.9962056455421646,INVARIANT_MIX
3,cc-pvdz,3.058426966292135, LDA,1,1,-0.9958053507805351,INVARIANT_MIX
4,cc-pvdz,3.058426966292135, LDA,2,1,-0.6057352566487761,INVARIANT_MIX
5,cc-pvdz,3.058426966292135, LDA,3,1,-0.6025880598906346,INVARIANT_MIX
0,cc-pvdz,3.112359550561798,FCI,1,1,-0.999259099796368,
1,cc-pvdz,3.112359550561798,FCI,2,1,-0.640214160843707,
2,cc-pvdz,3.112359550561798,FCI,3,1,-0.6382888198461446,
3,cc-pvdz,3.112359550561798,FCI,1,3,-0.9981664147561238,
0,cc-pvdz,3.112359550561798, LDA,1,1,-0.8819273434981851,UNPOLARIZED
1,cc-pvdz,3.112359550561798, LDA,1,3,-0.8803741478454967,UNPOLARIZED
2,cc-pvdz,3.112359550561798, LDA,2,1,-0.6118163686745454,UNPOLARIZED
3,cc-pvdz,3.112359550561798, LDA,3,1,-0.6103710319012309,UNPOLARIZED
0,cc-pvdz,3.112359550561798, LDA,1,3,-0.9826043924588058,POLARIZED
1,cc-pvdz,3.112359550561798, LDA,1,1,-0.9823741504071292,POLARIZED
2,cc-pvdz,3.112359550561798, LDA,2,1,-0.6041220823669732,POLARIZED
3,cc-pvdz,3.112359550561798, LDA,3,1,-0.6014878884835548,POLARIZED
0,cc-pvdz,3.112359550561798, LDA,1,3,-1.1175608050915868,INVARIANT
1,cc-pvdz,3.112359550561798, LDA,1,1,-1.1157032029631468,INVARIANT
2,cc-pvdz,3.112359550561798, LDA,2,1,-0.5897883189335021,INVARIANT
3,cc-pvdz,3.112359550561798, LDA,3,1,-0.5859693197739545,INVARIANT
0,cc-pvdz,3.112359550561798, LDA,1,3,-0.9961949810008074,INVARIANT_MIX
1,cc-pvdz,3.112359550561798, LDA,2,3,-0.9961949810008068,INVARIANT_MIX
2,cc-pvdz,3.112359550561798, LDA,3,3,-0.9961949810008068,INVARIANT_MIX
3,cc-pvdz,3.112359550561798, LDA,1,1,-0.9957671229326441,INVARIANT_MIX
4,cc-pvdz,3.112359550561798, LDA,2,1,-0.6028941892083658,INVARIANT_MIX
5,cc-pvdz,3.112359550561798, LDA,3,1,-0.6001187397229626,INVARIANT_MIX
0,cc-pvdz,3.166292134831461,FCI,1,1,-0.9991513900219768,
1,cc-pvdz,3.166292134831461,FCI,2,1,-0.6375597174617351,
2,cc-pvdz,3.166292134831461,FCI,3,1,-0.6359022759393245,
3,cc-pvdz,3.166292134831461,FCI,1,3,-0.9982280148432869,
0,cc-pvdz,3.166292134831461, LDA,1,1,-0.8817392270178321,UNPOLARIZED
1,cc-pvdz,3.166292134831461, LDA,1,3,-0.8804106032889895,UNPOLARIZED
2,cc-pvdz,3.166292134831461, LDA,2,1,-0.6092174117104193,UNPOLARIZED
3,cc-pvdz,3.166292134831461, LDA,3,1,-0.6080113262098165,UNPOLARIZED
0,cc-pvdz,3.166292134831461, LDA,1,3,-0.9825960573712492,POLARIZED
1,cc-pvdz,3.166292134831461, LDA,1,1,-0.9823326169786201,POLARIZED
2,cc-pvdz,3.166292134831461, LDA,2,1,-0.601355651984868,POLARIZED
3,cc-pvdz,3.166292134831461, LDA,3,1,-0.5990407795469781,POLARIZED
0,cc-pvdz,3.166292134831461, LDA,1,3,-1.117511216996843,INVARIANT
1,cc-pvdz,3.166292134831461, LDA,1,1,-1.1157985168793798,INVARIANT
2,cc-pvdz,3.166292134831461, LDA,2,1,-0.586833572298784,INVARIANT
3,cc-pvdz,3.166292134831461, LDA,3,1,-0.5834344644294501,INVARIANT
0,cc-pvdz,3.166292134831461, LDA,1,3,-0.9961815772913711,INVARIANT_MIX
1,cc-pvdz,3.166292134831461, LDA,2,3,-0.9961815772913711,INVARIANT_MIX
2,cc-pvdz,3.166292134831461, LDA,3,3,-0.996181577291371,INVARIANT_MIX
3,cc-pvdz,3.166292134831461, LDA,1,1,-0.995741715632382,INVARIANT_MIX
4,cc-pvdz,3.166292134831461, LDA,2,1,-0.6001071188295755,INVARIANT_MIX
5,cc-pvdz,3.166292134831461, LDA,3,1,-0.5976619464622587,INVARIANT_MIX
0,cc-pvdz,3.220224719101124,FCI,1,1,-0.9990603265455877,
1,cc-pvdz,3.220224719101124,FCI,2,1,-0.634947205868472,
2,cc-pvdz,3.220224719101124,FCI,3,1,-0.6335215921092248,
3,cc-pvdz,3.220224719101124,FCI,1,3,-0.9982802996238838,
0,cc-pvdz,3.220224719101124, LDA,1,1,-0.8815765191123253,UNPOLARIZED
1,cc-pvdz,3.220224719101124, LDA,1,3,-0.8804388911318477,UNPOLARIZED
2,cc-pvdz,3.220224719101124, LDA,2,1,-0.6066605905212199,UNPOLARIZED
3,cc-pvdz,3.220224719101124, LDA,3,1,-0.6056571408236775,UNPOLARIZED
0,cc-pvdz,3.220224719101124, LDA,1,3,-0.9825853144076491,POLARIZED
1,cc-pvdz,3.220224719101124, LDA,1,1,-0.9823028571827686,POLARIZED
2,cc-pvdz,3.220224719101124, LDA,2,1,-0.5986437973304579,POLARIZED
3,cc-pvdz,3.220224719101124, LDA,3,1,-0.5966116612013762,POLARIZED
0,cc-pvdz,3.220224719101124, LDA,1,3,-1.117465046661869,INVARIANT
1,cc-pvdz,3.220224719101124, LDA,1,1,-1.115893369186118,INVARIANT
2,cc-pvdz,3.220224719101124, LDA,2,1,-0.5839500405188173,INVARIANT
3,cc-pvdz,3.220224719101124, LDA,3,1,-0.5809291948010126,INVARIANT
0,cc-pvdz,3.220224719101124, LDA,1,3,-0.9961664275713722,INVARIANT_MIX
1,cc-pvdz,3.220224719101124, LDA,2,3,-0.9961664275713719,INVARIANT_MIX
2,cc-pvdz,3.220224719101124, LDA,3,3,-0.9961664275713716,INVARIANT_MIX
3,cc-pvdz,3.220224719101124, LDA,1,1,-0.9957266251518917,INVARIANT_MIX
4,cc-pvdz,3.220224719101124, LDA,2,1,-0.5973763336738795,INVARIANT_MIX
5,cc-pvdz,3.220224719101124, LDA,3,1,-0.5952244989255163,INVARIANT_MIX
0,cc-pvdz,3.274157303370787,FCI,1,1,-0.9989833614119463,
1,cc-pvdz,3.274157303370787,FCI,2,1,-0.6323794074603899,
2,cc-pvdz,3.274157303370787,FCI,3,1,-0.6311542971116224,
3,cc-pvdz,3.274157303370787,FCI,1,3,-0.9983246315574335,
0,cc-pvdz,3.274157303370787, LDA,1,1,-0.8814364975218089,UNPOLARIZED
1,cc-pvdz,3.274157303370787, LDA,1,3,-0.8804610428841075,UNPOLARIZED
2,cc-pvdz,3.274157303370787, LDA,2,1,-0.6041469941295402,UNPOLARIZED
3,cc-pvdz,3.274157303370787, LDA,3,1,-0.6033147653621265,UNPOLARIZED
0,cc-pvdz,3.274157303370787, LDA,1,3,-0.9825730387149006,POLARIZED
1,cc-pvdz,3.274157303370787, LDA,1,1,-0.9822826313271593,POLARIZED
2,cc-pvdz,3.274157303370787, LDA,2,1,-0.5959884517272785,POLARIZED
3,cc-pvdz,3.274157303370787, LDA,3,1,-0.5942065516739711,POLARIZED
0,cc-pvdz,3.274157303370787, LDA,1,3,-1.1174225140757668,INVARIANT
1,cc-pvdz,3.274157303370787, LDA,1,1,-1.1159865738272237,INVARIANT
2,cc-pvdz,3.274157303370787, LDA,2,1,-0.5811387291403821,INVARIANT
3,cc-pvdz,3.274157303370787, LDA,3,1,-0.5784582205620992,INVARIANT
0,cc-pvdz,3.274157303370787, LDA,1,3,-0.9961503388826611,INVARIANT_MIX
1,cc-pvdz,3.274157303370787, LDA,2,3,-0.9961503388826609,INVARIANT_MIX
2,cc-pvdz,3.274157303370787, LDA,3,3,-0.9961503388826608,INVARIANT_MIX
3,cc-pvdz,3.274157303370787, LDA,1,1,-0.9957197477627902,INVARIANT_MIX
4,cc-pvdz,3.274157303370787, LDA,2,1,-0.5947036830093616,INVARIANT_MIX
5,cc-pvdz,3.274157303370787, LDA,3,1,-0.5928122476098835,INVARIANT_MIX
0,cc-pvdz,3.32808988764045,FCI,1,1,-0.998918325197068,
1,cc-pvdz,3.32808988764045,FCI,2,1,-0.6298587211626763,
2,cc-pvdz,3.32808988764045,FCI,3,1,-0.6288069117139108,
3,cc-pvdz,3.32808988764045,FCI,1,3,-0.9983621812826623,
0,cc-pvdz,3.32808988764045, LDA,1,1,-0.8813153877473666,UNPOLARIZED
1,cc-pvdz,3.32808988764045, LDA,1,3,-0.8804778875769737,UNPOLARIZED
2,cc-pvdz,3.32808988764045, LDA,2,1,-0.6016795471160334,UNPOLARIZED
3,cc-pvdz,3.32808988764045, LDA,3,1,-0.6009917649531977,UNPOLARIZED
0,cc-pvdz,3.32808988764045, LDA,1,3,-0.9825599362944326,POLARIZED
1,cc-pvdz,3.32808988764045, LDA,1,1,-0.9822700592611275,POLARIZED
2,cc-pvdz,3.32808988764045, LDA,2,1,-0.5933911369427176,POLARIZED
3,cc-pvdz,3.32808988764045, LDA,3,1,-0.5918305787151096,POLARIZED
0,cc-pvdz,3.32808988764045, LDA,1,3,-1.1173837291244055,INVARIANT
1,cc-pvdz,3.32808988764045, LDA,1,1,-1.1160772018406935,INVARIANT
2,cc-pvdz,3.32808988764045, LDA,2,1,-0.5784002045340675,INVARIANT
3,cc-pvdz,3.32808988764045, LDA,3,1,-0.5760254913215845,INVARIANT
0,cc-pvdz,3.32808988764045, LDA,1,3,-0.996133954379315,INVARIANT_MIX
1,cc-pvdz,3.32808988764045, LDA,2,3,-0.996133954379315,INVARIANT_MIX
2,cc-pvdz,3.32808988764045, LDA,3,3,-0.996133954379315,INVARIANT_MIX
3,cc-pvdz,3.32808988764045, LDA,1,1,-0.9957193234571858,INVARIANT_MIX
4,cc-pvdz,3.32808988764045, LDA,2,1,-0.5920906007449304,INVARIANT_MIX
5,cc-pvdz,3.32808988764045, LDA,3,1,-0.5904301718456412,INVARIANT_MIX
0,cc-pvdz,3.3820224719101124,FCI,1,1,-0.9988633739893011,
1,cc-pvdz,3.3820224719101124,FCI,2,1,-0.6273871698740825,
2,cc-pvdz,3.3820224719101124,FCI,3,1,-0.6264850412307598,
3,cc-pvdz,3.3820224719101124,FCI,1,3,-0.9983939531900794,
0,cc-pvdz,3.3820224719101124, LDA,1,1,-0.8812104737342995,UNPOLARIZED
1,cc-pvdz,3.3820224719101124, LDA,1,3,-0.8804904255503615,UNPOLARIZED
2,cc-pvdz,3.3820224719101124, LDA,2,1,-0.5992600010185282,UNPOLARIZED
3,cc-pvdz,3.3820224719101124, LDA,3,1,-0.5986938181859641,UNPOLARIZED
0,cc-pvdz,3.3820224719101124, LDA,1,3,-0.9825465488717164,POLARIZED
1,cc-pvdz,3.3820224719101124, LDA,1,1,-0.9822635517301466,POLARIZED
2,cc-pvdz,3.3820224719101124, LDA,2,1,-0.5908529815057492,POLARIZED
3,cc-pvdz,3.3820224719101124, LDA,3,1,-0.5894880630114844,POLARIZED
0,cc-pvdz,3.3820224719101124, LDA,1,3,-1.1173486824830758,INVARIANT
1,cc-pvdz,3.3820224719101124, LDA,1,1,-1.1161645178045905,INVARIANT
2,cc-pvdz,3.3820224719101124, LDA,2,1,-0.5757346301407898,INVARIANT
3,cc-pvdz,3.3820224719101124, LDA,3,1,-0.573634271004329,INVARIANT
0,cc-pvdz,3.3820224719101124, LDA,1,3,-0.9961177571253277,INVARIANT_MIX
1,cc-pvdz,3.3820224719101124, LDA,2,3,-0.9961177571253275,INVARIANT_MIX
2,cc-pvdz,3.3820224719101124, LDA,3,3,-0.9961177571253272,INVARIANT_MIX
3,cc-pvdz,3.3820224719101124, LDA,1,1,-0.9957238689952028,INVARIANT_MIX
4,cc-pvdz,3.3820224719101124, LDA,2,1,-0.5895381251801867,INVARIANT_MIX
5,cc-pvdz,3.3820224719101124, LDA,3,1,-0.5880824611078903,INVARIANT_MIX
0,cc-pvdz,3.4359550561797754,FCI,1,1,-0.9988169429667021,
1,cc-pvdz,3.4359550561797754,FCI,2,1,-0.6249664107061595,
2,cc-pvdz,3.4359550561797754,FCI,3,1,-0.6241934591140144,
3,cc-pvdz,3.4359550561797754,FCI,1,3,-0.9984208078187312,
0,cc-pvdz,3.4359550561797754, LDA,1,1,-0.8811194282990827,UNPOLARIZED
1,cc-pvdz,3.4359550561797754, LDA,1,3,-0.8804994806162549,UNPOLARIZED
2,cc-pvdz,3.4359550561797754, LDA,2,1,-0.5968897499162908,UNPOLARIZED
3,cc-pvdz,3.4359550561797754, LDA,3,1,-0.596425693193163,UNPOLARIZED
0,cc-pvdz,3.4359550561797754, LDA,1,3,-0.9825332666618823,POLARIZED
1,cc-pvdz,3.4359550561797754, LDA,1,1,-0.9822617575267062,POLARIZED
2,cc-pvdz,3.4359550561797754, LDA,2,1,-0.5883747394790521,POLARIZED
3,cc-pvdz,3.4359550561797754, LDA,3,1,-0.5871825917710242,POLARIZED
0,cc-pvdz,3.4359550561797754, LDA,1,3,-1.1173172520377914,INVARIANT
1,cc-pvdz,3.4359550561797754, LDA,1,1,-1.1162479363392395,INVARIANT
2,cc-pvdz,3.4359550561797754, LDA,2,1,-0.5731417979236005,INVARIANT
3,cc-pvdz,3.4359550561797754, LDA,3,1,-0.5712871997575131,INVARIANT
0,cc-pvdz,3.4359550561797754, LDA,1,3,-0.9961020823854043,INVARIANT_MIX
1,cc-pvdz,3.4359550561797754, LDA,2,3,-0.9961020823854042,INVARIANT_MIX
2,cc-pvdz,3.4359550561797754, LDA,3,3,-0.9961020823854033,INVARIANT_MIX
3,cc-pvdz,3.4359550561797754, LDA,1,1,-0.9957321268805155,INVARIANT_MIX
4,cc-pvdz,3.4359550561797754, LDA,2,1,-0.5870469189303292,INVARIANT_MIX
5,cc-pvdz,3.4359550561797754, LDA,3,1,-0.5857725865439227,INVARIANT_MIX
0,cc-pvdz,3.4898876404494383,FCI,1,1,-0.9987777059442621,
1,cc-pvdz,3.4898876404494383,FCI,2,1,-0.6225977484958329,
2,cc-pvdz,3.4898876404494383,FCI,3,1,-0.621936182951485,
3,cc-pvdz,3.4898876404494383,FCI,1,3,-0.9984434814341053,
0,cc-pvdz,3.4898876404494383, LDA,1,1,-0.8810402604394445,UNPOLARIZED
1,cc-pvdz,3.4898876404494383, LDA,1,3,-0.8805057291502789,UNPOLARIZED
2,cc-pvdz,3.4898876404494383, LDA,2,1,-0.5945698508047667,UNPOLARIZED
3,cc-pvdz,3.4898876404494383, LDA,3,1,-0.5941913449353786,UNPOLARIZED
0,cc-pvdz,3.4898876404494383, LDA,1,3,-0.9825203615196987,POLARIZED
1,cc-pvdz,3.4898876404494383, LDA,1,1,-0.9822635385570121,POLARIZED
2,cc-pvdz,3.4898876404494383, LDA,2,1,-0.5859568166077458,POLARIZED
3,cc-pvdz,3.4898876404494383, LDA,3,1,-0.5849170910819396,POLARIZED
0,cc-pvdz,3.4898876404494383, LDA,1,3,-1.1172892413788875,INVARIANT
1,cc-pvdz,3.4898876404494383, LDA,1,1,-1.116327015614857,INVARIANT
2,cc-pvdz,3.4898876404494383, LDA,2,1,-0.570621160792683,INVARIANT
3,cc-pvdz,3.4898876404494383, LDA,3,1,-0.5689863510352451,INVARIANT
0,cc-pvdz,3.4898876404494383, LDA,1,3,-0.9960871512847077,INVARIANT_MIX
1,cc-pvdz,3.4898876404494383, LDA,2,3,-0.9960871512847075,INVARIANT_MIX
2,cc-pvdz,3.4898876404494383, LDA,3,3,-0.9960871512847072,INVARIANT_MIX
3,cc-pvdz,3.4898876404494383, LDA,1,1,-0.9957430428589442,INVARIANT_MIX
4,cc-pvdz,3.4898876404494383, LDA,2,1,-0.584617295858765,INVARIANT_MIX
5,cc-pvdz,3.4898876404494383, LDA,3,1,-0.5835033712511463,INVARIANT_MIX
0,cc-pvdz,3.5438202247191013,FCI,1,1,-0.9987445402899874,
1,cc-pvdz,3.5438202247191013,FCI,2,1,-0.6202821520987927,
2,cc-pvdz,3.5438202247191013,FCI,3,1,-0.6197165440717872,
3,cc-pvdz,3.5438202247191013,FCI,1,3,-0.9984626031205964,
0,cc-pvdz,3.5438202247191013, LDA,1,1,-0.8809712784128063,UNPOLARIZED
1,cc-pvdz,3.5438202247191013, LDA,1,3,-0.8805097342789479,UNPOLARIZED
2,cc-pvdz,3.5438202247191013, LDA,2,1,-0.5923010518293943,UNPOLARIZED
3,cc-pvdz,3.5438202247191013, LDA,3,1,-0.5919940095911123,UNPOLARIZED
0,cc-pvdz,3.5438202247191013, LDA,1,3,-0.9825080268415963,POLARIZED
1,cc-pvdz,3.5438202247191013, LDA,1,1,-0.9822679587026827,POLARIZED
2,cc-pvdz,3.5438202247191013, LDA,2,1,-0.5835993042837515,POLARIZED
3,cc-pvdz,3.5438202247191013, LDA,3,1,-0.5826938988080981,POLARIZED
0,cc-pvdz,3.5438202247191013, LDA,1,3,-1.1172644276753032,INVARIANT
1,cc-pvdz,3.5438202247191013, LDA,1,1,-1.1164014651518905,INVARIANT
2,cc-pvdz,3.5438202247191013, LDA,2,1,-0.5681718714667683,INVARIANT
3,cc-pvdz,3.5438202247191013, LDA,3,1,-0.5667332905504783,INVARIANT
0,cc-pvdz,3.5438202247191013, LDA,1,3,-0.996073111442051,INVARIANT_MIX
1,cc-pvdz,3.5438202247191013, LDA,2,3,-0.9960731114420508,INVARIANT_MIX
2,cc-pvdz,3.5438202247191013, LDA,3,3,-0.9960731114420506,INVARIANT_MIX
3,cc-pvdz,3.5438202247191013, LDA,1,1,-0.9957557571170934,INVARIANT_MIX
4,cc-pvdz,3.5438202247191013, LDA,2,1,-0.5822492557956771,INVARIANT_MIX
5,cc-pvdz,3.5438202247191013, LDA,3,1,-0.5812770613988422,INVARIANT_MIX
0,cc-pvdz,3.5977528089887643,FCI,1,1,-0.9987164966342772,
1,cc-pvdz,3.5977528089887643,FCI,2,1,-0.6180202730019111,
2,cc-pvdz,3.5977528089887643,FCI,3,1,-0.6175372517641413,
3,cc-pvdz,3.5977528089887643,FCI,1,3,-0.9984787096879846,
0,cc-pvdz,3.5977528089887643, LDA,1,1,-0.8809110545126629,UNPOLARIZED
1,cc-pvdz,3.5977528089887643, LDA,1,3,-0.8805119721797632,UNPOLARIZED
2,cc-pvdz,3.5977528089887643, LDA,2,1,-0.5900838216403421,UNPOLARIZED
3,cc-pvdz,3.5977528089887643, LDA,3,1,-0.5898362906983958,UNPOLARIZED
0,cc-pvdz,3.5977528089887643, LDA,1,3,-0.9824964057234374,POLARIZED
1,cc-pvdz,3.5977528089887643, LDA,1,1,-0.9822742673613005,POLARIZED
2,cc-pvdz,3.5977528089887643, LDA,2,1,-0.5813020160101061,POLARIZED
3,cc-pvdz,3.5977528089887643, LDA,3,1,-0.580514833877257,POLARIZED
0,cc-pvdz,3.5977528089887643, LDA,1,3,-1.117242591157411,INVARIANT
1,cc-pvdz,3.5977528089887643, LDA,1,1,-1.1164711399135692,INVARIANT
2,cc-pvdz,3.5977528089887643, LDA,2,1,-0.565792826507019,INVARIANT
3,cc-pvdz,3.5977528089887643, LDA,3,1,-0.5645291368024826,INVARIANT
0,cc-pvdz,3.5977528089887643, LDA,1,3,-0.9960600652743203,INVARIANT_MIX
1,cc-pvdz,3.5977528089887643, LDA,2,3,-0.9960600652743201,INVARIANT_MIX
2,cc-pvdz,3.5977528089887643, LDA,3,3,-0.9960600652743199,INVARIANT_MIX
3,cc-pvdz,3.5977528089887643, LDA,1,1,-0.9957695893101846,INVARIANT_MIX
4,cc-pvdz,3.5977528089887643, LDA,2,1,-0.5799425219722145,INVARIANT_MIX
5,cc-pvdz,3.5977528089887643, LDA,3,1,-0.5790953942718661,INVARIANT_MIX
0,cc-pvdz,3.6516853932584272,FCI,1,1,-0.9986927728262645,
1,cc-pvdz,3.6516853932584272,FCI,2,1,-0.6158124658242545,
2,cc-pvdz,3.6516853932584272,FCI,3,1,-0.6154004529477637,
3,cc-pvdz,3.6516853932584272,FCI,1,3,-0.9984922586628875,
0,cc-pvdz,3.6516853932584272, LDA,1,1,-0.8808583838823778,UNPOLARIZED
1,cc-pvdz,3.6516853932584272, LDA,1,3,-0.8805128439426284,UNPOLARIZED
2,cc-pvdz,3.6516853932584272, LDA,2,1,-0.5879183736759979,UNPOLARIZED
3,cc-pvdz,3.6516853932584272, LDA,3,1,-0.5877202322045741,UNPOLARIZED
0,cc-pvdz,3.6516853932584272, LDA,1,3,-0.9824855990915762,POLARIZED
1,cc-pvdz,3.6516853932584272, LDA,1,1,-0.9822818687464644,POLARIZED
2,cc-pvdz,3.6516853932584272, LDA,2,1,-0.5790645199042096,POLARIZED
3,cc-pvdz,3.6516853932584272, LDA,3,1,-0.5783812565886763,POLARIZED
0,cc-pvdz,3.6516853932584272, LDA,1,3,-1.1172235155656927,INVARIANT
1,cc-pvdz,3.6516853932584272, LDA,1,1,-1.1165360098114836,INVARIANT
2,cc-pvdz,3.6516853932584272, LDA,2,1,-0.5634827090861009,INVARIANT
3,cc-pvdz,3.6516853932584272, LDA,3,1,-0.5623746176568636,INVARIANT
0,cc-pvdz,3.6516853932584272, LDA,1,3,-0.9960480774693519,INVARIANT_MIX
1,cc-pvdz,3.6516853932584272, LDA,2,3,-0.9960480774693519,INVARIANT_MIX
2,cc-pvdz,3.6516853932584272, LDA,3,3,-0.9960480774693516,INVARIANT_MIX
3,cc-pvdz,3.6516853932584272, LDA,1,1,-0.9957840083299175,INVARIANT_MIX
4,cc-pvdz,3.6516853932584272, LDA,2,1,-0.5776965746616988,INVARIANT_MIX
5,cc-pvdz,3.6516853932584272, LDA,3,1,-0.5769596577912841,INVARIANT_MIX
0,cc-pvdz,3.70561797752809,FCI,1,1,-0.9986726916228279,
1,cc-pvdz,3.70561797752809,FCI,2,1,-0.6136588103012286,
2,cc-pvdz,3.70561797752809,FCI,3,1,-0.6133077879286719,
3,cc-pvdz,3.70561797752809,FCI,1,3,-0.998503639581392,
0,cc-pvdz,3.70561797752809, LDA,1,1,-0.8808122399914768,UNPOLARIZED
1,cc-pvdz,3.70561797752809, LDA,1,3,-0.8805126766580952,UNPOLARIZED
2,cc-pvdz,3.70561797752809, LDA,2,1,-0.5858046843012168,UNPOLARIZED
3,cc-pvdz,3.70561797752809, LDA,3,1,-0.5856473785598012,UNPOLARIZED
0,cc-pvdz,3.70561797752809, LDA,1,3,-0.9824756599867567,POLARIZED
1,cc-pvdz,3.70561797752809, LDA,1,1,-0.9822902825522597,POLARIZED
2,cc-pvdz,3.70561797752809, LDA,2,1,-0.5768861646825634,POLARIZED
3,cc-pvdz,3.70561797752809, LDA,3,1,-0.5762941183564498,POLARIZED
0,cc-pvdz,3.70561797752809, LDA,1,3,-1.1172069703773753,INVARIANT
1,cc-pvdz,3.70561797752809, LDA,1,1,-1.1165961152404722,INVARIANT
2,cc-pvdz,3.70561797752809, LDA,2,1,-0.5612400250107416,INVARIANT
3,cc-pvdz,3.70561797752809, LDA,3,1,-0.5602701183379097,INVARIANT
0,cc-pvdz,3.70561797752809, LDA,1,3,-0.9960371682066727,INVARIANT_MIX
1,cc-pvdz,3.70561797752809, LDA,2,3,-0.9960371682066724,INVARIANT_MIX
2,cc-pvdz,3.70561797752809, LDA,3,3,-0.9960371682066723,INVARIANT_MIX
3,cc-pvdz,3.70561797752809, LDA,1,1,-0.9957985928656915,INVARIANT_MIX
4,cc-pvdz,3.70561797752809, LDA,2,1,-0.575510678220174,INVARIANT_MIX
5,cc-pvdz,3.70561797752809, LDA,3,1,-0.5748707396591302,INVARIANT_MIX
0,cc-pvdz,3.759550561797753,FCI,1,1,-0.9986556816338034,
1,cc-pvdz,3.759550561797753,FCI,2,1,-0.611559134367175,
2,cc-pvdz,3.759550561797753,FCI,3,1,-0.6112604427463008,
3,cc-pvdz,3.759550561797753,FCI,1,3,-0.9985131838030229,
0,cc-pvdz,3.759550561797753, LDA,1,1,-0.8807717377172622,UNPOLARIZED
1,cc-pvdz,3.759550561797753, LDA,1,3,-0.8805117256034745,UNPOLARIZED
2,cc-pvdz,3.759550561797753, LDA,2,1,-0.5837425098538336,UNPOLARIZED
3,cc-pvdz,3.759550561797753, LDA,3,1,-0.5836188279263695,UNPOLARIZED
0,cc-pvdz,3.759550561797753, LDA,1,3,-0.9824665909836936,POLARIZED
1,cc-pvdz,3.759550561797753, LDA,1,1,-0.9822991124573911,POLARIZED
2,cc-pvdz,3.759550561797753, LDA,2,1,-0.5747661024307608,POLARIZED
3,cc-pvdz,3.759550561797753, LDA,3,1,-0.5742540050017715,POLARIZED
0,cc-pvdz,3.759550561797753, LDA,1,3,-1.1171927001725446,INVARIANT
1,cc-pvdz,3.759550561797753, LDA,1,1,-1.1166515337966674,INVARIANT
2,cc-pvdz,3.759550561797753, LDA,2,1,-0.5590631317121028,INVARIANT
3,cc-pvdz,3.759550561797753, LDA,3,1,-0.5582157212215157,INVARIANT
0,cc-pvdz,3.759550561797753, LDA,1,3,-0.9960273098653127,INVARIANT_MIX
1,cc-pvdz,3.759550561797753, LDA,2,3,-0.9960273098653125,INVARIANT_MIX
2,cc-pvdz,3.759550561797753, LDA,3,3,-0.9960273098653125,INVARIANT_MIX
3,cc-pvdz,3.759550561797753, LDA,1,1,-0.9958130000320536,INVARIANT_MIX
4,cc-pvdz,3.759550561797753, LDA,2,1,-0.5733839045404275,INVARIANT_MIX
5,cc-pvdz,3.759550561797753, LDA,3,1,-0.572829169933809,INVARIANT_MIX
0,cc-pvdz,3.813483146067416,FCI,1,1,-0.9986412610878215,
1,cc-pvdz,3.813483146067416,FCI,2,1,-0.6095130379682733,
2,cc-pvdz,3.813483146067416,FCI,3,1,-0.6092591984421446,
3,cc-pvdz,3.813483146067416,FCI,1,3,-0.9985211730059587,
0,cc-pvdz,3.813483146067416, LDA,1,1,-0.8807361127521067,UNPOLARIZED
1,cc-pvdz,3.813483146067416, LDA,1,3,-0.880510187055006,UNPOLARIZED
2,cc-pvdz,3.813483146067416, LDA,2,1,-0.5817314085338907,UNPOLARIZED
3,cc-pvdz,3.813483146067416, LDA,3,1,-0.581635285264803,UNPOLARIZED
0,cc-pvdz,3.813483146067416, LDA,1,3,-0.9824583575172928,POLARIZED
1,cc-pvdz,3.813483146067416, LDA,1,1,-0.9823080347648615,POLARIZED
2,cc-pvdz,3.813483146067416, LDA,2,1,-0.5727033134765869,POLARIZED
3,cc-pvdz,3.813483146067416, LDA,3,1,-0.5722611795202662,POLARIZED
0,cc-pvdz,3.813483146067416, LDA,1,3,-1.1171804387409565,INVARIANT
1,cc-pvdz,3.813483146067416, LDA,1,1,-1.1167023754758019,INVARIANT
2,cc-pvdz,3.813483146067416, LDA,2,1,-0.556950264319536,INVARIANT
3,cc-pvdz,3.813483146067416, LDA,3,1,-0.5562112419562554,INVARIANT
0,cc-pvdz,3.813483146067416, LDA,1,3,-0.9960184404461887,INVARIANT_MIX
1,cc-pvdz,3.813483146067416, LDA,2,3,-0.9960184404461887,INVARIANT_MIX
2,cc-pvdz,3.813483146067416, LDA,3,3,-0.9960184404461884,INVARIANT_MIX
3,cc-pvdz,3.813483146067416, LDA,1,1,-0.9958269548433716,INVARIANT_MIX
4,cc-pvdz,3.813483146067416, LDA,2,1,-0.5713151581414749,INVARIANT_MIX
5,cc-pvdz,3.813483146067416, LDA,3,1,-0.5708351628453628,INVARIANT_MIX
0,cc-pvdz,3.867415730337079,FCI,1,1,-0.9986290240264342,
1,cc-pvdz,3.867415730337079,FCI,2,1,-0.6075199172518307,
2,cc-pvdz,3.867415730337079,FCI,3,1,-0.6073044774788489,
3,cc-pvdz,3.867415730337079,FCI,1,3,-0.9985278465230081,
0,cc-pvdz,3.867415730337079, LDA,1,1,-0.880704711852996,UNPOLARIZED
1,cc-pvdz,3.867415730337079, LDA,1,3,-0.8805082169529971,UNPOLARIZED
2,cc-pvdz,3.867415730337079, LDA,2,1,-0.5797707661280701,UNPOLARIZED
3,cc-pvdz,3.867415730337079, LDA,3,1,-0.5796971149686382,UNPOLARIZED
0,cc-pvdz,3.867415730337079, LDA,1,3,-0.9824509094191357,POLARIZED
1,cc-pvdz,3.867415730337079, LDA,1,1,-0.9823167990057884,POLARIZED
2,cc-pvdz,3.867415730337079, LDA,2,1,-0.570696633784891,POLARIZED
3,cc-pvdz,3.867415730337079, LDA,3,1,-0.5703156251694934,POLARIZED
0,cc-pvdz,3.867415730337079, LDA,1,3,-1.1171699350387743,INVARIANT
1,cc-pvdz,3.867415730337079, LDA,1,1,-1.1167487930348474,INVARIANT
2,cc-pvdz,3.867415730337079, LDA,2,1,-0.5548995622115294,INVARIANT
3,cc-pvdz,3.867415730337079, LDA,3,1,-0.5542562654639382,INVARIANT
0,cc-pvdz,3.867415730337079, LDA,1,3,-0.9960104855586596,INVARIANT_MIX
1,cc-pvdz,3.867415730337079, LDA,2,3,-0.9960104855586593,INVARIANT_MIX
2,cc-pvdz,3.867415730337079, LDA,3,3,-0.9960104855586593,INVARIANT_MIX
3,cc-pvdz,3.867415730337079, LDA,1,1,-0.9958402519258959,INVARIANT_MIX
4,cc-pvdz,3.867415730337079, LDA,2,1,-0.5693032035581078,INVARIANT_MIX
5,cc-pvdz,3.867415730337079, LDA,3,1,-0.5688886589141113,INVARIANT_MIX
0,cc-pvdz,3.921348314606742,FCI,1,1,-0.9986186285782881,
1,cc-pvdz,3.921348314606742,FCI,2,1,-0.6055789887928233,
2,cc-pvdz,3.921348314606742,FCI,3,1,-0.6053963874362602,
3,cc-pvdz,3.921348314606742,FCI,1,3,-0.9985334076545445,
0,cc-pvdz,3.921348314606742, LDA,1,1,-0.8806769830851016,UNPOLARIZED
1,cc-pvdz,3.921348314606742, LDA,1,3,-0.8805059452341052,UNPOLARIZED
2,cc-pvdz,3.921348314606742, LDA,2,1,-0.5778598203185482,UNPOLARIZED
3,cc-pvdz,3.921348314606742, LDA,3,1,-0.5778043884014967,UNPOLARIZED
0,cc-pvdz,3.921348314606742, LDA,1,3,-0.9824441960734585,POLARIZED
1,cc-pvdz,3.921348314606742, LDA,1,1,-0.9823252254409043,POLARIZED
2,cc-pvdz,3.921348314606742, LDA,2,1,-0.5687447811164376,POLARIZED
3,cc-pvdz,3.921348314606742, LDA,3,1,-0.5684170854554038,POLARIZED
0,cc-pvdz,3.921348314606742, LDA,1,3,-1.1171609693185731,INVARIANT
1,cc-pvdz,3.921348314606742, LDA,1,1,-1.11679098538978,INVARIANT
2,cc-pvdz,3.921348314606742, LDA,2,1,-0.5529090952451277,INVARIANT
3,cc-pvdz,3.921348314606742, LDA,3,1,-0.5523501810931328,INVARIANT
0,cc-pvdz,3.921348314606742, LDA,1,3,-0.9960033737290684,INVARIANT_MIX
1,cc-pvdz,3.921348314606742, LDA,2,3,-0.9960033737290684,INVARIANT_MIX
2,cc-pvdz,3.921348314606742, LDA,3,3,-0.9960033737290682,INVARIANT_MIX
3,cc-pvdz,3.921348314606742, LDA,1,1,-0.9958527537603371,INVARIANT_MIX
4,cc-pvdz,3.921348314606742, LDA,2,1,-0.5673466915270855,INVARIANT_MIX
5,cc-pvdz,3.921348314606742, LDA,3,1,-0.5669893641772363,INVARIANT_MIX
0,cc-pvdz,3.9752808988764046,FCI,1,1,-0.9986097870080235,
1,cc-pvdz,3.9752808988764046,FCI,2,1,-0.60368931353524,
2,cc-pvdz,3.9752808988764046,FCI,3,1,-0.6035347620411045,
3,cc-pvdz,3.9752808988764046,FCI,1,3,-0.9985380290806878,
0,cc-pvdz,3.9752808988764046, LDA,1,1,-0.8806524618815057,UNPOLARIZED
1,cc-pvdz,3.9752808988764046, LDA,1,3,-0.8805034822741242,UNPOLARIZED
2,cc-pvdz,3.9752808988764046, LDA,2,1,-0.5759976809474823,UNPOLARIZED
3,cc-pvdz,3.9752808988764046, LDA,3,1,-0.5759569242480475,UNPOLARIZED
0,cc-pvdz,3.9752808988764046, LDA,1,3,-0.9824381706671483,POLARIZED
1,cc-pvdz,3.9752808988764046, LDA,1,1,-0.982333194490603,POLARIZED
2,cc-pvdz,3.9752808988764046, LDA,2,1,-0.566846377438013,POLARIZED
3,cc-pvdz,3.9752808988764046, LDA,3,1,-0.5665650988012854,POLARIZED
0,cc-pvdz,3.9752808988764046, LDA,1,3,-1.1171533536933718,INVARIANT
1,cc-pvdz,3.9752808988764046, LDA,1,1,-1.11682918791851,INVARIANT
2,cc-pvdz,3.9752808988764046, LDA,2,1,-0.5509768872547547,INVARIANT
3,cc-pvdz,3.9752808988764046, LDA,3,1,-0.5504922146048837,INVARIANT
0,cc-pvdz,3.9752808988764046, LDA,1,3,-0.9959970403708963,INVARIANT_MIX
1,cc-pvdz,3.9752808988764046, LDA,2,3,-0.9959970403708961,INVARIANT_MIX
2,cc-pvdz,3.9752808988764046, LDA,3,3,-0.995997040370896,INVARIANT_MIX
3,cc-pvdz,3.9752808988764046, LDA,1,1,-0.9958643803625157,INVARIANT_MIX
4,cc-pvdz,3.9752808988764046, LDA,2,1,-0.5654441814873005,INVARIANT_MIX
5,cc-pvdz,3.9752808988764046, LDA,3,1,-0.5651367843125883,INVARIANT_MIX
0,cc-pvdz,4.0292134831460675,FCI,1,1,-0.9986022572753611,
1,cc-pvdz,4.0292134831460675,FCI,2,1,-0.6018498201477523,
2,cc-pvdz,4.0292134831460675,FCI,3,1,-0.6017191995391101,
3,cc-pvdz,4.0292134831460675,FCI,1,3,-0.9985418574849264,
0,cc-pvdz,4.0292134831460675, LDA,1,1,-0.8806307541496822,UNPOLARIZED
1,cc-pvdz,4.0292134831460675, LDA,1,3,-0.8805009192311086,UNPOLARIZED
2,cc-pvdz,4.0292134831460675, LDA,2,1,-0.5741833470203089,UNPOLARIZED
3,cc-pvdz,4.0292134831460675, LDA,3,1,-0.5741543229169498,UNPOLARIZED
0,cc-pvdz,4.0292134831460675, LDA,1,3,-0.9824327865388225,POLARIZED
1,cc-pvdz,4.0292134831460675, LDA,1,1,-0.9823406307062339,POLARIZED
2,cc-pvdz,4.0292134831460675, LDA,2,1,-0.5649999678063412,POLARIZED
3,cc-pvdz,4.0292134831460675, LDA,3,1,-0.5647590283681164,POLARIZED
0,cc-pvdz,4.0292134831460675, LDA,1,3,-1.1171469222337578,INVARIANT
1,cc-pvdz,4.0292134831460675, LDA,1,1,-1.1168636544302557,INVARIANT
2,cc-pvdz,4.0292134831460675, LDA,2,1,-0.5491009360318782,INVARIANT
3,cc-pvdz,4.0292134831460675, LDA,3,1,-0.548681456279933,INVARIANT
0,cc-pvdz,4.0292134831460675, LDA,1,3,-0.9959914235934421,INVARIANT_MIX
1,cc-pvdz,4.0292134831460675, LDA,2,3,-0.9959914235934418,INVARIANT_MIX
2,cc-pvdz,4.0292134831460675, LDA,3,3,-0.9959914235934414,INVARIANT_MIX
3,cc-pvdz,4.0292134831460675, LDA,1,1,-0.9958750931973583,INVARIANT_MIX
4,cc-pvdz,4.0292134831460675, LDA,2,1,-0.563594160555385,INVARIANT_MIX
5,cc-pvdz,4.0292134831460675, LDA,3,1,-0.5633302540471424,INVARIANT_MIX
0,cc-pvdz,4.08314606741573,FCI,1,1,-0.9985958358772111,
1,cc-pvdz,4.08314606741573,FCI,2,1,-0.6000593275186461,
2,cc-pvdz,4.08314606741573,FCI,3,1,-0.5999490983915748,
3,cc-pvdz,4.08314606741573,FCI,1,3,-0.9985450174893482,
0,cc-pvdz,4.08314606741573, LDA,1,1,-0.8806115200310429,UNPOLARIZED
1,cc-pvdz,4.08314606741573, LDA,1,3,-0.8804983263803747,UNPOLARIZED
2,cc-pvdz,4.08314606741573, LDA,2,1,-0.5724157230903437,UNPOLARIZED
3,cc-pvdz,4.08314606741573, LDA,3,1,-0.5723959980108893,UNPOLARIZED
0,cc-pvdz,4.08314606741573, LDA,1,3,-0.9824279916088842,POLARIZED
1,cc-pvdz,4.08314606741573, LDA,1,1,-0.982347486920035,POLARIZED
2,cc-pvdz,4.08314606741573, LDA,2,1,-0.5632040376096871,POLARIZED
3,cc-pvdz,4.08314606741573, LDA,3,1,-0.5629980891029372,POLARIZED
0,cc-pvdz,4.08314606741573, LDA,1,3,-1.1171415193443497,INVARIANT
1,cc-pvdz,4.08314606741573, LDA,1,1,-1.1168946392418437,INVARIANT
2,cc-pvdz,4.08314606741573, LDA,2,1,-0.5472792307289647,INVARIANT
3,cc-pvdz,4.08314606741573, LDA,3,1,-0.5469168861335276,INVARIANT
0,cc-pvdz,4.08314606741573, LDA,1,3,-0.9959864580783733,INVARIANT_MIX
1,cc-pvdz,4.08314606741573, LDA,2,3,-0.995986458078373,INVARIANT_MIX
2,cc-pvdz,4.08314606741573, LDA,3,3,-0.9959864580783729,INVARIANT_MIX
3,cc-pvdz,4.08314606741573, LDA,1,1,-0.9958848792189551,INVARIANT_MIX
4,cc-pvdz,4.08314606741573, LDA,2,1,-0.5617950607981288,INVARIANT_MIX
5,cc-pvdz,4.08314606741573, LDA,3,1,-0.5615689638456093,INVARIANT_MIX
0,cc-pvdz,4.1370786516853935,FCI,1,1,-0.998590351779235,
1,cc-pvdz,4.1370786516853935,FCI,2,1,-0.598316566147315,
2,cc-pvdz,4.1370786516853935,FCI,3,1,-0.5982236902691328,
3,cc-pvdz,4.1370786516853935,FCI,1,3,-0.9985476149938134,
0,cc-pvdz,4.1370786516853935, LDA,1,1,-0.8805944624680737,UNPOLARIZED
1,cc-pvdz,4.1370786516853935, LDA,1,3,-0.8804957539907317,UNPOLARIZED
2,cc-pvdz,4.1370786516853935, LDA,2,1,-0.5706936379624998,UNPOLARIZED
3,cc-pvdz,4.1370786516853935, LDA,3,1,-0.570681208108575,UNPOLARIZED
0,cc-pvdz,4.1370786516853935, LDA,1,3,-0.9824237272647556,POLARIZED
1,cc-pvdz,4.1370786516853935, LDA,1,1,-0.9823537346467391,POLARIZED
2,cc-pvdz,4.1370786516853935, LDA,2,1,-0.5614570303897654,POLARIZED
3,cc-pvdz,4.1370786516853935, LDA,3,1,-0.5612813743868945,POLARIZED
0,cc-pvdz,4.1370786516853935, LDA,1,3,-1.117136995203789,INVARIANT
1,cc-pvdz,4.1370786516853935, LDA,1,1,-1.1169223878643408,INVARIANT
2,cc-pvdz,4.1370786516853935, LDA,2,1,-0.5455097682923589,INVARIANT
3,cc-pvdz,4.1370786516853935, LDA,3,1,-0.545197397852263,INVARIANT
0,cc-pvdz,4.1370786516853935, LDA,1,3,-0.995982073625065,INVARIANT_MIX
1,cc-pvdz,4.1370786516853935, LDA,2,3,-0.9959820736250643,INVARIANT_MIX
2,cc-pvdz,4.1370786516853935, LDA,3,3,-0.9959820736250643,INVARIANT_MIX
3,cc-pvdz,4.1370786516853935, LDA,1,1,-0.9958937413406842,INVARIANT_MIX
4,cc-pvdz,4.1370786516853935, LDA,2,1,-0.560045276979699,INVARIANT_MIX
5,cc-pvdz,4.1370786516853935, LDA,3,1,-0.5598519861882549,INVARIANT_MIX
0,cc-pvdz,4.191011235955056,FCI,1,1,-0.9985856612727039,
1,cc-pvdz,4.191011235955056,FCI,2,1,-0.5966201982254694,
2,cc-pvdz,4.191011235955056,FCI,3,1,-0.5965420703207128,
3,cc-pvdz,4.191011235955056,FCI,1,3,-0.9985497400018862,
0,cc-pvdz,4.191011235955056, LDA,1,1,-0.880579323124112,UNPOLARIZED
1,cc-pvdz,4.191011235955056, LDA,1,3,-0.8804932385826799,UNPOLARIZED
2,cc-pvdz,4.191011235955056, LDA,2,1,-0.5690158668780362,UNPOLARIZED
3,cc-pvdz,4.191011235955056, LDA,3,1,-0.5690090902813609,UNPOLARIZED
0,cc-pvdz,4.191011235955056, LDA,1,3,-0.9824199354270927,POLARIZED
1,cc-pvdz,4.191011235955056, LDA,1,1,-0.9823593642013375,POLARIZED
2,cc-pvdz,4.191011235955056, LDA,2,1,-0.5597573672663825,POLARIZED
3,cc-pvdz,4.191011235955056, LDA,3,1,-0.5596078834227519,POLARIZED
0,cc-pvdz,4.191011235955056, LDA,1,3,-1.1171332131967429,INVARIANT
1,cc-pvdz,4.191011235955056, LDA,1,1,-1.116947140973621,INVARIANT
2,cc-pvdz,4.191011235955056, LDA,2,1,-0.5437905697470045,INVARIANT
3,cc-pvdz,4.191011235955056, LDA,3,1,-0.5435218222650253,INVARIANT
0,cc-pvdz,4.191011235955056, LDA,1,3,-0.9959782022093568,INVARIANT_MIX
1,cc-pvdz,4.191011235955056, LDA,2,3,-0.9959782022093564,INVARIANT_MIX
2,cc-pvdz,4.191011235955056, LDA,3,3,-0.9959782022093564,INVARIANT_MIX
3,cc-pvdz,4.191011235955056, LDA,1,1,-0.9959016989196418,INVARIANT_MIX
4,cc-pvdz,4.191011235955056, LDA,2,1,-0.5583431857902779,INVARIANT_MIX
5,cc-pvdz,4.191011235955056, LDA,3,1,-0.5581783025443083,INVARIANT_MIX
0,cc-pvdz,4.244943820224719,FCI,1,1,-0.9985816436179159,
1,cc-pvdz,4.244943820224719,FCI,2,1,-0.5949688362408141,
2,cc-pvdz,4.244943820224719,FCI,3,1,-0.5949032247114139,
3,cc-pvdz,4.244943820224719,FCI,1,3,-0.9985514690075658,
0,cc-pvdz,4.244943820224719, LDA,1,1,-0.8805658834259192,UNPOLARIZED
1,cc-pvdz,4.244943820224719, LDA,1,3,-0.8804908125675213,UNPOLARIZED
2,cc-pvdz,4.244943820224719, LDA,2,1,-0.5673811543935563,UNPOLARIZED
3,cc-pvdz,4.244943820224719, LDA,3,1,-0.567378692786098,UNPOLARIZED
0,cc-pvdz,4.244943820224719, LDA,1,3,-0.9824165703514367,POLARIZED
1,cc-pvdz,4.244943820224719, LDA,1,1,-0.9823643908608101,POLARIZED
2,cc-pvdz,4.244943820224719, LDA,2,1,-0.558103466375232,POLARIZED
3,cc-pvdz,4.244943820224719, LDA,3,1,-0.5579765478669372,POLARIZED
0,cc-pvdz,4.244943820224719, LDA,1,3,-1.1171300641434982,INVARIANT
1,cc-pvdz,4.244943820224719, LDA,1,1,-1.1169691462431983,INVARIANT
2,cc-pvdz,4.244943820224719, LDA,2,1,-0.542119695533468,INVARIANT
3,cc-pvdz,4.244943820224719, LDA,3,1,-0.5418889495283382,INVARIANT
0,cc-pvdz,4.244943820224719, LDA,1,3,-0.995974789956477,INVARIANT_MIX
1,cc-pvdz,4.244943820224719, LDA,2,3,-0.9959747899564768,INVARIANT_MIX
2,cc-pvdz,4.244943820224719, LDA,3,3,-0.9959747899564767,INVARIANT_MIX
3,cc-pvdz,4.244943820224719, LDA,1,1,-0.9959087944287274,INVARIANT_MIX
4,cc-pvdz,4.244943820224719, LDA,2,1,-0.5566871650274683,INVARIANT_MIX
5,cc-pvdz,4.244943820224719, LDA,3,1,-0.5565468295905361,INVARIANT_MIX
0,cc-pvdz,4.298876404494382,FCI,1,1,-0.9985781973569823,
1,cc-pvdz,4.298876404494382,FCI,2,1,-0.5933610599785306,
2,cc-pvdz,4.298876404494382,FCI,3,1,-0.5933060554463074,
3,cc-pvdz,4.298876404494382,FCI,1,3,-0.998552867009499,
0,cc-pvdz,4.298876404494382, LDA,1,1,-0.8805539624350345,UNPOLARIZED
1,cc-pvdz,4.298876404494382, LDA,1,3,-0.8804885092022726,UNPOLARIZED
2,cc-pvdz,4.298876404494382, LDA,2,1,-0.5657890002547381,UNPOLARIZED
3,cc-pvdz,4.298876404494382, LDA,3,1,-0.5657882310740037,UNPOLARIZED
0,cc-pvdz,4.298876404494382, LDA,1,3,-0.9824136031936743,POLARIZED
1,cc-pvdz,4.298876404494382, LDA,1,1,-0.9823688548995502,POLARIZED
2,cc-pvdz,4.298876404494382, LDA,2,1,-0.5564937576337472,POLARIZED
3,cc-pvdz,4.298876404494382, LDA,3,1,-0.5563862531004262,POLARIZED
0,cc-pvdz,4.298876404494382, LDA,1,3,-1.1171274702226683,INVARIANT
1,cc-pvdz,4.298876404494382, LDA,1,1,-1.116988660736741,INVARIANT
2,cc-pvdz,4.298876404494382, LDA,2,1,-0.5404952570617201,INVARIANT
3,cc-pvdz,4.298876404494382, LDA,3,1,-0.540297547172298,INVARIANT
0,cc-pvdz,4.298876404494382, LDA,1,3,-0.9959718015876668,INVARIANT_MIX
1,cc-pvdz,4.298876404494382, LDA,2,3,-0.9959718015876664,INVARIANT_MIX
2,cc-pvdz,4.298876404494382, LDA,3,3,-0.9959718015876661,INVARIANT_MIX
3,cc-pvdz,4.298876404494382, LDA,1,1,-0.9959150936773369,INVARIANT_MIX
4,cc-pvdz,4.298876404494382, LDA,2,1,-0.5550756081881368,INVARIANT_MIX
5,cc-pvdz,4.298876404494382, LDA,3,1,-0.5549564401985321,INVARIANT_MIX
0,cc-pvdz,4.352808988764045,FCI,1,1,-0.9985752371967773,
1,cc-pvdz,4.352808988764045,FCI,2,1,-0.591795431837496,
2,cc-pvdz,4.352808988764045,FCI,3,1,-0.5917494025239989,
3,cc-pvdz,4.352808988764045,FCI,1,3,-0.9985539892101825,
0,cc-pvdz,4.352808988764045, LDA,1,1,-0.8805434064623893,UNPOLARIZED
1,cc-pvdz,4.352808988764045, LDA,1,3,-0.8804863580394803,UNPOLARIZED
2,cc-pvdz,4.352808988764045, LDA,2,1,-0.5642389471058283,UNPOLARIZED
3,cc-pvdz,4.352808988764045, LDA,3,1,-0.5642358195507283,UNPOLARIZED
0,cc-pvdz,4.352808988764045, LDA,1,3,-0.982411012853694,POLARIZED
1,cc-pvdz,4.352808988764045, LDA,1,1,-0.9823728088387851,POLARIZED
2,cc-pvdz,4.352808988764045, LDA,2,1,-0.5549266890872943,POLARIZED
3,cc-pvdz,4.352808988764045, LDA,3,1,-0.5548358504657026,POLARIZED
0,cc-pvdz,4.352808988764045, LDA,1,3,-1.1171253701564199,INVARIANT
1,cc-pvdz,4.352808988764045, LDA,1,1,-1.1170059352680597,INVARIANT
2,cc-pvdz,4.352808988764045, LDA,2,1,-0.5389154210870004,INVARIANT
3,cc-pvdz,4.352808988764045, LDA,3,1,-0.5387463706133374,INVARIANT
0,cc-pvdz,4.352808988764045, LDA,1,3,-0.995969210670704,INVARIANT_MIX
1,cc-pvdz,4.352808988764045, LDA,2,3,-0.995969210670704,INVARIANT_MIX
2,cc-pvdz,4.352808988764045, LDA,3,3,-0.9959692106707039,INVARIANT_MIX
3,cc-pvdz,4.352808988764045, LDA,1,1,-0.9959206727403123,INVARIANT_MIX
4,cc-pvdz,4.352808988764045, LDA,2,1,-0.553506930738204,INVARIANT_MIX
5,cc-pvdz,4.352808988764045, LDA,3,1,-0.5534059755242776,INVARIANT_MIX
0,cc-pvdz,4.406741573033708,FCI,1,1,-0.9985726913780827,
1,cc-pvdz,4.406741573033708,FCI,2,1,-0.5902705104201796,
2,cc-pvdz,4.406741573033708,FCI,3,1,-0.5902320634925462,
3,cc-pvdz,4.406741573033708,FCI,1,3,-0.9985548824508593,
0,cc-pvdz,4.406741573033708, LDA,1,1,-0.8805340741865869,UNPOLARIZED
1,cc-pvdz,4.406741573033708, LDA,1,3,-0.8804843748937629,UNPOLARIZED
2,cc-pvdz,4.406741573033708, LDA,2,1,-0.5627274222067983,UNPOLARIZED
3,cc-pvdz,4.406741573033708, LDA,3,1,-0.5627226328275428,UNPOLARIZED
0,cc-pvdz,4.406741573033708, LDA,1,3,-0.9824087698164402,POLARIZED
1,cc-pvdz,4.406741573033708, LDA,1,1,-0.9823762984814662,POLARIZED
2,cc-pvdz,4.406741573033708, LDA,2,1,-0.5534007260942443,POLARIZED
3,cc-pvdz,4.406741573033708, LDA,3,1,-0.5533241617993062,POLARIZED
0,cc-pvdz,4.406741573033708, LDA,1,3,-1.1171236962043207,INVARIANT
1,cc-pvdz,4.406741573033708, LDA,1,1,-1.1170211911427284,INVARIANT
2,cc-pvdz,4.406741573033708, LDA,2,1,-0.5373784065726136,INVARIANT
3,cc-pvdz,4.406741573033708, LDA,3,1,-0.5372341658108635,INVARIANT
0,cc-pvdz,4.406741573033708, LDA,1,3,-0.9959669827448606,INVARIANT_MIX
1,cc-pvdz,4.406741573033708, LDA,2,3,-0.9959669827448605,INVARIANT_MIX
2,cc-pvdz,4.406741573033708, LDA,3,3,-0.9959669827448604,INVARIANT_MIX
3,cc-pvdz,4.406741573033708, LDA,1,1,-0.9959255985246,INVARIANT_MIX
4,cc-pvdz,4.406741573033708, LDA,2,1,-0.5519795691689023,INVARIANT_MIX
5,cc-pvdz,4.406741573033708, LDA,3,1,-0.5518942493750129,INVARIANT_MIX
0,cc-pvdz,4.460674157303371,FCI,1,1,-0.9985704994593853,
1,cc-pvdz,4.460674157303371,FCI,2,1,-0.5887848623937254,
2,cc-pvdz,4.460674157303371,FCI,3,1,-0.588752810507719,
3,cc-pvdz,4.460674157303371,FCI,1,3,-0.9985555864255761,
0,cc-pvdz,4.460674157303371, LDA,1,1,-0.8805258253601486,UNPOLARIZED
1,cc-pvdz,4.460674157303371, LDA,1,3,-0.8804825546134978,UNPOLARIZED
2,cc-pvdz,4.460674157303371, LDA,2,1,-0.5612532725210003,UNPOLARIZED
3,cc-pvdz,4.460674157303371, LDA,3,1,-0.5612473724452898,UNPOLARIZED
0,cc-pvdz,4.460674157303371, LDA,1,3,-0.9824068252251662,POLARIZED
1,cc-pvdz,4.460674157303371, LDA,1,1,-0.9823793498436739,POLARIZED
2,cc-pvdz,4.460674157303371, LDA,2,1,-0.5519143489846596,POLARIZED
3,cc-pvdz,4.460674157303371, LDA,3,1,-0.5518499819555478,POLARIZED
0,cc-pvdz,4.460674157303371, LDA,1,3,-1.1171228961255784,INVARIANT
1,cc-pvdz,4.460674157303371, LDA,1,1,-1.1170352359506206,INVARIANT
2,cc-pvdz,4.460674157303371, LDA,2,1,-0.5358813116684971,INVARIANT
3,cc-pvdz,4.460674157303371, LDA,3,1,-0.5357585975440243,INVARIANT
0,cc-pvdz,4.460674157303371, LDA,1,3,-0.9959650640344992,INVARIANT_MIX
1,cc-pvdz,4.460674157303371, LDA,2,3,-0.9959650640344991,INVARIANT_MIX
2,cc-pvdz,4.460674157303371, LDA,3,3,-0.995965064034499,INVARIANT_MIX
3,cc-pvdz,4.460674157303371, LDA,1,1,-0.9959299155712027,INVARIANT_MIX
4,cc-pvdz,4.460674157303371, LDA,2,1,-0.5504919783435719,INVARIANT_MIX
5,cc-pvdz,4.460674157303371, LDA,3,1,-0.5504200504157092,INVARIANT_MIX
0,cc-pvdz,4.514606741573034,FCI,1,1,-0.9985686104541903,
1,cc-pvdz,4.514606741573034,FCI,2,1,-0.5873370726547763,
2,cc-pvdz,4.514606741573034,FCI,3,1,-0.587310405018527,
3,cc-pvdz,4.514606741573034,FCI,1,3,-0.9985561347109378,
0,cc-pvdz,4.514606741573034, LDA,1,1,-0.8805185192388115,UNPOLARIZED
1,cc-pvdz,4.514606741573034, LDA,1,3,-0.8804808729282901,UNPOLARIZED
2,cc-pvdz,4.514606741573034, LDA,2,1,-0.5598153127910649,UNPOLARIZED
3,cc-pvdz,4.514606741573034, LDA,3,1,-0.5598087334457859,UNPOLARIZED
0,cc-pvdz,4.514606741573034, LDA,1,3,-0.9824051134023785,POLARIZED
1,cc-pvdz,4.514606741573034, LDA,1,1,-0.9823819700899932,POLARIZED
2,cc-pvdz,4.514606741573034, LDA,2,1,-0.5504660556074646,POLARIZED
3,cc-pvdz,4.514606741573034, LDA,3,1,-0.5504120857833894,POLARIZED
0,cc-pvdz,4.514606741573034, LDA,1,3,-1.1171217489593344,INVARIANT
1,cc-pvdz,4.514606741573034, LDA,1,1,-1.1170468959638644,INVARIANT
2,cc-pvdz,4.514606741573034, LDA,2,1,-0.5344248789164424,INVARIANT
3,cc-pvdz,4.514606741573034, LDA,3,1,-0.5343206267729443,INVARIANT
0,cc-pvdz,4.514606741573034, LDA,1,3,-0.995963384181547,INVARIANT_MIX
1,cc-pvdz,4.514606741573034, LDA,2,3,-0.9959633841815465,INVARIANT_MIX
2,cc-pvdz,4.514606741573034, LDA,3,3,-0.9959633841815461,INVARIANT_MIX
3,cc-pvdz,4.514606741573034, LDA,1,1,-0.9959336474197713,INVARIANT_MIX
4,cc-pvdz,4.514606741573034, LDA,2,1,-0.5490426335590606,INVARIANT_MIX
5,cc-pvdz,4.514606741573034, LDA,3,1,-0.5489821486831941,INVARIANT_MIX
0,cc-pvdz,4.568539325842697,FCI,1,1,-0.9985669812695022,
1,cc-pvdz,4.568539325842697,FCI,2,1,-0.5859257528503209,
2,cc-pvdz,4.568539325842697,FCI,3,1,-0.5859036102261128,
3,cc-pvdz,4.568539325842697,FCI,1,3,-0.9985565556425786,
0,cc-pvdz,4.568539325842697, LDA,1,1,-0.880512022761516,UNPOLARIZED
1,cc-pvdz,4.568539325842697, LDA,1,3,-0.8804792974905602,UNPOLARIZED
2,cc-pvdz,4.568539325842697, LDA,2,1,-0.5584123435241707,UNPOLARIZED
3,cc-pvdz,4.568539325842697, LDA,3,1,-0.5584054182989014,UNPOLARIZED
0,cc-pvdz,4.568539325842697, LDA,1,3,-0.9824035667677801,POLARIZED
1,cc-pvdz,4.568539325842697, LDA,1,1,-0.98238416132229,POLARIZED
2,cc-pvdz,4.568539325842697, LDA,2,1,-0.5490543719211055,POLARIZED
3,cc-pvdz,4.568539325842697, LDA,3,1,-0.5490092427453588,POLARIZED
0,cc-pvdz,4.568539325842697, LDA,1,3,-1.1171207406233632,INVARIANT
1,cc-pvdz,4.568539325842697, LDA,1,1,-1.1170569828720973,INVARIANT
2,cc-pvdz,4.568539325842697, LDA,2,1,-0.5330061941570633,INVARIANT
3,cc-pvdz,4.568539325842697, LDA,3,1,-0.5329178183760139,INVARIANT
0,cc-pvdz,4.568539325842697, LDA,1,3,-0.9959618717591396,INVARIANT_MIX
1,cc-pvdz,4.568539325842697, LDA,2,3,-0.9959618717591394,INVARIANT_MIX
2,cc-pvdz,4.568539325842697, LDA,3,3,-0.9959618717591393,INVARIANT_MIX
3,cc-pvdz,4.568539325842697, LDA,1,1,-0.9959368112002096,INVARIANT_MIX
4,cc-pvdz,4.568539325842697, LDA,2,1,-0.5476300406190358,INVARIANT_MIX
5,cc-pvdz,4.568539325842697, LDA,3,1,-0.5475793097340448,INVARIANT_MIX
0,cc-pvdz,4.62247191011236,FCI,1,1,-0.9985655754003019,
1,cc-pvdz,4.62247191011236,FCI,2,1,-0.5845495484093509,
2,cc-pvdz,4.62247191011236,FCI,3,1,-0.5845312014786213,
3,cc-pvdz,4.62247191011236,FCI,1,3,-0.9985568730639051,
0,cc-pvdz,4.62247191011236, LDA,1,1,-0.8805062229453201,UNPOLARIZED
1,cc-pvdz,4.62247191011236, LDA,1,3,-0.8804778026505677,UNPOLARIZED
2,cc-pvdz,4.62247191011236, LDA,2,1,-0.5570431741083562,UNPOLARIZED
3,cc-pvdz,4.62247191011236, LDA,3,1,-0.5570361565323984,UNPOLARIZED
0,cc-pvdz,4.62247191011236, LDA,1,3,-0.9824021347147955,POLARIZED
1,cc-pvdz,4.62247191011236, LDA,1,1,-0.9823859386900085,POLARIZED
2,cc-pvdz,4.62247191011236, LDA,2,1,-0.5476778687290059,POLARIZED
3,cc-pvdz,4.62247191011236, LDA,3,1,-0.5476402373047089,POLARIZED
0,cc-pvdz,4.62247191011236, LDA,1,3,-1.1171198059888359,INVARIANT
1,cc-pvdz,4.62247191011236, LDA,1,1,-1.1170656335683538,INVARIANT
2,cc-pvdz,4.62247191011236, LDA,2,1,-0.5316236731973942,INVARIANT
3,cc-pvdz,4.62247191011236, LDA,3,1,-0.5315489196642394,INVARIANT
0,cc-pvdz,4.62247191011236, LDA,1,3,-0.9959604737127042,INVARIANT_MIX
1,cc-pvdz,4.62247191011236, LDA,2,3,-0.995960473712704,INVARIANT_MIX
2,cc-pvdz,4.62247191011236, LDA,3,3,-0.9959604737127037,INVARIANT_MIX
3,cc-pvdz,4.62247191011236, LDA,1,1,-0.9959394365033187,INVARIANT_MIX
4,cc-pvdz,4.62247191011236, LDA,2,1,-0.5462527521848722,INVARIANT_MIX
5,cc-pvdz,4.62247191011236, LDA,3,1,-0.5462103147102281,INVARIANT_MIX
0,cc-pvdz,4.676404494382023,FCI,1,1,-0.9985643618411404,
1,cc-pvdz,4.676404494382023,FCI,2,1,-0.5832071440232912,
2,cc-pvdz,4.676404494382023,FCI,3,1,-0.5831919747763341,
3,cc-pvdz,4.676404494382023,FCI,1,3,-0.9985571069682908,
0,cc-pvdz,4.676404494382023, LDA,1,1,-0.8805010367009972,UNPOLARIZED
1,cc-pvdz,4.676404494382023, LDA,1,3,-0.8804763812463836,UNPOLARIZED
2,cc-pvdz,4.676404494382023, LDA,2,1,-0.555706645158531,UNPOLARIZED
3,cc-pvdz,4.676404494382023, LDA,3,1,-0.5556997240906074,UNPOLARIZED
0,cc-pvdz,4.676404494382023, LDA,1,3,-0.9824007971822759,POLARIZED
1,cc-pvdz,4.676404494382023, LDA,1,1,-0.9823873434754042,POLARIZED
2,cc-pvdz,4.676404494382023, LDA,2,1,-0.5463351793064757,POLARIZED
3,cc-pvdz,4.676404494382023, LDA,3,1,-0.5463038898493717,POLARIZED
0,cc-pvdz,4.676404494382023, LDA,1,3,-1.1171189257306375,INVARIANT
1,cc-pvdz,4.676404494382023, LDA,1,1,-1.1170730112779708,INVARIANT
2,cc-pvdz,4.676404494382023, LDA,2,1,-0.5302758103108521,INVARIANT
3,cc-pvdz,4.676404494382023, LDA,3,1,-0.5302127184593864,INVARIANT
0,cc-pvdz,4.676404494382023, LDA,1,3,-0.9959591691279772,INVARIANT_MIX
1,cc-pvdz,4.676404494382023, LDA,2,3,-0.9959591691279766,INVARIANT_MIX
2,cc-pvdz,4.676404494382023, LDA,3,3,-0.9959591691279763,INVARIANT_MIX
3,cc-pvdz,4.676404494382023, LDA,1,1,-0.9959415788450116,INVARIANT_MIX
4,cc-pvdz,4.676404494382023, LDA,2,1,-0.5449093852239277,INVARIANT_MIX
5,cc-pvdz,4.676404494382023, LDA,3,1,-0.5448739811577562,INVARIANT_MIX
0,cc-pvdz,4.730337078651686,FCI,1,1,-0.9985633141812413,
1,cc-pvdz,4.730337078651686,FCI,2,1,-0.5818972679294484,
2,cc-pvdz,4.730337078651686,FCI,3,1,-0.5818847535682309,
3,cc-pvdz,4.730337078651686,FCI,1,3,-0.998557274051894,
0,cc-pvdz,4.730337078651686, LDA,1,1,-0.8804964140568101,UNPOLARIZED
1,cc-pvdz,4.730337078651686, LDA,1,3,-0.8804750494730952,UNPOLARIZED
2,cc-pvdz,4.730337078651686, LDA,2,1,-0.5544016448795156,UNPOLARIZED
3,cc-pvdz,4.730337078651686, LDA,3,1,-0.5543949571525237,UNPOLARIZED
0,cc-pvdz,4.730337078651686, LDA,1,3,-0.98239956828599,POLARIZED
1,cc-pvdz,4.730337078651686, LDA,1,1,-0.9823884464499175,POLARIZED
2,cc-pvdz,4.730337078651686, LDA,2,1,-0.5450250124687629,POLARIZED
3,cc-pvdz,4.730337078651686, LDA,3,1,-0.5449990727255625,POLARIZED
0,cc-pvdz,4.730337078651686, LDA,1,3,-1.1171181267905272,INVARIANT
1,cc-pvdz,4.730337078651686, LDA,1,1,-1.1170793071847125,INVARIANT
2,cc-pvdz,4.730337078651686, LDA,2,1,-0.5289611920325001,INVARIANT
3,cc-pvdz,4.730337078651686, LDA,3,1,-0.5289080606102627,INVARIANT
0,cc-pvdz,4.730337078651686, LDA,1,3,-0.9959579726251163,INVARIANT_MIX
1,cc-pvdz,4.730337078651686, LDA,2,3,-0.9959579726251158,INVARIANT_MIX
2,cc-pvdz,4.730337078651686, LDA,3,3,-0.9959579726251157,INVARIANT_MIX
3,cc-pvdz,4.730337078651686, LDA,1,1,-0.9959433229537377,INVARIANT_MIX
4,cc-pvdz,4.730337078651686, LDA,2,1,-0.5435986340512483,INVARIANT_MIX
5,cc-pvdz,4.730337078651686, LDA,3,1,-0.5435691791126906,INVARIANT_MIX
0,cc-pvdz,4.784269662921349,FCI,1,1,-0.9985624098540957,
1,cc-pvdz,4.784269662921349,FCI,2,1,-0.5806186949524241,
2,cc-pvdz,4.784269662921349,FCI,3,1,-0.5806083940232849,
3,cc-pvdz,4.784269662921349,FCI,1,3,-0.9985573881911065,
0,cc-pvdz,4.784269662921349, LDA,1,1,-0.8804923339004895,UNPOLARIZED
1,cc-pvdz,4.784269662921349, LDA,1,3,-0.8804738440102732,UNPOLARIZED
2,cc-pvdz,4.784269662921349, LDA,2,1,-0.5531271165189294,UNPOLARIZED
3,cc-pvdz,4.784269662921349, LDA,3,1,-0.55312075743399,UNPOLARIZED
0,cc-pvdz,4.784269662921349, LDA,1,3,-0.9823984898739045,POLARIZED
1,cc-pvdz,4.784269662921349, LDA,1,1,-0.9823893413134717,POLARIZED
2,cc-pvdz,4.784269662921349, LDA,2,1,-0.5437461575087402,POLARIZED
3,cc-pvdz,4.784269662921349, LDA,3,1,-0.5437247178353184,POLARIZED
0,cc-pvdz,4.784269662921349, LDA,1,3,-1.1171174699008766,INVARIANT
1,cc-pvdz,4.784269662921349, LDA,1,1,-1.1170847291753088,INVARIANT
2,cc-pvdz,4.784269662921349, LDA,2,1,-0.5276785029017627,INVARIANT
3,cc-pvdz,4.784269662921349, LDA,3,1,-0.527633859168392,INVARIANT
0,cc-pvdz,4.784269662921349, LDA,1,3,-0.9959574353488936,INVARIANT_MIX
1,cc-pvdz,4.784269662921349, LDA,2,3,-0.9959574353488934,INVARIANT_MIX
2,cc-pvdz,4.784269662921349, LDA,3,3,-0.9959574353488931,INVARIANT_MIX
3,cc-pvdz,4.784269662921349, LDA,1,1,-0.9959453279098769,INVARIANT_MIX
4,cc-pvdz,4.784269662921349, LDA,2,1,-0.542318218350059,INVARIANT_MIX
5,cc-pvdz,4.784269662921349, LDA,3,1,-0.5422938194656888,INVARIANT_MIX
0,cc-pvdz,4.8382022471910116,FCI,1,1,-0.9985616295165392,
1,cc-pvdz,4.8382022471910116,FCI,2,1,-0.5793702485107333,
2,cc-pvdz,4.8382022471910116,FCI,3,1,-0.5793617889579359,
3,cc-pvdz,4.8382022471910116,FCI,1,3,-0.9985574608560548,
0,cc-pvdz,4.8382022471910116, LDA,1,1,-0.8804893235147386,UNPOLARIZED
1,cc-pvdz,4.8382022471910116, LDA,1,3,-0.880473329808062,UNPOLARIZED
2,cc-pvdz,4.8382022471910116, LDA,2,1,-0.5518810122072179,UNPOLARIZED
3,cc-pvdz,4.8382022471910116, LDA,3,1,-0.5518750415580648,UNPOLARIZED
0,cc-pvdz,4.8382022471910116, LDA,1,3,-0.9823980940954368,POLARIZED
1,cc-pvdz,4.8382022471910116, LDA,1,1,-0.9823906422532056,POLARIZED
2,cc-pvdz,4.8382022471910116, LDA,2,1,-0.5424964886865228,POLARIZED
3,cc-pvdz,4.8382022471910116, LDA,3,1,-0.5424788521944423,POLARIZED
0,cc-pvdz,4.8382022471910116, LDA,1,3,-1.1171170248017674,INVARIANT
1,cc-pvdz,4.8382022471910116, LDA,1,1,-1.1170894783074183,INVARIANT
2,cc-pvdz,4.8382022471910116, LDA,2,1,-0.5264265208150087,INVARIANT
3,cc-pvdz,4.8382022471910116, LDA,3,1,-0.5263890929040544,INVARIANT
0,cc-pvdz,4.8382022471910116, LDA,1,3,-0.9959565488685045,INVARIANT_MIX
1,cc-pvdz,4.8382022471910116, LDA,2,3,-0.9959565488685045,INVARIANT_MIX
2,cc-pvdz,4.8382022471910116, LDA,3,3,-0.9959565488685039,INVARIANT_MIX
3,cc-pvdz,4.8382022471910116, LDA,1,1,-0.9959465482261692,INVARIANT_MIX
4,cc-pvdz,4.8382022471910116, LDA,2,1,-0.5410692053376148,INVARIANT_MIX
5,cc-pvdz,4.8382022471910116, LDA,3,1,-0.5410490226672504,INVARIANT_MIX
0,cc-pvdz,4.892134831460674,FCI,1,1,-0.998560956535882,
1,cc-pvdz,4.892134831460674,FCI,2,1,-0.5781508017112227,
2,cc-pvdz,4.892134831460674,FCI,3,1,-0.578143870595629,
3,cc-pvdz,4.892134831460674,FCI,1,3,-0.9985575014694399,
0,cc-pvdz,4.892134831460674, LDA,1,1,-0.8804862546195824,UNPOLARIZED
1,cc-pvdz,4.892134831460674, LDA,1,3,-0.8804724508412567,UNPOLARIZED
2,cc-pvdz,4.892134831460674, LDA,2,1,-0.5506645659482104,UNPOLARIZED
3,cc-pvdz,4.892134831460674, LDA,3,1,-0.5506590235617328,UNPOLARIZED
0,cc-pvdz,4.892134831460674, LDA,1,3,-0.9823974179235213,POLARIZED
1,cc-pvdz,4.892134831460674, LDA,1,1,-0.9823913533143136,POLARIZED
2,cc-pvdz,4.892134831460674, LDA,2,1,-0.5412770068506583,POLARIZED
3,cc-pvdz,4.892134831460674, LDA,3,1,-0.5412625226251092,POLARIZED
0,cc-pvdz,4.892134831460674, LDA,1,3,-1.1171168379119336,INVARIANT
1,cc-pvdz,4.892134831460674, LDA,1,1,-1.1170937177344296,INVARIANT
2,cc-pvdz,4.892134831460674, LDA,2,1,-0.5252041022553691,INVARIANT
3,cc-pvdz,4.892134831460674, LDA,3,1,-0.5251727944430966,INVARIANT
0,cc-pvdz,4.892134831460674, LDA,1,3,-0.9959559128345625,INVARIANT_MIX
1,cc-pvdz,4.892134831460674, LDA,2,3,-0.9959559128345624,INVARIANT_MIX
2,cc-pvdz,4.892134831460674, LDA,3,3,-0.9959559128345618,INVARIANT_MIX
3,cc-pvdz,4.892134831460674, LDA,1,1,-0.995947686799343,INVARIANT_MIX
4,cc-pvdz,4.892134831460674, LDA,2,1,-0.5398493460291447,INVARIANT_MIX
5,cc-pvdz,4.892134831460674, LDA,3,1,-0.5398327000551092,INVARIANT_MIX
0,cc-pvdz,4.9460674157303375,FCI,1,1,-0.9985603765666577,
1,cc-pvdz,4.9460674157303375,FCI,2,1,-0.5769592776718764,
2,cc-pvdz,4.9460674157303375,FCI,3,1,-0.576953612325932,
3,cc-pvdz,4.9460674157303375,FCI,1,3,-0.9985575177178219,
0,cc-pvdz,4.9460674157303375, LDA,1,1,-0.8804836966435846,UNPOLARIZED
1,cc-pvdz,4.9460674157303375, LDA,1,3,-0.8804718003608267,UNPOLARIZED
2,cc-pvdz,4.9460674157303375, LDA,2,1,-0.5494756676330673,UNPOLARIZED
3,cc-pvdz,4.9460674157303375, LDA,3,1,-0.5494705705043306,UNPOLARIZED
0,cc-pvdz,4.9460674157303375, LDA,1,3,-0.9823969945273303,POLARIZED
1,cc-pvdz,4.9460674157303375, LDA,1,1,-0.9823920865425201,POLARIZED
2,cc-pvdz,4.9460674157303375, LDA,2,1,-0.5400855863524843,POLARIZED
3,cc-pvdz,4.9460674157303375, LDA,3,1,-0.5400737302515358,POLARIZED
0,cc-pvdz,4.9460674157303375, LDA,1,3,-1.1171169048254612,INVARIANT
1,cc-pvdz,4.9460674157303375, LDA,1,1,-1.1170975464347115,INVARIANT
2,cc-pvdz,4.9460674157303375, LDA,2,1,-0.5240101607164003,INVARIANT
3,cc-pvdz,4.9460674157303375, LDA,3,1,-0.5239840313515117,INVARIANT
0,cc-pvdz,4.9460674157303375, LDA,1,3,-0.9959555309966357,INVARIANT_MIX
1,cc-pvdz,4.9460674157303375, LDA,2,3,-0.9959555309966356,INVARIANT_MIX
2,cc-pvdz,4.9460674157303375, LDA,3,3,-0.9959555309966354,INVARIANT_MIX
3,cc-pvdz,4.9460674157303375, LDA,1,1,-0.9959487935078284,INVARIANT_MIX
4,cc-pvdz,4.9460674157303375, LDA,2,1,-0.5386576018689595,INVARIANT_MIX
5,cc-pvdz,4.9460674157303375, LDA,3,1,-0.5386439141190841,INVARIANT_MIX
0,cc-pvdz,5.0,FCI,1,1,-0.9985598772014375,
1,cc-pvdz,5.0,FCI,2,1,-0.575794649188083,
2,cc-pvdz,5.0,FCI,3,1,-0.5757900296200191,
3,cc-pvdz,5.0,FCI,1,3,-0.9985575158221849,
0,cc-pvdz,5.0, LDA,1,1,-0.8804815908654289,UNPOLARIZED
1,cc-pvdz,5.0, LDA,1,3,-0.8804713541012816,UNPOLARIZED
2,cc-pvdz,5.0, LDA,2,1,-0.5483133854873301,UNPOLARIZED
3,cc-pvdz,5.0, LDA,3,1,-0.5483087356709265,UNPOLARIZED
0,cc-pvdz,5.0, LDA,1,3,-0.9823967824368331,POLARIZED
1,cc-pvdz,5.0, LDA,1,1,-0.9823928339556202,POLARIZED
2,cc-pvdz,5.0, LDA,2,1,-0.538921220087613,POLARIZED
3,cc-pvdz,5.0, LDA,3,1,-0.5389115483312578,POLARIZED
0,cc-pvdz,5.0, LDA,1,3,-1.1171171597652054,INVARIANT
1,cc-pvdz,5.0, LDA,1,1,-1.11710098985677,INVARIANT
2,cc-pvdz,5.0, LDA,2,1,-0.5228436443009112,INVARIANT
3,cc-pvdz,5.0, LDA,3,1,-0.5228218861592718,INVARIANT
0,cc-pvdz,5.0, LDA,1,3,-0.9959553595634806,INVARIANT_MIX
1,cc-pvdz,5.0, LDA,2,3,-0.9959553595634804,INVARIANT_MIX
2,cc-pvdz,5.0, LDA,3,3,-0.9959553595634802,INVARIANT_MIX
3,cc-pvdz,5.0, LDA,1,1,-0.9959498654081652,INVARIANT_MIX
4,cc-pvdz,5.0, LDA,2,1,-0.5374929594730576,INVARIANT_MIX
5,cc-pvdz,5.0, LDA,3,1,-0.5374817388674489,INVARIANT_MIX
