basis,scan coordinate,method,state index,spin multiplicity,spin type,energy (Hartree)
cc-pvdz,-1.0,LDA,1,1,UNPOLARIZED,-153.01375752233298
cc-pvdz,-1.0,LDA,1,3,UNPOLARIZED,-152.9480326562626
cc-pvdz,-1.0,LDA,2,1,UNPOLARIZED,-152.86471292440842
cc-pvdz,-1.0,LDA,2,3,UNPOLARIZED,-152.8538811379321
cc-pvdz,-1.0,LDA,3,1,UNPOLARIZED,-152.84546368430685
cc-pvdz,-1.0,LDA,3,3,UNPOLARIZED,-152.7746550118918
cc-pvdz,-1.0,LDA,4,3,UNPOLARIZED,-152.70474320940318
cc-pvdz,-1.0,LDA,4,1,UNPOLARIZED,-152.70352532503884
cc-pvdz,-1.0,LDA,1,5,UNPOLARIZED,-152.6929574783392
cc-pvdz,-1.0,LDA,5,1,UNPOLARIZED,-152.6487783207941
cc-pvdz,-1.0,LDA,5,3,UNPOLARIZED,-152.6388488880202
cc-pvdz,-1.0,LDA,6,1,UNPOLARIZED,-152.6340899413234
cc-pvdz,-1.0,LDA,6,3,UNPOLARIZED,-152.60705277790962
cc-pvdz,-1.0,LDA,7,1,UNPOLARIZED,-152.60343353875672
cc-pvdz,-1.0,LDA,8,1,UNPOLARIZED,-152.5594622304284
cc-pvdz,-1.0,LDA,9,1,UNPOLARIZED,-152.5441674553269
cc-pvdz,-1.0,LDA,7,3,UNPOLARIZED,-152.52003558790494
cc-pvdz,-1.0,LDA,8,3,UNPOLARIZED,-152.4989808625696
cc-pvdz,-1.0,LDA,9,3,UNPOLARIZED,-152.44219967678052
cc-pvdz,-1.0,LDA,10,1,UNPOLARIZED,-152.43785676792936
cc-pvdz,-1.0,LDA,10,3,UNPOLARIZED,-152.4288935348893
cc-pvdz,-1.0,LDA,11,3,UNPOLARIZED,-152.4066440337785
cc-pvdz,-1.0,LDA,11,1,UNPOLARIZED,-152.37874079555576
cc-pvdz,-1.0,LDA,12,1,UNPOLARIZED,-152.36420415535105
cc-pvdz,-1.0,LDA,12,3,UNPOLARIZED,-152.34039352721146
cc-pvdz,-1.0,LDA,13,3,UNPOLARIZED,-152.30981279129054
cc-pvdz,-1.0,LDA,13,1,UNPOLARIZED,-152.30873716069954
cc-pvdz,-1.0,LDA,14,1,UNPOLARIZED,-152.29866921518257
cc-pvdz,-1.0,LDA,14,3,UNPOLARIZED,-152.21716175072908
cc-pvdz,-1.0,LDA,15,1,UNPOLARIZED,-152.21594287076746
cc-pvdz,-1.0,LDA,15,3,UNPOLARIZED,-152.1077916522551
cc-pvdz,-1.0,LDA,16,1,UNPOLARIZED,-152.09141753345023
cc-pvdz,-1.0,LDA,17,1,UNPOLARIZED,-152.07466437225884
cc-pvdz,-1.0,LDA,18,1,UNPOLARIZED,-152.06505328410478
cc-pvdz,-1.0,LDA,19,1,UNPOLARIZED,-152.04946331282613
cc-pvdz,-1.0,LDA,20,1,UNPOLARIZED,-151.96653900342312
cc-pvdz,-0.9,LDA,1,1,UNPOLARIZED,-153.012629364846
cc-pvdz,-0.9,LDA,1,3,UNPOLARIZED,-152.9533330984415
cc-pvdz,-0.9,LDA,2,1,UNPOLARIZED,-152.87002680167078
cc-pvdz,-0.9,LDA,3,1,UNPOLARIZED,-152.85706918909688
cc-pvdz,-0.9,LDA,2,3,UNPOLARIZED,-152.85617199615328
cc-pvdz,-0.9,LDA,3,3,UNPOLARIZED,-152.78382936576324
cc-pvdz,-0.9,LDA,4,3,UNPOLARIZED,-152.70769049187103
cc-pvdz,-0.9,LDA,4,1,UNPOLARIZED,-152.70644194513497
cc-pvdz,-0.9,LDA,1,5,UNPOLARIZED,-152.69922391299286
cc-pvdz,-0.9,LDA,5,1,UNPOLARIZED,-152.64967867620712
cc-pvdz,-0.9,LDA,5,3,UNPOLARIZED,-152.64746515096178
cc-pvdz,-0.9,LDA,6,1,UNPOLARIZED,-152.64299668620586
cc-pvdz,-0.9,LDA,7,1,UNPOLARIZED,-152.6099816521697
cc-pvdz,-0.9,LDA,6,3,UNPOLARIZED,-152.60721752292363
cc-pvdz,-0.9,LDA,8,1,UNPOLARIZED,-152.55898754706422
cc-pvdz,-0.9,LDA,9,1,UNPOLARIZED,-152.55407963680037
cc-pvdz,-0.9,LDA,7,3,UNPOLARIZED,-152.52513918626332
cc-pvdz,-0.9,LDA,8,3,UNPOLARIZED,-152.5057644493155
cc-pvdz,-0.9,LDA,9,3,UNPOLARIZED,-152.4547609700374
cc-pvdz,-0.9,LDA,10,1,UNPOLARIZED,-152.44408600753283
cc-pvdz,-0.9,LDA,10,3,UNPOLARIZED,-152.43580538640535
cc-pvdz,-0.9,LDA,11,3,UNPOLARIZED,-152.410708620122
cc-pvdz,-0.9,LDA,11,1,UNPOLARIZED,-152.39189463776418
cc-pvdz,-0.9,LDA,12,1,UNPOLARIZED,-152.36928978634512
cc-pvdz,-0.9,LDA,12,3,UNPOLARIZED,-152.34995975505637
cc-pvdz,-0.9,LDA,13,3,UNPOLARIZED,-152.31275537632703
cc-pvdz,-0.9,LDA,13,1,UNPOLARIZED,-152.31162946273707
cc-pvdz,-0.9,LDA,14,1,UNPOLARIZED,-152.3035200090648
cc-pvdz,-0.9,LDA,14,3,UNPOLARIZED,-152.22799699995088
cc-pvdz,-0.9,LDA,15,1,UNPOLARIZED,-152.22678327111757
cc-pvdz,-0.9,LDA,15,3,UNPOLARIZED,-152.11514605214458
cc-pvdz,-0.9,LDA,16,1,UNPOLARIZED,-152.0977700652895
cc-pvdz,-0.9,LDA,17,1,UNPOLARIZED,-152.08277937964613
cc-pvdz,-0.9,LDA,18,1,UNPOLARIZED,-152.07204185612636
cc-pvdz,-0.9,LDA,19,1,UNPOLARIZED,-152.05539164539337
cc-pvdz,-0.9,LDA,20,1,UNPOLARIZED,-151.97817209333255
cc-pvdz,-0.8,LDA,1,1,UNPOLARIZED,-153.01105920095998
cc-pvdz,-0.8,LDA,1,3,UNPOLARIZED,-152.9580938952305
cc-pvdz,-0.8,LDA,2,1,UNPOLARIZED,-152.87479924683282
cc-pvdz,-0.8,LDA,3,1,UNPOLARIZED,-152.86805033482096
cc-pvdz,-0.8,LDA,2,3,UNPOLARIZED,-152.85785870896007
cc-pvdz,-0.8,LDA,3,3,UNPOLARIZED,-152.79240492773403
cc-pvdz,-0.8,LDA,4,3,UNPOLARIZED,-152.71003202858424
cc-pvdz,-0.8,LDA,4,1,UNPOLARIZED,-152.7087464773576
cc-pvdz,-0.8,LDA,1,5,UNPOLARIZED,-152.70481822140678
cc-pvdz,-0.8,LDA,5,3,UNPOLARIZED,-152.65547716044475
cc-pvdz,-0.8,LDA,5,1,UNPOLARIZED,-152.65128147596852
cc-pvdz,-0.8,LDA,6,1,UNPOLARIZED,-152.64999855556871
cc-pvdz,-0.8,LDA,7,1,UNPOLARIZED,-152.61583473954337
cc-pvdz,-0.8,LDA,6,3,UNPOLARIZED,-152.60678360299522
cc-pvdz,-0.8,LDA,8,1,UNPOLARIZED,-152.5634217014492
cc-pvdz,-0.8,LDA,9,1,UNPOLARIZED,-152.55793022571564
cc-pvdz,-0.8,LDA,7,3,UNPOLARIZED,-152.52959339376784
cc-pvdz,-0.8,LDA,8,3,UNPOLARIZED,-152.5119028655722
cc-pvdz,-0.8,LDA,9,3,UNPOLARIZED,-152.46656268680493
cc-pvdz,-0.8,LDA,10,1,UNPOLARIZED,-152.44964779647032
cc-pvdz,-0.8,LDA,10,3,UNPOLARIZED,-152.44199281421032
cc-pvdz,-0.8,LDA,11,3,UNPOLARIZED,-152.414037380037
cc-pvdz,-0.8,LDA,11,1,UNPOLARIZED,-152.40428386431685
cc-pvdz,-0.8,LDA,12,1,UNPOLARIZED,-152.37377949719607
cc-pvdz,-0.8,LDA,12,3,UNPOLARIZED,-152.3587754345713
cc-pvdz,-0.8,LDA,13,3,UNPOLARIZED,-152.31493721367755
cc-pvdz,-0.8,LDA,13,1,UNPOLARIZED,-152.3137638158298
cc-pvdz,-0.8,LDA,14,1,UNPOLARIZED,-152.30780295294628
cc-pvdz,-0.8,LDA,14,3,UNPOLARIZED,-152.23808425484256
cc-pvdz,-0.8,LDA,15,1,UNPOLARIZED,-152.23687544882688
cc-pvdz,-0.8,LDA,15,3,UNPOLARIZED,-152.12168126238996
cc-pvdz,-0.8,LDA,16,1,UNPOLARIZED,-152.10333654582783
cc-pvdz,-0.8,LDA,17,1,UNPOLARIZED,-152.0901202484164
cc-pvdz,-0.8,LDA,18,1,UNPOLARIZED,-152.07823976882102
cc-pvdz,-0.8,LDA,19,1,UNPOLARIZED,-152.06041317889606
cc-pvdz,-0.8,LDA,20,1,UNPOLARIZED,-151.98886796981213
cc-pvdz,-0.7,LDA,1,1,UNPOLARIZED,-153.0090778071121
cc-pvdz,-0.7,LDA,1,3,UNPOLARIZED,-152.96232022956784
cc-pvdz,-0.7,LDA,2,1,UNPOLARIZED,-152.87903527588492
cc-pvdz,-0.7,LDA,3,1,UNPOLARIZED,-152.87838644213122
cc-pvdz,-0.7,LDA,2,3,UNPOLARIZED,-152.8589458506895
cc-pvdz,-0.7,LDA,3,3,UNPOLARIZED,-152.80038782980523
cc-pvdz,-0.7,LDA,4,3,UNPOLARIZED,-152.711772290956
cc-pvdz,-0.7,LDA,4,1,UNPOLARIZED,-152.7104430650359
cc-pvdz,-0.7,LDA,1,5,UNPOLARIZED,-152.70974601475385
cc-pvdz,-0.7,LDA,5,3,UNPOLARIZED,-152.66289056919118
cc-pvdz,-0.7,LDA,5,1,UNPOLARIZED,-152.6589508295481
cc-pvdz,-0.7,LDA,6,1,UNPOLARIZED,-152.64974260728843
cc-pvdz,-0.7,LDA,7,1,UNPOLARIZED,-152.62099880617077
cc-pvdz,-0.7,LDA,6,3,UNPOLARIZED,-152.60577692404982
cc-pvdz,-0.7,LDA,8,1,UNPOLARIZED,-152.57219965068654
cc-pvdz,-0.7,LDA,9,1,UNPOLARIZED,-152.55631850487555
cc-pvdz,-0.7,LDA,7,3,UNPOLARIZED,-152.53340805844715
cc-pvdz,-0.7,LDA,8,3,UNPOLARIZED,-152.51739691729958
cc-pvdz,-0.7,LDA,9,3,UNPOLARIZED,-152.47759004089548
cc-pvdz,-0.7,LDA,10,1,UNPOLARIZED,-152.45454611881465
cc-pvdz,-0.7,LDA,10,3,UNPOLARIZED,-152.44746175232817
cc-pvdz,-0.7,LDA,11,3,UNPOLARIZED,-152.4166339792242
cc-pvdz,-0.7,LDA,11,1,UNPOLARIZED,-152.41589118211633
cc-pvdz,-0.7,LDA,12,1,UNPOLARIZED,-152.3776846988664
cc-pvdz,-0.7,LDA,12,3,UNPOLARIZED,-152.36684762986835
cc-pvdz,-0.7,LDA,13,3,UNPOLARIZED,-152.3163646212758
cc-pvdz,-0.7,LDA,13,1,UNPOLARIZED,-152.31514640447008
cc-pvdz,-0.7,LDA,14,1,UNPOLARIZED,-152.3115280210071
cc-pvdz,-0.7,LDA,14,3,UNPOLARIZED,-152.24743031041683
cc-pvdz,-0.7,LDA,15,1,UNPOLARIZED,-152.24622617164286
cc-pvdz,-0.7,LDA,15,3,UNPOLARIZED,-152.12740342996742
cc-pvdz,-0.7,LDA,16,1,UNPOLARIZED,-152.10812324282782
cc-pvdz,-0.7,LDA,17,1,UNPOLARIZED,-152.09669076092925
cc-pvdz,-0.7,LDA,18,1,UNPOLARIZED,-152.08365337822895
cc-pvdz,-0.7,LDA,19,1,UNPOLARIZED,-152.0645354396838
cc-pvdz,-0.7,LDA,20,1,UNPOLARIZED,-151.99862231310655
cc-pvdz,-0.6,LDA,1,1,UNPOLARIZED,-153.00672524718837
cc-pvdz,-0.6,LDA,1,3,UNPOLARIZED,-152.96601576032836
cc-pvdz,-0.6,LDA,2,1,UNPOLARIZED,-152.88804450163263
cc-pvdz,-0.6,LDA,3,1,UNPOLARIZED,-152.88273841059964
cc-pvdz,-0.6,LDA,2,3,UNPOLARIZED,-152.8594364600277
cc-pvdz,-0.6,LDA,3,3,UNPOLARIZED,-152.80778263263522
cc-pvdz,-0.6,LDA,1,5,UNPOLARIZED,-152.7140113227562
cc-pvdz,-0.6,LDA,4,3,UNPOLARIZED,-152.71291421251206
cc-pvdz,-0.6,LDA,4,1,UNPOLARIZED,-152.71153431089866
cc-pvdz,-0.6,LDA,5,3,UNPOLARIZED,-152.66970952638837
cc-pvdz,-0.6,LDA,5,1,UNPOLARIZED,-152.66600970131364
cc-pvdz,-0.6,LDA,6,1,UNPOLARIZED,-152.64891391348058
cc-pvdz,-0.6,LDA,7,1,UNPOLARIZED,-152.6254782539222
cc-pvdz,-0.6,LDA,6,3,UNPOLARIZED,-152.60423068898163
cc-pvdz,-0.6,LDA,8,1,UNPOLARIZED,-152.5804180083785
cc-pvdz,-0.6,LDA,9,1,UNPOLARIZED,-152.55418887866173
cc-pvdz,-0.6,LDA,7,3,UNPOLARIZED,-152.53659332078672
cc-pvdz,-0.6,LDA,8,3,UNPOLARIZED,-152.52224398078778
cc-pvdz,-0.6,LDA,9,3,UNPOLARIZED,-152.48781776987565
cc-pvdz,-0.6,LDA,10,1,UNPOLARIZED,-152.458783567819
cc-pvdz,-0.6,LDA,10,3,UNPOLARIZED,-152.4522165392559
cc-pvdz,-0.6,LDA,11,1,UNPOLARIZED,-152.4266878795836
cc-pvdz,-0.6,LDA,11,3,UNPOLARIZED,-152.41850056980707
cc-pvdz,-0.6,LDA,12,1,UNPOLARIZED,-152.38101500066495
cc-pvdz,-0.6,LDA,12,3,UNPOLARIZED,-152.37418178188176
cc-pvdz,-0.6,LDA,13,3,UNPOLARIZED,-152.3170421676775
cc-pvdz,-0.6,LDA,13,1,UNPOLARIZED,-152.31578165134624
cc-pvdz,-0.6,LDA,14,1,UNPOLARIZED,-152.31470296567784
cc-pvdz,-0.6,LDA,14,3,UNPOLARIZED,-152.2560403161105
cc-pvdz,-0.6,LDA,15,1,UNPOLARIZED,-152.25484057434244
cc-pvdz,-0.6,LDA,15,3,UNPOLARIZED,-152.1323170404196
cc-pvdz,-0.6,LDA,16,1,UNPOLARIZED,-152.11213481165197
cc-pvdz,-0.6,LDA,17,1,UNPOLARIZED,-152.10249317712413
cc-pvdz,-0.6,LDA,18,1,UNPOLARIZED,-152.08828735438829
cc-pvdz,-0.6,LDA,19,1,UNPOLARIZED,-152.06776832611507
cc-pvdz,-0.6,LDA,20,1,UNPOLARIZED,-152.00742577260093
cc-pvdz,-0.5,LDA,1,1,UNPOLARIZED,-153.00405612085316
cc-pvdz,-0.5,LDA,1,3,UNPOLARIZED,-152.9691826143671
cc-pvdz,-0.5,LDA,2,1,UNPOLARIZED,-152.89697391053272
cc-pvdz,-0.5,LDA,3,1,UNPOLARIZED,-152.885910669502
cc-pvdz,-0.5,LDA,2,3,UNPOLARIZED,-152.85933203118816
cc-pvdz,-0.5,LDA,3,3,UNPOLARIZED,-152.814592319142
cc-pvdz,-0.5,LDA,1,5,UNPOLARIZED,-152.71761658358884
cc-pvdz,-0.5,LDA,4,3,UNPOLARIZED,-152.71345917944996
cc-pvdz,-0.5,LDA,4,1,UNPOLARIZED,-152.71202126593278
cc-pvdz,-0.5,LDA,5,3,UNPOLARIZED,-152.67593666674145
cc-pvdz,-0.5,LDA,5,1,UNPOLARIZED,-152.67246147358807
cc-pvdz,-0.5,LDA,6,1,UNPOLARIZED,-152.64751398063189
cc-pvdz,-0.5,LDA,7,1,UNPOLARIZED,-152.62927586909993
cc-pvdz,-0.5,LDA,6,3,UNPOLARIZED,-152.60218980131012
cc-pvdz,-0.5,LDA,8,1,UNPOLARIZED,-152.58807979877986
cc-pvdz,-0.5,LDA,9,1,UNPOLARIZED,-152.5515909805199
cc-pvdz,-0.5,LDA,7,3,UNPOLARIZED,-152.5391607105543
cc-pvdz,-0.5,LDA,8,3,UNPOLARIZED,-152.52643690225062
cc-pvdz,-0.5,LDA,9,3,UNPOLARIZED,-152.49720571126235
cc-pvdz,-0.5,LDA,10,1,UNPOLARIZED,-152.4623613202647
cc-pvdz,-0.5,LDA,10,3,UNPOLARIZED,-152.45625989142005
cc-pvdz,-0.5,LDA,11,1,UNPOLARIZED,-152.43662892251146
cc-pvdz,-0.5,LDA,11,3,UNPOLARIZED,-152.41963777087972
cc-pvdz,-0.5,LDA,12,1,UNPOLARIZED,-152.38377814068653
cc-pvdz,-0.5,LDA,12,3,UNPOLARIZED,-152.38078170047459
cc-pvdz,-0.5,LDA,13,1,UNPOLARIZED,-152.3173333027834
cc-pvdz,-0.5,LDA,13,3,UNPOLARIZED,-152.31697266759744
cc-pvdz,-0.5,LDA,14,1,UNPOLARIZED,-152.31567221718964
cc-pvdz,-0.5,LDA,14,3,UNPOLARIZED,-152.26391776271961
cc-pvdz,-0.5,LDA,15,1,UNPOLARIZED,-152.2627221450459
cc-pvdz,-0.5,LDA,15,3,UNPOLARIZED,-152.1364249054849
cc-pvdz,-0.5,LDA,16,1,UNPOLARIZED,-152.1153742892571
cc-pvdz,-0.5,LDA,17,1,UNPOLARIZED,-152.1075282235774
cc-pvdz,-0.5,LDA,18,1,UNPOLARIZED,-152.09214467099872
cc-pvdz,-0.5,LDA,19,1,UNPOLARIZED,-152.07012571145918
cc-pvdz,-0.5,LDA,20,1,UNPOLARIZED,-152.0152624205822
cc-pvdz,-0.3999999999999999,LDA,1,1,UNPOLARIZED,-153.00114754117334
cc-pvdz,-0.3999999999999999,LDA,1,3,UNPOLARIZED,-152.97182137601067
cc-pvdz,-0.3999999999999999,LDA,2,1,UNPOLARIZED,-152.90509847472498
cc-pvdz,-0.3999999999999999,LDA,3,1,UNPOLARIZED,-152.88855255637532
cc-pvdz,-0.3999999999999999,LDA,2,3,UNPOLARIZED,-152.85863250256585
cc-pvdz,-0.3999999999999999,LDA,3,3,UNPOLARIZED,-152.82081828566686
cc-pvdz,-0.3999999999999999,LDA,1,5,UNPOLARIZED,-152.7205626314254
cc-pvdz,-0.3999999999999999,LDA,4,3,UNPOLARIZED,-152.7134070189096
cc-pvdz,-0.3999999999999999,LDA,4,1,UNPOLARIZED,-152.71190341580592
cc-pvdz,-0.3999999999999999,LDA,5,3,UNPOLARIZED,-152.68157309684938
cc-pvdz,-0.3999999999999999,LDA,5,1,UNPOLARIZED,-152.67830794675982
cc-pvdz,-0.3999999999999999,LDA,6,1,UNPOLARIZED,-152.64554272796377
cc-pvdz,-0.3999999999999999,LDA,7,1,UNPOLARIZED,-152.63239280818038
cc-pvdz,-0.3999999999999999,LDA,6,3,UNPOLARIZED,-152.59971774089158
cc-pvdz,-0.3999999999999999,LDA,8,1,UNPOLARIZED,-152.5951865230483
cc-pvdz,-0.3999999999999999,LDA,9,1,UNPOLARIZED,-152.54859519285432
cc-pvdz,-0.3999999999999999,LDA,7,3,UNPOLARIZED,-152.5411250248452
cc-pvdz,-0.3999999999999999,LDA,8,3,UNPOLARIZED,-152.52996211186672
cc-pvdz,-0.3999999999999999,LDA,9,3,UNPOLARIZED,-152.50569190184265
cc-pvdz,-0.3999999999999999,LDA,10,1,UNPOLARIZED,-152.46527910979435
cc-pvdz,-0.3999999999999999,LDA,10,3,UNPOLARIZED,-152.45959287377613
cc-pvdz,-0.3999999999999999,LDA,11,1,UNPOLARIZED,-152.44564531921392
cc-pvdz,-0.3999999999999999,LDA,11,3,UNPOLARIZED,-152.42004464690575
cc-pvdz,-0.3999999999999999,LDA,12,3,UNPOLARIZED,-152.38664955439623
cc-pvdz,-0.3999999999999999,LDA,12,1,UNPOLARIZED,-152.38597991190292
cc-pvdz,-0.3999999999999999,LDA,13,1,UNPOLARIZED,-152.31942230741805
cc-pvdz,-0.3999999999999999,LDA,13,3,UNPOLARIZED,-152.3161571751022
cc-pvdz,-0.3999999999999999,LDA,14,1,UNPOLARIZED,-152.31481899769778
cc-pvdz,-0.3999999999999999,LDA,14,3,UNPOLARIZED,-152.2710644667508
cc-pvdz,-0.3999999999999999,LDA,15,1,UNPOLARIZED,-152.26987270900406
cc-pvdz,-0.3999999999999999,LDA,15,3,UNPOLARIZED,-152.1397281485008
cc-pvdz,-0.3999999999999999,LDA,16,1,UNPOLARIZED,-152.1178430857946
cc-pvdz,-0.3999999999999999,LDA,17,1,UNPOLARIZED,-152.11179507963686
cc-pvdz,-0.3999999999999999,LDA,18,1,UNPOLARIZED,-152.09522659266102
cc-pvdz,-0.3999999999999999,LDA,19,1,UNPOLARIZED,-152.07162791114754
cc-pvdz,-0.3999999999999999,LDA,20,1,UNPOLARIZED,-152.02210732434924
cc-pvdz,-0.29999999999999993,LDA,1,1,UNPOLARIZED,-152.9981107997954
cc-pvdz,-0.29999999999999993,LDA,1,3,UNPOLARIZED,-152.97393107413328
cc-pvdz,-0.29999999999999993,LDA,2,1,UNPOLARIZED,-152.9123047183436
cc-pvdz,-0.29999999999999993,LDA,3,1,UNPOLARIZED,-152.89066304645758
cc-pvdz,-0.29999999999999993,LDA,2,3,UNPOLARIZED,-152.85733624298504
cc-pvdz,-0.29999999999999993,LDA,3,3,UNPOLARIZED,-152.82646033078282
cc-pvdz,-0.29999999999999993,LDA,1,5,UNPOLARIZED,-152.72284868173426
cc-pvdz,-0.29999999999999993,LDA,4,3,UNPOLARIZED,-152.7127559851301
cc-pvdz,-0.29999999999999993,LDA,4,1,UNPOLARIZED,-152.71117866497755
cc-pvdz,-0.29999999999999993,LDA,5,3,UNPOLARIZED,-152.68661837910676
cc-pvdz,-0.29999999999999993,LDA,5,1,UNPOLARIZED,-152.68354932710437
cc-pvdz,-0.29999999999999993,LDA,6,1,UNPOLARIZED,-152.64299847371666
cc-pvdz,-0.29999999999999993,LDA,7,1,UNPOLARIZED,-152.63482858152418
cc-pvdz,-0.29999999999999993,LDA,8,1,UNPOLARIZED,-152.60173813451632
cc-pvdz,-0.29999999999999993,LDA,6,3,UNPOLARIZED,-152.59690711425063
cc-pvdz,-0.29999999999999993,LDA,9,1,UNPOLARIZED,-152.54530428293495
cc-pvdz,-0.29999999999999993,LDA,7,3,UNPOLARIZED,-152.54250748871388
cc-pvdz,-0.29999999999999993,LDA,8,3,UNPOLARIZED,-152.5327964507568
cc-pvdz,-0.29999999999999993,LDA,9,3,UNPOLARIZED,-152.51318199780957
cc-pvdz,-0.29999999999999993,LDA,10,1,UNPOLARIZED,-152.46753519953091
cc-pvdz,-0.29999999999999993,LDA,10,3,UNPOLARIZED,-152.46221486809318
cc-pvdz,-0.29999999999999993,LDA,11,1,UNPOLARIZED,-152.45363245490051
cc-pvdz,-0.29999999999999993,LDA,11,3,UNPOLARIZED,-152.41971868416516
cc-pvdz,-0.29999999999999993,LDA,12,3,UNPOLARIZED,-152.3917858592129
cc-pvdz,-0.29999999999999993,LDA,12,1,UNPOLARIZED,-152.38762408521748
cc-pvdz,-0.29999999999999993,LDA,13,1,UNPOLARIZED,-152.32097102076747
cc-pvdz,-0.29999999999999993,LDA,13,3,UNPOLARIZED,-152.31459497448367
cc-pvdz,-0.29999999999999993,LDA,14,1,UNPOLARIZED,-152.31322111764305
cc-pvdz,-0.29999999999999993,LDA,14,3,UNPOLARIZED,-152.2774805522831
cc-pvdz,-0.29999999999999993,LDA,15,1,UNPOLARIZED,-152.27629240992712
cc-pvdz,-0.29999999999999993,LDA,15,3,UNPOLARIZED,-152.14222618769057
cc-pvdz,-0.29999999999999993,LDA,16,1,UNPOLARIZED,-152.11954097396014
cc-pvdz,-0.29999999999999993,LDA,17,1,UNPOLARIZED,-152.11529136080472
cc-pvdz,-0.29999999999999993,LDA,18,1,UNPOLARIZED,-152.09753265981044
cc-pvdz,-0.29999999999999993,LDA,19,1,UNPOLARIZED,-152.07230552013394
cc-pvdz,-0.29999999999999993,LDA,20,1,UNPOLARIZED,-152.02792272978164
cc-pvdz,-0.19999999999999996,LDA,1,1,UNPOLARIZED,-152.99510660478992
cc-pvdz,-0.19999999999999996,LDA,1,3,UNPOLARIZED,-152.97550916582802
cc-pvdz,-0.19999999999999996,LDA,2,1,UNPOLARIZED,-152.9184266137706
cc-pvdz,-0.19999999999999996,LDA,3,1,UNPOLARIZED,-152.89223956937036
cc-pvdz,-0.19999999999999996,LDA,2,3,UNPOLARIZED,-152.8554400345571
cc-pvdz,-0.19999999999999996,LDA,3,3,UNPOLARIZED,-152.83151664074137
cc-pvdz,-0.19999999999999996,LDA,1,5,UNPOLARIZED,-152.72447231334482
cc-pvdz,-0.19999999999999996,LDA,4,3,UNPOLARIZED,-152.71150274255518
cc-pvdz,-0.19999999999999996,LDA,4,1,UNPOLARIZED,-152.70984331752092
cc-pvdz,-0.19999999999999996,LDA,5,3,UNPOLARIZED,-152.69107051222454
cc-pvdz,-0.19999999999999996,LDA,5,1,UNPOLARIZED,-152.68818421134011
cc-pvdz,-0.19999999999999996,LDA,6,1,UNPOLARIZED,-152.63987791847103
cc-pvdz,-0.19999999999999996,LDA,7,1,UNPOLARIZED,-152.6365810340434
cc-pvdz,-0.19999999999999996,LDA,8,1,UNPOLARIZED,-152.60773301177645
cc-pvdz,-0.19999999999999996,LDA,6,3,UNPOLARIZED,-152.59389481682743
cc-pvdz,-0.19999999999999996,LDA,7,3,UNPOLARIZED,-152.54334057470754
cc-pvdz,-0.19999999999999996,LDA,9,1,UNPOLARIZED,-152.5418700147143
cc-pvdz,-0.19999999999999996,LDA,8,3,UNPOLARIZED,-152.53490233225446
cc-pvdz,-0.19999999999999996,LDA,9,3,UNPOLARIZED,-152.51953407649856
cc-pvdz,-0.19999999999999996,LDA,10,1,UNPOLARIZED,-152.46912635312898
cc-pvdz,-0.19999999999999996,LDA,10,3,UNPOLARIZED,-152.464123538375
cc-pvdz,-0.19999999999999996,LDA,11,1,UNPOLARIZED,-152.46043344371597
cc-pvdz,-0.19999999999999996,LDA,11,3,UNPOLARIZED,-152.41865576431843
cc-pvdz,-0.19999999999999996,LDA,12,3,UNPOLARIZED,-152.39618946224957
cc-pvdz,-0.19999999999999996,LDA,12,1,UNPOLARIZED,-152.38871233012333
cc-pvdz,-0.19999999999999996,LDA,13,1,UNPOLARIZED,-152.32197826579923
cc-pvdz,-0.19999999999999996,LDA,13,3,UNPOLARIZED,-152.31228356777117
cc-pvdz,-0.19999999999999996,LDA,14,1,UNPOLARIZED,-152.3108759212063
cc-pvdz,-0.19999999999999996,LDA,14,3,UNPOLARIZED,-152.2831644293399
cc-pvdz,-0.19999999999999996,LDA,15,1,UNPOLARIZED,-152.28197968784093
cc-pvdz,-0.19999999999999996,LDA,15,3,UNPOLARIZED,-152.14391671636804
cc-pvdz,-0.19999999999999996,LDA,16,1,UNPOLARIZED,-152.12046607512946
cc-pvdz,-0.19999999999999996,LDA,17,1,UNPOLARIZED,-152.1180130984244
cc-pvdz,-0.19999999999999996,LDA,18,1,UNPOLARIZED,-152.09906067037352
cc-pvdz,-0.19999999999999996,LDA,19,1,UNPOLARIZED,-152.07220527609638
cc-pvdz,-0.19999999999999996,LDA,20,1,UNPOLARIZED,-152.03265219814725
cc-pvdz,-0.09999999999999998,LDA,1,1,UNPOLARIZED,-152.9923591018263
cc-pvdz,-0.09999999999999998,LDA,1,3,UNPOLARIZED,-152.9765515163464
cc-pvdz,-0.09999999999999998,LDA,2,1,UNPOLARIZED,-152.92323152077432
cc-pvdz,-0.09999999999999998,LDA,3,1,UNPOLARIZED,-152.89327798843794
cc-pvdz,-0.09999999999999998,LDA,2,3,UNPOLARIZED,-152.85293905179321
cc-pvdz,-0.09999999999999998,LDA,3,3,UNPOLARIZED,-152.83598377118773
cc-pvdz,-0.09999999999999998,LDA,1,5,UNPOLARIZED,-152.72542944693677
cc-pvdz,-0.09999999999999998,LDA,4,3,UNPOLARIZED,-152.70964234557385
cc-pvdz,-0.09999999999999998,LDA,4,1,UNPOLARIZED,-152.707892054302
cc-pvdz,-0.09999999999999998,LDA,5,3,UNPOLARIZED,-152.69492590808798
cc-pvdz,-0.09999999999999998,LDA,5,1,UNPOLARIZED,-152.69220956755944
cc-pvdz,-0.09999999999999998,LDA,6,1,UNPOLARIZED,-152.63764632244136
cc-pvdz,-0.09999999999999998,LDA,7,1,UNPOLARIZED,-152.63617612524672
cc-pvdz,-0.09999999999999998,LDA,8,1,UNPOLARIZED,-152.61316792922912
cc-pvdz,-0.09999999999999998,LDA,6,3,UNPOLARIZED,-152.59087996265993
cc-pvdz,-0.09999999999999998,LDA,7,3,UNPOLARIZED,-152.54367303235188
cc-pvdz,-0.09999999999999998,LDA,9,1,UNPOLARIZED,-152.53851248455405
cc-pvdz,-0.09999999999999998,LDA,8,3,UNPOLARIZED,-152.53622268532237
cc-pvdz,-0.09999999999999998,LDA,9,3,UNPOLARIZED,-152.5245406635191
cc-pvdz,-0.09999999999999998,LDA,10,1,UNPOLARIZED,-152.4700478039851
cc-pvdz,-0.09999999999999998,LDA,11,1,UNPOLARIZED,-152.4658197497679
cc-pvdz,-0.09999999999999998,LDA,10,3,UNPOLARIZED,-152.46531479349142
cc-pvdz,-0.09999999999999998,LDA,11,3,UNPOLARIZED,-152.41685013477803
cc-pvdz,-0.09999999999999998,LDA,12,3,UNPOLARIZED,-152.39985752422177
cc-pvdz,-0.09999999999999998,LDA,12,1,UNPOLARIZED,-152.38924413454527
cc-pvdz,-0.09999999999999998,LDA,13,1,UNPOLARIZED,-152.32244066921794
cc-pvdz,-0.09999999999999998,LDA,13,3,UNPOLARIZED,-152.30921865849288
cc-pvdz,-0.09999999999999998,LDA,14,1,UNPOLARIZED,-152.30777895821873
cc-pvdz,-0.09999999999999998,LDA,14,3,UNPOLARIZED,-152.2881127683979
cc-pvdz,-0.09999999999999998,LDA,15,1,UNPOLARIZED,-152.28693125307962
cc-pvdz,-0.09999999999999998,LDA,15,3,UNPOLARIZED,-152.1447956797141
cc-pvdz,-0.09999999999999998,LDA,16,1,UNPOLARIZED,-152.12061484194265
cc-pvdz,-0.09999999999999998,LDA,17,1,UNPOLARIZED,-152.11995471533945
cc-pvdz,-0.09999999999999998,LDA,18,1,UNPOLARIZED,-152.0998066578043
cc-pvdz,-0.09999999999999998,LDA,19,1,UNPOLARIZED,-152.0713983516097
cc-pvdz,-0.09999999999999998,LDA,20,1,UNPOLARIZED,-152.03621229262552
cc-pvdz,0.001,LDA,1,1,UNPOLARIZED,-152.9901702749315
cc-pvdz,0.001,LDA,1,3,UNPOLARIZED,-152.97705006993434
cc-pvdz,0.001,LDA,2,1,UNPOLARIZED,-152.9264012375157
cc-pvdz,0.001,LDA,3,1,UNPOLARIZED,-152.89377034521146
cc-pvdz,0.001,LDA,2,3,UNPOLARIZED,-152.84986100994092
cc-pvdz,0.001,LDA,3,3,UNPOLARIZED,-152.83982085904904
cc-pvdz,0.001,LDA,1,5,UNPOLARIZED,-152.7257148219904
cc-pvdz,0.001,LDA,4,3,UNPOLARIZED,-152.70719601983794
cc-pvdz,0.001,LDA,4,1,UNPOLARIZED,-152.70534675821804
cc-pvdz,0.001,LDA,5,3,UNPOLARIZED,-152.69814983108768
cc-pvdz,0.001,LDA,5,1,UNPOLARIZED,-152.69558966087467
cc-pvdz,0.001,LDA,6,1,UNPOLARIZED,-152.6380186147826
cc-pvdz,0.001,LDA,7,1,UNPOLARIZED,-152.63193232828962
cc-pvdz,0.001,LDA,8,1,UNPOLARIZED,-152.6179921399967
cc-pvdz,0.001,LDA,6,3,UNPOLARIZED,-152.58815802503364
cc-pvdz,0.001,LDA,7,3,UNPOLARIZED,-152.54357013562444
cc-pvdz,0.001,LDA,8,3,UNPOLARIZED,-152.53668359046537
cc-pvdz,0.001,LDA,9,1,UNPOLARIZED,-152.5355557944599
cc-pvdz,0.001,LDA,9,3,UNPOLARIZED,-152.52789500023366
cc-pvdz,0.001,LDA,10,1,UNPOLARIZED,-152.47029413948525
cc-pvdz,0.001,LDA,11,1,UNPOLARIZED,-152.4694554016756
cc-pvdz,0.001,LDA,10,3,UNPOLARIZED,-152.4657816720104
cc-pvdz,0.001,LDA,11,3,UNPOLARIZED,-152.41432367512323
cc-pvdz,0.001,LDA,12,3,UNPOLARIZED,-152.40275990043259
cc-pvdz,0.001,LDA,12,1,UNPOLARIZED,-152.38921978295866
cc-pvdz,0.001,LDA,13,1,UNPOLARIZED,-152.32235631420895
cc-pvdz,0.001,LDA,13,3,UNPOLARIZED,-152.30543616159187
cc-pvdz,0.001,LDA,14,1,UNPOLARIZED,-152.3039662935251
cc-pvdz,0.001,LDA,14,3,UNPOLARIZED,-152.29228208124357
cc-pvdz,0.001,LDA,15,1,UNPOLARIZED,-152.2911036360385
cc-pvdz,0.001,LDA,15,3,UNPOLARIZED,-152.1448607020821
cc-pvdz,0.001,LDA,16,1,UNPOLARIZED,-152.1211013797619
cc-pvdz,0.001,LDA,17,1,UNPOLARIZED,-152.119992255525
cc-pvdz,0.001,LDA,18,1,UNPOLARIZED,-152.09976920627102
cc-pvdz,0.001,LDA,19,1,UNPOLARIZED,-152.0700061793737
cc-pvdz,0.001,LDA,20,1,UNPOLARIZED,-152.03846750437222
cc-pvdz,0.10000000000000009,LDA,1,1,UNPOLARIZED,-152.9923591018262
cc-pvdz,0.10000000000000009,LDA,1,3,UNPOLARIZED,-152.97655151634632
cc-pvdz,0.10000000000000009,LDA,2,1,UNPOLARIZED,-152.92323152077415
cc-pvdz,0.10000000000000009,LDA,3,1,UNPOLARIZED,-152.89327798843777
cc-pvdz,0.10000000000000009,LDA,2,3,UNPOLARIZED,-152.85293905179302
cc-pvdz,0.10000000000000009,LDA,3,3,UNPOLARIZED,-152.83598377118778
cc-pvdz,0.10000000000000009,LDA,1,5,UNPOLARIZED,-152.72542944693654
cc-pvdz,0.10000000000000009,LDA,4,3,UNPOLARIZED,-152.7096423455736
cc-pvdz,0.10000000000000009,LDA,4,1,UNPOLARIZED,-152.7078920543019
cc-pvdz,0.10000000000000009,LDA,5,3,UNPOLARIZED,-152.69492590808792
cc-pvdz,0.10000000000000009,LDA,5,1,UNPOLARIZED,-152.6922095675594
cc-pvdz,0.10000000000000009,LDA,6,1,UNPOLARIZED,-152.63764632244124
cc-pvdz,0.10000000000000009,LDA,7,1,UNPOLARIZED,-152.63617612524658
cc-pvdz,0.10000000000000009,LDA,8,1,UNPOLARIZED,-152.61316792922912
cc-pvdz,0.10000000000000009,LDA,6,3,UNPOLARIZED,-152.59087996265984
cc-pvdz,0.10000000000000009,LDA,7,3,UNPOLARIZED,-152.54367303235156
cc-pvdz,0.10000000000000009,LDA,9,1,UNPOLARIZED,-152.53851248455393
cc-pvdz,0.10000000000000009,LDA,8,3,UNPOLARIZED,-152.53622268532212
cc-pvdz,0.10000000000000009,LDA,9,3,UNPOLARIZED,-152.5245406635189
cc-pvdz,0.10000000000000009,LDA,10,1,UNPOLARIZED,-152.47004780398495
cc-pvdz,0.10000000000000009,LDA,11,1,UNPOLARIZED,-152.4658197497679
cc-pvdz,0.10000000000000009,LDA,10,3,UNPOLARIZED,-152.4653147934912
cc-pvdz,0.10000000000000009,LDA,11,3,UNPOLARIZED,-152.41685013477806
cc-pvdz,0.10000000000000009,LDA,12,3,UNPOLARIZED,-152.39985752422177
cc-pvdz,0.10000000000000009,LDA,12,1,UNPOLARIZED,-152.38924413454524
cc-pvdz,0.10000000000000009,LDA,13,1,UNPOLARIZED,-152.3224406692179
cc-pvdz,0.10000000000000009,LDA,13,3,UNPOLARIZED,-152.3092186584928
cc-pvdz,0.10000000000000009,LDA,14,1,UNPOLARIZED,-152.30777895821865
cc-pvdz,0.10000000000000009,LDA,14,3,UNPOLARIZED,-152.2881127683979
cc-pvdz,0.10000000000000009,LDA,15,1,UNPOLARIZED,-152.2869312530797
cc-pvdz,0.10000000000000009,LDA,15,3,UNPOLARIZED,-152.14479567971384
cc-pvdz,0.10000000000000009,LDA,16,1,UNPOLARIZED,-152.12061484194263
cc-pvdz,0.10000000000000009,LDA,17,1,UNPOLARIZED,-152.11995471533936
cc-pvdz,0.10000000000000009,LDA,18,1,UNPOLARIZED,-152.09980665780438
cc-pvdz,0.10000000000000009,LDA,19,1,UNPOLARIZED,-152.07139835160964
cc-pvdz,0.10000000000000009,LDA,20,1,UNPOLARIZED,-152.0362122926254
cc-pvdz,0.20000000000000018,LDA,1,1,UNPOLARIZED,-152.9951066047901
cc-pvdz,0.20000000000000018,LDA,1,3,UNPOLARIZED,-152.97550916582836
cc-pvdz,0.20000000000000018,LDA,2,1,UNPOLARIZED,-152.91842661377086
cc-pvdz,0.20000000000000018,LDA,3,1,UNPOLARIZED,-152.89223956937033
cc-pvdz,0.20000000000000018,LDA,2,3,UNPOLARIZED,-152.85544003455698
cc-pvdz,0.20000000000000018,LDA,3,3,UNPOLARIZED,-152.8315166407417
cc-pvdz,0.20000000000000018,LDA,1,5,UNPOLARIZED,-152.7244723133451
cc-pvdz,0.20000000000000018,LDA,4,3,UNPOLARIZED,-152.71150274255513
cc-pvdz,0.20000000000000018,LDA,4,1,UNPOLARIZED,-152.70984331752106
cc-pvdz,0.20000000000000018,LDA,5,3,UNPOLARIZED,-152.6910705122249
cc-pvdz,0.20000000000000018,LDA,5,1,UNPOLARIZED,-152.68818421134026
cc-pvdz,0.20000000000000018,LDA,6,1,UNPOLARIZED,-152.63987791847129
cc-pvdz,0.20000000000000018,LDA,7,1,UNPOLARIZED,-152.6365810340436
cc-pvdz,0.20000000000000018,LDA,8,1,UNPOLARIZED,-152.60773301177662
cc-pvdz,0.20000000000000018,LDA,6,3,UNPOLARIZED,-152.59389481682743
cc-pvdz,0.20000000000000018,LDA,7,3,UNPOLARIZED,-152.54334057470777
cc-pvdz,0.20000000000000018,LDA,9,1,UNPOLARIZED,-152.54187001471453
cc-pvdz,0.20000000000000018,LDA,8,3,UNPOLARIZED,-152.53490233225432
cc-pvdz,0.20000000000000018,LDA,9,3,UNPOLARIZED,-152.51953407649853
cc-pvdz,0.20000000000000018,LDA,10,1,UNPOLARIZED,-152.4691263531293
cc-pvdz,0.20000000000000018,LDA,10,3,UNPOLARIZED,-152.46412353837505
cc-pvdz,0.20000000000000018,LDA,11,1,UNPOLARIZED,-152.46043344371603
cc-pvdz,0.20000000000000018,LDA,11,3,UNPOLARIZED,-152.41865576431834
cc-pvdz,0.20000000000000018,LDA,12,3,UNPOLARIZED,-152.39618946224968
cc-pvdz,0.20000000000000018,LDA,12,1,UNPOLARIZED,-152.3887123301236
cc-pvdz,0.20000000000000018,LDA,13,1,UNPOLARIZED,-152.3219782657995
cc-pvdz,0.20000000000000018,LDA,13,3,UNPOLARIZED,-152.3122835677712
cc-pvdz,0.20000000000000018,LDA,14,1,UNPOLARIZED,-152.31087592120653
cc-pvdz,0.20000000000000018,LDA,14,3,UNPOLARIZED,-152.28316442934
cc-pvdz,0.20000000000000018,LDA,15,1,UNPOLARIZED,-152.28197968784113
cc-pvdz,0.20000000000000018,LDA,15,3,UNPOLARIZED,-152.14391671636824
cc-pvdz,0.20000000000000018,LDA,16,1,UNPOLARIZED,-152.12046607512966
cc-pvdz,0.20000000000000018,LDA,17,1,UNPOLARIZED,-152.11801309842465
cc-pvdz,0.20000000000000018,LDA,18,1,UNPOLARIZED,-152.0990606703737
cc-pvdz,0.20000000000000018,LDA,19,1,UNPOLARIZED,-152.07220527609672
cc-pvdz,0.20000000000000018,LDA,20,1,UNPOLARIZED,-152.03265219814733
cc-pvdz,0.30000000000000004,LDA,1,1,UNPOLARIZED,-152.99811079979568
cc-pvdz,0.30000000000000004,LDA,1,3,UNPOLARIZED,-152.97393107413322
cc-pvdz,0.30000000000000004,LDA,2,1,UNPOLARIZED,-152.91230471834388
cc-pvdz,0.30000000000000004,LDA,3,1,UNPOLARIZED,-152.89066304645763
cc-pvdz,0.30000000000000004,LDA,2,3,UNPOLARIZED,-152.85733624298513
cc-pvdz,0.30000000000000004,LDA,3,3,UNPOLARIZED,-152.82646033078314
cc-pvdz,0.30000000000000004,LDA,1,5,UNPOLARIZED,-152.7228486817343
cc-pvdz,0.30000000000000004,LDA,4,3,UNPOLARIZED,-152.71275598513012
cc-pvdz,0.30000000000000004,LDA,4,1,UNPOLARIZED,-152.7111786649775
cc-pvdz,0.30000000000000004,LDA,5,3,UNPOLARIZED,-152.68661837910696
cc-pvdz,0.30000000000000004,LDA,5,1,UNPOLARIZED,-152.68354932710454
cc-pvdz,0.30000000000000004,LDA,6,1,UNPOLARIZED,-152.64299847371674
cc-pvdz,0.30000000000000004,LDA,7,1,UNPOLARIZED,-152.6348285815244
cc-pvdz,0.30000000000000004,LDA,8,1,UNPOLARIZED,-152.6017381345165
cc-pvdz,0.30000000000000004,LDA,6,3,UNPOLARIZED,-152.59690711425077
cc-pvdz,0.30000000000000004,LDA,9,1,UNPOLARIZED,-152.54530428293512
cc-pvdz,0.30000000000000004,LDA,7,3,UNPOLARIZED,-152.54250748871416
cc-pvdz,0.30000000000000004,LDA,8,3,UNPOLARIZED,-152.53279645075693
cc-pvdz,0.30000000000000004,LDA,9,3,UNPOLARIZED,-152.5131819978095
cc-pvdz,0.30000000000000004,LDA,10,1,UNPOLARIZED,-152.46753519953103
cc-pvdz,0.30000000000000004,LDA,10,3,UNPOLARIZED,-152.4622148680935
cc-pvdz,0.30000000000000004,LDA,11,1,UNPOLARIZED,-152.4536324549007
cc-pvdz,0.30000000000000004,LDA,11,3,UNPOLARIZED,-152.41971868416528
cc-pvdz,0.30000000000000004,LDA,12,3,UNPOLARIZED,-152.39178585921323
cc-pvdz,0.30000000000000004,LDA,12,1,UNPOLARIZED,-152.38762408521777
cc-pvdz,0.30000000000000004,LDA,13,1,UNPOLARIZED,-152.3209710207678
cc-pvdz,0.30000000000000004,LDA,13,3,UNPOLARIZED,-152.31459497448395
cc-pvdz,0.30000000000000004,LDA,14,1,UNPOLARIZED,-152.3132211176431
cc-pvdz,0.30000000000000004,LDA,14,3,UNPOLARIZED,-152.2774805522835
cc-pvdz,0.30000000000000004,LDA,15,1,UNPOLARIZED,-152.27629240992712
cc-pvdz,0.30000000000000004,LDA,15,3,UNPOLARIZED,-152.142226187691
cc-pvdz,0.30000000000000004,LDA,16,1,UNPOLARIZED,-152.11954097396028
cc-pvdz,0.30000000000000004,LDA,17,1,UNPOLARIZED,-152.11529136080486
cc-pvdz,0.30000000000000004,LDA,18,1,UNPOLARIZED,-152.09753265981072
cc-pvdz,0.30000000000000004,LDA,19,1,UNPOLARIZED,-152.07230552013408
cc-pvdz,0.30000000000000004,LDA,20,1,UNPOLARIZED,-152.02792272978195
cc-pvdz,0.40000000000000013,LDA,1,1,UNPOLARIZED,-153.00114754117314
cc-pvdz,0.40000000000000013,LDA,1,3,UNPOLARIZED,-152.97182137601087
cc-pvdz,0.40000000000000013,LDA,2,1,UNPOLARIZED,-152.90509847472507
cc-pvdz,0.40000000000000013,LDA,3,1,UNPOLARIZED,-152.88855255637534
cc-pvdz,0.40000000000000013,LDA,2,3,UNPOLARIZED,-152.8586325025658
cc-pvdz,0.40000000000000013,LDA,3,3,UNPOLARIZED,-152.8208182856671
cc-pvdz,0.40000000000000013,LDA,1,5,UNPOLARIZED,-152.72056263142557
cc-pvdz,0.40000000000000013,LDA,4,3,UNPOLARIZED,-152.71340701890972
cc-pvdz,0.40000000000000013,LDA,4,1,UNPOLARIZED,-152.71190341580578
cc-pvdz,0.40000000000000013,LDA,5,3,UNPOLARIZED,-152.68157309684958
cc-pvdz,0.40000000000000013,LDA,5,1,UNPOLARIZED,-152.6783079467599
cc-pvdz,0.40000000000000013,LDA,6,1,UNPOLARIZED,-152.64554272796374
cc-pvdz,0.40000000000000013,LDA,7,1,UNPOLARIZED,-152.6323928081804
cc-pvdz,0.40000000000000013,LDA,6,3,UNPOLARIZED,-152.5997177408916
cc-pvdz,0.40000000000000013,LDA,8,1,UNPOLARIZED,-152.59518652304848
cc-pvdz,0.40000000000000013,LDA,9,1,UNPOLARIZED,-152.54859519285438
cc-pvdz,0.40000000000000013,LDA,7,3,UNPOLARIZED,-152.54112502484554
cc-pvdz,0.40000000000000013,LDA,8,3,UNPOLARIZED,-152.52996211186684
cc-pvdz,0.40000000000000013,LDA,9,3,UNPOLARIZED,-152.50569190184262
cc-pvdz,0.40000000000000013,LDA,10,1,UNPOLARIZED,-152.46527910979444
cc-pvdz,0.40000000000000013,LDA,10,3,UNPOLARIZED,-152.45959287377613
cc-pvdz,0.40000000000000013,LDA,11,1,UNPOLARIZED,-152.44564531921407
cc-pvdz,0.40000000000000013,LDA,11,3,UNPOLARIZED,-152.42004464690572
cc-pvdz,0.40000000000000013,LDA,12,3,UNPOLARIZED,-152.38664955439654
cc-pvdz,0.40000000000000013,LDA,12,1,UNPOLARIZED,-152.38597991190292
cc-pvdz,0.40000000000000013,LDA,13,1,UNPOLARIZED,-152.31942230741808
cc-pvdz,0.40000000000000013,LDA,13,3,UNPOLARIZED,-152.31615717510226
cc-pvdz,0.40000000000000013,LDA,14,1,UNPOLARIZED,-152.31481899769793
cc-pvdz,0.40000000000000013,LDA,14,3,UNPOLARIZED,-152.27106446675094
cc-pvdz,0.40000000000000013,LDA,15,1,UNPOLARIZED,-152.26987270900418
cc-pvdz,0.40000000000000013,LDA,15,3,UNPOLARIZED,-152.13972814850075
cc-pvdz,0.40000000000000013,LDA,16,1,UNPOLARIZED,-152.1178430857947
cc-pvdz,0.40000000000000013,LDA,17,1,UNPOLARIZED,-152.1117950796369
cc-pvdz,0.40000000000000013,LDA,18,1,UNPOLARIZED,-152.09522659266094
cc-pvdz,0.40000000000000013,LDA,19,1,UNPOLARIZED,-152.07162791114763
cc-pvdz,0.40000000000000013,LDA,20,1,UNPOLARIZED,-152.02210732434926
cc-pvdz,0.5,LDA,1,1,UNPOLARIZED,-153.00405612085305
cc-pvdz,0.5,LDA,1,3,UNPOLARIZED,-152.96918261436696
cc-pvdz,0.5,LDA,2,1,UNPOLARIZED,-152.8969739105325
cc-pvdz,0.5,LDA,3,1,UNPOLARIZED,-152.8859106695017
cc-pvdz,0.5,LDA,2,3,UNPOLARIZED,-152.8593320311882
cc-pvdz,0.5,LDA,3,3,UNPOLARIZED,-152.81459231914215
cc-pvdz,0.5,LDA,1,5,UNPOLARIZED,-152.71761658358875
cc-pvdz,0.5,LDA,4,3,UNPOLARIZED,-152.71345917944998
cc-pvdz,0.5,LDA,4,1,UNPOLARIZED,-152.71202126593244
cc-pvdz,0.5,LDA,5,3,UNPOLARIZED,-152.67593666674153
cc-pvdz,0.5,LDA,5,1,UNPOLARIZED,-152.6724614735878
cc-pvdz,0.5,LDA,6,1,UNPOLARIZED,-152.64751398063157
cc-pvdz,0.5,LDA,7,1,UNPOLARIZED,-152.62927586909984
cc-pvdz,0.5,LDA,6,3,UNPOLARIZED,-152.60218980131035
cc-pvdz,0.5,LDA,8,1,UNPOLARIZED,-152.58807979877957
cc-pvdz,0.5,LDA,9,1,UNPOLARIZED,-152.55159098051976
cc-pvdz,0.5,LDA,7,3,UNPOLARIZED,-152.53916071055437
cc-pvdz,0.5,LDA,8,3,UNPOLARIZED,-152.52643690225054
cc-pvdz,0.5,LDA,9,3,UNPOLARIZED,-152.4972057112623
cc-pvdz,0.5,LDA,10,1,UNPOLARIZED,-152.46236132026468
cc-pvdz,0.5,LDA,10,3,UNPOLARIZED,-152.45625989141985
cc-pvdz,0.5,LDA,11,1,UNPOLARIZED,-152.43662892251132
cc-pvdz,0.5,LDA,11,3,UNPOLARIZED,-152.4196377708794
cc-pvdz,0.5,LDA,12,1,UNPOLARIZED,-152.38377814068625
cc-pvdz,0.5,LDA,12,3,UNPOLARIZED,-152.38078170047447
cc-pvdz,0.5,LDA,13,1,UNPOLARIZED,-152.31733330278323
cc-pvdz,0.5,LDA,13,3,UNPOLARIZED,-152.31697266759718
cc-pvdz,0.5,LDA,14,1,UNPOLARIZED,-152.31567221718947
cc-pvdz,0.5,LDA,14,3,UNPOLARIZED,-152.2639177627196
cc-pvdz,0.5,LDA,15,1,UNPOLARIZED,-152.26272214504579
cc-pvdz,0.5,LDA,15,3,UNPOLARIZED,-152.13642490548517
cc-pvdz,0.5,LDA,16,1,UNPOLARIZED,-152.11537428925695
cc-pvdz,0.5,LDA,17,1,UNPOLARIZED,-152.1075282235773
cc-pvdz,0.5,LDA,18,1,UNPOLARIZED,-152.09214467099852
cc-pvdz,0.5,LDA,19,1,UNPOLARIZED,-152.07012571145907
cc-pvdz,0.5,LDA,20,1,UNPOLARIZED,-152.01526242058205
cc-pvdz,0.6000000000000001,LDA,1,1,UNPOLARIZED,-153.00672524718834
cc-pvdz,0.6000000000000001,LDA,1,3,UNPOLARIZED,-152.96601576032828
cc-pvdz,0.6000000000000001,LDA,2,1,UNPOLARIZED,-152.8880445016323
cc-pvdz,0.6000000000000001,LDA,3,1,UNPOLARIZED,-152.88273841059944
cc-pvdz,0.6000000000000001,LDA,2,3,UNPOLARIZED,-152.8594364600276
cc-pvdz,0.6000000000000001,LDA,3,3,UNPOLARIZED,-152.80778263263502
cc-pvdz,0.6000000000000001,LDA,1,5,UNPOLARIZED,-152.71401132275585
cc-pvdz,0.6000000000000001,LDA,4,3,UNPOLARIZED,-152.71291421251195
cc-pvdz,0.6000000000000001,LDA,4,1,UNPOLARIZED,-152.71153431089846
cc-pvdz,0.6000000000000001,LDA,5,3,UNPOLARIZED,-152.66970952638815
cc-pvdz,0.6000000000000001,LDA,5,1,UNPOLARIZED,-152.66600970131347
cc-pvdz,0.6000000000000001,LDA,6,1,UNPOLARIZED,-152.64891391348044
cc-pvdz,0.6000000000000001,LDA,7,1,UNPOLARIZED,-152.62547825392198
cc-pvdz,0.6000000000000001,LDA,6,3,UNPOLARIZED,-152.6042306889813
cc-pvdz,0.6000000000000001,LDA,8,1,UNPOLARIZED,-152.58041800837836
cc-pvdz,0.6000000000000001,LDA,9,1,UNPOLARIZED,-152.55418887866156
cc-pvdz,0.6000000000000001,LDA,7,3,UNPOLARIZED,-152.5365933207868
cc-pvdz,0.6000000000000001,LDA,8,3,UNPOLARIZED,-152.5222439807875
cc-pvdz,0.6000000000000001,LDA,9,3,UNPOLARIZED,-152.4878177698754
cc-pvdz,0.6000000000000001,LDA,10,1,UNPOLARIZED,-152.45878356781876
cc-pvdz,0.6000000000000001,LDA,10,3,UNPOLARIZED,-152.45221653925552
cc-pvdz,0.6000000000000001,LDA,11,1,UNPOLARIZED,-152.42668787958343
cc-pvdz,0.6000000000000001,LDA,11,3,UNPOLARIZED,-152.4185005698068
cc-pvdz,0.6000000000000001,LDA,12,1,UNPOLARIZED,-152.38101500066466
cc-pvdz,0.6000000000000001,LDA,12,3,UNPOLARIZED,-152.3741817818815
cc-pvdz,0.6000000000000001,LDA,13,3,UNPOLARIZED,-152.31704216767733
cc-pvdz,0.6000000000000001,LDA,13,1,UNPOLARIZED,-152.315781651346
cc-pvdz,0.6000000000000001,LDA,14,1,UNPOLARIZED,-152.31470296567744
cc-pvdz,0.6000000000000001,LDA,14,3,UNPOLARIZED,-152.25604031611024
cc-pvdz,0.6000000000000001,LDA,15,1,UNPOLARIZED,-152.2548405743422
cc-pvdz,0.6000000000000001,LDA,15,3,UNPOLARIZED,-152.1323170404194
cc-pvdz,0.6000000000000001,LDA,16,1,UNPOLARIZED,-152.11213481165194
cc-pvdz,0.6000000000000001,LDA,17,1,UNPOLARIZED,-152.10249317712396
cc-pvdz,0.6000000000000001,LDA,18,1,UNPOLARIZED,-152.0882873543879
cc-pvdz,0.6000000000000001,LDA,19,1,UNPOLARIZED,-152.0677683261149
cc-pvdz,0.6000000000000001,LDA,20,1,UNPOLARIZED,-152.00742577260056
cc-pvdz,0.7000000000000002,LDA,1,1,UNPOLARIZED,-153.00907780711245
cc-pvdz,0.7000000000000002,LDA,1,3,UNPOLARIZED,-152.96232022956792
cc-pvdz,0.7000000000000002,LDA,2,1,UNPOLARIZED,-152.879035275885
cc-pvdz,0.7000000000000002,LDA,3,1,UNPOLARIZED,-152.87838644213105
cc-pvdz,0.7000000000000002,LDA,2,3,UNPOLARIZED,-152.85894585068945
cc-pvdz,0.7000000000000002,LDA,3,3,UNPOLARIZED,-152.80038782980523
cc-pvdz,0.7000000000000002,LDA,4,3,UNPOLARIZED,-152.7117722909559
cc-pvdz,0.7000000000000002,LDA,4,1,UNPOLARIZED,-152.71044306503572
cc-pvdz,0.7000000000000002,LDA,1,5,UNPOLARIZED,-152.70974601475353
cc-pvdz,0.7000000000000002,LDA,5,3,UNPOLARIZED,-152.66289056919103
cc-pvdz,0.7000000000000002,LDA,5,1,UNPOLARIZED,-152.65895082954816
cc-pvdz,0.7000000000000002,LDA,6,1,UNPOLARIZED,-152.64974260728832
cc-pvdz,0.7000000000000002,LDA,7,1,UNPOLARIZED,-152.62099880617072
cc-pvdz,0.7000000000000002,LDA,6,3,UNPOLARIZED,-152.6057769240498
cc-pvdz,0.7000000000000002,LDA,8,1,UNPOLARIZED,-152.57219965068677
cc-pvdz,0.7000000000000002,LDA,9,1,UNPOLARIZED,-152.5563185048754
cc-pvdz,0.7000000000000002,LDA,7,3,UNPOLARIZED,-152.53340805844692
cc-pvdz,0.7000000000000002,LDA,8,3,UNPOLARIZED,-152.51739691729952
cc-pvdz,0.7000000000000002,LDA,9,3,UNPOLARIZED,-152.47759004089522
cc-pvdz,0.7000000000000002,LDA,10,1,UNPOLARIZED,-152.45454611881448
cc-pvdz,0.7000000000000002,LDA,10,3,UNPOLARIZED,-152.4474617523281
cc-pvdz,0.7000000000000002,LDA,11,3,UNPOLARIZED,-152.41663397922386
cc-pvdz,0.7000000000000002,LDA,11,1,UNPOLARIZED,-152.41589118211627
cc-pvdz,0.7000000000000002,LDA,12,1,UNPOLARIZED,-152.37768469886623
cc-pvdz,0.7000000000000002,LDA,12,3,UNPOLARIZED,-152.36684762986826
cc-pvdz,0.7000000000000002,LDA,13,3,UNPOLARIZED,-152.31636462127565
cc-pvdz,0.7000000000000002,LDA,13,1,UNPOLARIZED,-152.3151464044701
cc-pvdz,0.7000000000000002,LDA,14,1,UNPOLARIZED,-152.31152802100704
cc-pvdz,0.7000000000000002,LDA,14,3,UNPOLARIZED,-152.24743031041683
cc-pvdz,0.7000000000000002,LDA,15,1,UNPOLARIZED,-152.24622617164283
cc-pvdz,0.7000000000000002,LDA,15,3,UNPOLARIZED,-152.1274034299674
cc-pvdz,0.7000000000000002,LDA,16,1,UNPOLARIZED,-152.1081232428278
cc-pvdz,0.7000000000000002,LDA,17,1,UNPOLARIZED,-152.09669076092916
cc-pvdz,0.7000000000000002,LDA,18,1,UNPOLARIZED,-152.0836533782288
cc-pvdz,0.7000000000000002,LDA,19,1,UNPOLARIZED,-152.0645354396838
cc-pvdz,0.7000000000000002,LDA,20,1,UNPOLARIZED,-151.99862231310613
cc-pvdz,0.8,LDA,1,1,UNPOLARIZED,-153.01105920096
cc-pvdz,0.8,LDA,1,3,UNPOLARIZED,-152.95809389523032
cc-pvdz,0.8,LDA,2,1,UNPOLARIZED,-152.87479924683277
cc-pvdz,0.8,LDA,3,1,UNPOLARIZED,-152.86805033482096
cc-pvdz,0.8,LDA,2,3,UNPOLARIZED,-152.85785870896024
cc-pvdz,0.8,LDA,3,3,UNPOLARIZED,-152.79240492773417
cc-pvdz,0.8,LDA,4,3,UNPOLARIZED,-152.71003202858427
cc-pvdz,0.8,LDA,4,1,UNPOLARIZED,-152.70874647735752
cc-pvdz,0.8,LDA,1,5,UNPOLARIZED,-152.70481822140664
cc-pvdz,0.8,LDA,5,3,UNPOLARIZED,-152.65547716044486
cc-pvdz,0.8,LDA,5,1,UNPOLARIZED,-152.6512814759684
cc-pvdz,0.8,LDA,6,1,UNPOLARIZED,-152.64999855556866
cc-pvdz,0.8,LDA,7,1,UNPOLARIZED,-152.6158347395432
cc-pvdz,0.8,LDA,6,3,UNPOLARIZED,-152.60678360299514
cc-pvdz,0.8,LDA,8,1,UNPOLARIZED,-152.56342170144904
cc-pvdz,0.8,LDA,9,1,UNPOLARIZED,-152.55793022571555
cc-pvdz,0.8,LDA,7,3,UNPOLARIZED,-152.5295933937674
cc-pvdz,0.8,LDA,8,3,UNPOLARIZED,-152.51190286557207
cc-pvdz,0.8,LDA,9,3,UNPOLARIZED,-152.4665626868048
cc-pvdz,0.8,LDA,10,1,UNPOLARIZED,-152.44964779647023
cc-pvdz,0.8,LDA,10,3,UNPOLARIZED,-152.4419928142103
cc-pvdz,0.8,LDA,11,3,UNPOLARIZED,-152.4140373800367
cc-pvdz,0.8,LDA,11,1,UNPOLARIZED,-152.4042838643169
cc-pvdz,0.8,LDA,12,1,UNPOLARIZED,-152.37377949719584
cc-pvdz,0.8,LDA,12,3,UNPOLARIZED,-152.3587754345712
cc-pvdz,0.8,LDA,13,3,UNPOLARIZED,-152.31493721367733
cc-pvdz,0.8,LDA,13,1,UNPOLARIZED,-152.3137638158299
cc-pvdz,0.8,LDA,14,1,UNPOLARIZED,-152.30780295294616
cc-pvdz,0.8,LDA,14,3,UNPOLARIZED,-152.23808425484253
cc-pvdz,0.8,LDA,15,1,UNPOLARIZED,-152.23687544882688
cc-pvdz,0.8,LDA,15,3,UNPOLARIZED,-152.12168126238993
cc-pvdz,0.8,LDA,16,1,UNPOLARIZED,-152.10333654582791
cc-pvdz,0.8,LDA,17,1,UNPOLARIZED,-152.09012024841638
cc-pvdz,0.8,LDA,18,1,UNPOLARIZED,-152.07823976882102
cc-pvdz,0.8,LDA,19,1,UNPOLARIZED,-152.06041317889603
cc-pvdz,0.8,LDA,20,1,UNPOLARIZED,-151.98886796981208
cc-pvdz,0.9000000000000001,LDA,1,1,UNPOLARIZED,-153.012629364846
cc-pvdz,0.9000000000000001,LDA,1,3,UNPOLARIZED,-152.9533330984415
cc-pvdz,0.9000000000000001,LDA,2,1,UNPOLARIZED,-152.8700268016707
cc-pvdz,0.9000000000000001,LDA,3,1,UNPOLARIZED,-152.85706918909668
cc-pvdz,0.9000000000000001,LDA,2,3,UNPOLARIZED,-152.85617199615325
cc-pvdz,0.9000000000000001,LDA,3,3,UNPOLARIZED,-152.78382936576332
cc-pvdz,0.9000000000000001,LDA,4,3,UNPOLARIZED,-152.70769049187098
cc-pvdz,0.9000000000000001,LDA,4,1,UNPOLARIZED,-152.7064419451346
cc-pvdz,0.9000000000000001,LDA,1,5,UNPOLARIZED,-152.6992239129928
cc-pvdz,0.9000000000000001,LDA,5,1,UNPOLARIZED,-152.64967867620695
cc-pvdz,0.9000000000000001,LDA,5,3,UNPOLARIZED,-152.64746515096195
cc-pvdz,0.9000000000000001,LDA,6,1,UNPOLARIZED,-152.64299668620578
cc-pvdz,0.9000000000000001,LDA,7,1,UNPOLARIZED,-152.60998165216947
cc-pvdz,0.9000000000000001,LDA,6,3,UNPOLARIZED,-152.6072175229237
cc-pvdz,0.9000000000000001,LDA,8,1,UNPOLARIZED,-152.558987547064
cc-pvdz,0.9000000000000001,LDA,9,1,UNPOLARIZED,-152.5540796368003
cc-pvdz,0.9000000000000001,LDA,7,3,UNPOLARIZED,-152.52513918626292
cc-pvdz,0.9000000000000001,LDA,8,3,UNPOLARIZED,-152.5057644493155
cc-pvdz,0.9000000000000001,LDA,9,3,UNPOLARIZED,-152.45476097003748
cc-pvdz,0.9000000000000001,LDA,10,1,UNPOLARIZED,-152.44408600753263
cc-pvdz,0.9000000000000001,LDA,10,3,UNPOLARIZED,-152.43580538640535
cc-pvdz,0.9000000000000001,LDA,11,3,UNPOLARIZED,-152.41070862012185
cc-pvdz,0.9000000000000001,LDA,11,1,UNPOLARIZED,-152.39189463776407
cc-pvdz,0.9000000000000001,LDA,12,1,UNPOLARIZED,-152.3692897863451
cc-pvdz,0.9000000000000001,LDA,12,3,UNPOLARIZED,-152.3499597550565
cc-pvdz,0.9000000000000001,LDA,13,3,UNPOLARIZED,-152.312755376327
cc-pvdz,0.9000000000000001,LDA,13,1,UNPOLARIZED,-152.31162946273685
cc-pvdz,0.9000000000000001,LDA,14,1,UNPOLARIZED,-152.30352000906458
cc-pvdz,0.9000000000000001,LDA,14,3,UNPOLARIZED,-152.22799699995085
cc-pvdz,0.9000000000000001,LDA,15,1,UNPOLARIZED,-152.22678327111737
cc-pvdz,0.9000000000000001,LDA,15,3,UNPOLARIZED,-152.1151460521444
cc-pvdz,0.9000000000000001,LDA,16,1,UNPOLARIZED,-152.0977700652892
cc-pvdz,0.9000000000000001,LDA,17,1,UNPOLARIZED,-152.08277937964596
cc-pvdz,0.9000000000000001,LDA,18,1,UNPOLARIZED,-152.07204185612642
cc-pvdz,0.9000000000000001,LDA,19,1,UNPOLARIZED,-152.05539164539326
cc-pvdz,0.9000000000000001,LDA,20,1,UNPOLARIZED,-151.9781720933325
cc-pvdz,1.0,LDA,1,1,UNPOLARIZED,-153.01375752233304
cc-pvdz,1.0,LDA,1,3,UNPOLARIZED,-152.94803265626288
cc-pvdz,1.0,LDA,2,1,UNPOLARIZED,-152.86471292440868
cc-pvdz,1.0,LDA,2,3,UNPOLARIZED,-152.853881137932
cc-pvdz,1.0,LDA,3,1,UNPOLARIZED,-152.84546368430694
cc-pvdz,1.0,LDA,3,3,UNPOLARIZED,-152.77465501189172
cc-pvdz,1.0,LDA,4,3,UNPOLARIZED,-152.70474320940315
cc-pvdz,1.0,LDA,4,1,UNPOLARIZED,-152.70352532503892
cc-pvdz,1.0,LDA,1,5,UNPOLARIZED,-152.69295747833934
cc-pvdz,1.0,LDA,5,1,UNPOLARIZED,-152.64877832079426
cc-pvdz,1.0,LDA,5,3,UNPOLARIZED,-152.63884888802025
cc-pvdz,1.0,LDA,6,1,UNPOLARIZED,-152.6340899413237
cc-pvdz,1.0,LDA,6,3,UNPOLARIZED,-152.60705277790987
cc-pvdz,1.0,LDA,7,1,UNPOLARIZED,-152.60343353875672
cc-pvdz,1.0,LDA,8,1,UNPOLARIZED,-152.5594622304285
cc-pvdz,1.0,LDA,9,1,UNPOLARIZED,-152.5441674553272
cc-pvdz,1.0,LDA,7,3,UNPOLARIZED,-152.52003558790494
cc-pvdz,1.0,LDA,8,3,UNPOLARIZED,-152.4989808625697
cc-pvdz,1.0,LDA,9,3,UNPOLARIZED,-152.44219967678066
cc-pvdz,1.0,LDA,10,1,UNPOLARIZED,-152.43785676792933
cc-pvdz,1.0,LDA,10,3,UNPOLARIZED,-152.42889353488945
cc-pvdz,1.0,LDA,11,3,UNPOLARIZED,-152.40664403377843
cc-pvdz,1.0,LDA,11,1,UNPOLARIZED,-152.37874079555596
cc-pvdz,1.0,LDA,12,1,UNPOLARIZED,-152.3642041553513
cc-pvdz,1.0,LDA,12,3,UNPOLARIZED,-152.34039352721146
cc-pvdz,1.0,LDA,13,3,UNPOLARIZED,-152.3098127912905
cc-pvdz,1.0,LDA,13,1,UNPOLARIZED,-152.30873716069965
cc-pvdz,1.0,LDA,14,1,UNPOLARIZED,-152.2986692151827
cc-pvdz,1.0,LDA,14,3,UNPOLARIZED,-152.2171617507292
cc-pvdz,1.0,LDA,15,1,UNPOLARIZED,-152.21594287076758
cc-pvdz,1.0,LDA,15,3,UNPOLARIZED,-152.10779165225532
cc-pvdz,1.0,LDA,16,1,UNPOLARIZED,-152.0914175334504
cc-pvdz,1.0,LDA,17,1,UNPOLARIZED,-152.07466437225906
cc-pvdz,1.0,LDA,18,1,UNPOLARIZED,-152.06505328410515
cc-pvdz,1.0,LDA,19,1,UNPOLARIZED,-152.04946331282636
cc-pvdz,1.0,LDA,20,1,UNPOLARIZED,-151.96653900342278
cc-pvdz,-1.0,LDA,1,1,POLARIZED,-153.07338984765133
cc-pvdz,-1.0,LDA,1,3,POLARIZED,-153.0172400127926
cc-pvdz,-1.0,LDA,2,3,POLARIZED,-152.93299950831747
cc-pvdz,-1.0,LDA,2,1,POLARIZED,-152.91337285401977
cc-pvdz,-1.0,LDA,3,1,POLARIZED,-152.90521738291784
cc-pvdz,-1.0,LDA,3,3,POLARIZED,-152.8603112951284
cc-pvdz,-1.0,LDA,1,5,POLARIZED,-152.7922382235618
cc-pvdz,-1.0,LDA,4,3,POLARIZED,-152.7562328746163
cc-pvdz,-1.0,LDA,4,1,POLARIZED,-152.7511033060687
cc-pvdz,-1.0,LDA,5,3,POLARIZED,-152.69230264684649
cc-pvdz,-1.0,LDA,5,1,POLARIZED,-152.68850090524225
cc-pvdz,-1.0,LDA,6,1,POLARIZED,-152.6805245092131
cc-pvdz,-1.0,LDA,6,3,POLARIZED,-152.6659380093822
cc-pvdz,-1.0,LDA,7,1,POLARIZED,-152.65913043671304
cc-pvdz,-1.0,LDA,8,1,POLARIZED,-152.60367177417746
cc-pvdz,-1.0,LDA,9,1,POLARIZED,-152.5882657537306
cc-pvdz,-1.0,LDA,7,3,POLARIZED,-152.57631251970622
cc-pvdz,-1.0,LDA,8,3,POLARIZED,-152.55311683600647
cc-pvdz,-1.0,LDA,9,3,POLARIZED,-152.49823764788943
cc-pvdz,-1.0,LDA,10,1,POLARIZED,-152.48650157029533
cc-pvdz,-1.0,LDA,10,3,POLARIZED,-152.47890503995256
cc-pvdz,-1.0,LDA,11,3,POLARIZED,-152.46589383754684
cc-pvdz,-1.0,LDA,11,1,POLARIZED,-152.41433555676122
cc-pvdz,-1.0,LDA,12,1,POLARIZED,-152.40685499268378
cc-pvdz,-1.0,LDA,12,3,POLARIZED,-152.40342661434843
cc-pvdz,-1.0,LDA,13,3,POLARIZED,-152.36152892404223
cc-pvdz,-1.0,LDA,13,1,POLARIZED,-152.3559127236005
cc-pvdz,-1.0,LDA,14,1,POLARIZED,-152.32144924975125
cc-pvdz,-1.0,LDA,14,3,POLARIZED,-152.26832843924984
cc-pvdz,-1.0,LDA,15,1,POLARIZED,-152.2640914549199
cc-pvdz,-1.0,LDA,15,3,POLARIZED,-152.1618796000065
cc-pvdz,-1.0,LDA,16,1,POLARIZED,-152.1082835534542
cc-pvdz,-1.0,LDA,17,1,POLARIZED,-152.10364899466833
cc-pvdz,-1.0,LDA,18,1,POLARIZED,-152.08400294537284
cc-pvdz,-1.0,LDA,19,1,POLARIZED,-152.06374986026188
cc-pvdz,-1.0,LDA,20,1,POLARIZED,-151.99091770454433
cc-pvdz,-0.9,LDA,1,1,POLARIZED,-153.07291725228185
cc-pvdz,-0.9,LDA,1,3,POLARIZED,-153.0225524253375
cc-pvdz,-0.9,LDA,2,3,POLARIZED,-152.9355598667607
cc-pvdz,-0.9,LDA,2,1,POLARIZED,-152.924213743284
cc-pvdz,-0.9,LDA,3,1,POLARIZED,-152.9105388398757
cc-pvdz,-0.9,LDA,3,3,POLARIZED,-152.86922940317527
cc-pvdz,-0.9,LDA,1,5,POLARIZED,-152.79853638623695
cc-pvdz,-0.9,LDA,4,3,POLARIZED,-152.75924569036385
cc-pvdz,-0.9,LDA,4,1,POLARIZED,-152.7539944273336
cc-pvdz,-0.9,LDA,5,3,POLARIZED,-152.7008259808171
cc-pvdz,-0.9,LDA,5,1,POLARIZED,-152.68960855188325
cc-pvdz,-0.9,LDA,6,1,POLARIZED,-152.6894979317113
cc-pvdz,-0.9,LDA,6,3,POLARIZED,-152.66654246295084
cc-pvdz,-0.9,LDA,7,1,POLARIZED,-152.6658991277196
cc-pvdz,-0.9,LDA,8,1,POLARIZED,-152.6034854368839
cc-pvdz,-0.9,LDA,9,1,POLARIZED,-152.59800846689856
cc-pvdz,-0.9,LDA,7,3,POLARIZED,-152.58131997462033
cc-pvdz,-0.9,LDA,8,3,POLARIZED,-152.559939605568
cc-pvdz,-0.9,LDA,9,3,POLARIZED,-152.51041287367826
cc-pvdz,-0.9,LDA,10,1,POLARIZED,-152.49271649141843
cc-pvdz,-0.9,LDA,10,3,POLARIZED,-152.4858863943033
cc-pvdz,-0.9,LDA,11,3,POLARIZED,-152.47016709872565
cc-pvdz,-0.9,LDA,11,1,POLARIZED,-152.42725981587117
cc-pvdz,-0.9,LDA,12,3,POLARIZED,-152.4128822170848
cc-pvdz,-0.9,LDA,12,1,POLARIZED,-152.41219783266519
cc-pvdz,-0.9,LDA,13,3,POLARIZED,-152.36449661166765
cc-pvdz,-0.9,LDA,13,1,POLARIZED,-152.35886385618832
cc-pvdz,-0.9,LDA,14,1,POLARIZED,-152.32588363962336
cc-pvdz,-0.9,LDA,14,3,POLARIZED,-152.27920846786466
cc-pvdz,-0.9,LDA,15,1,POLARIZED,-152.2749200787988
cc-pvdz,-0.9,LDA,15,3,POLARIZED,-152.1692876080148
cc-pvdz,-0.9,LDA,16,1,POLARIZED,-152.11432379366602
cc-pvdz,-0.9,LDA,17,1,POLARIZED,-152.1105789165365
cc-pvdz,-0.9,LDA,18,1,POLARIZED,-152.09240422235504
cc-pvdz,-0.9,LDA,19,1,POLARIZED,-152.07041975659965
cc-pvdz,-0.9,LDA,20,1,POLARIZED,-152.00201731790082
cc-pvdz,-0.8,LDA,1,1,POLARIZED,-153.07203191281747
cc-pvdz,-0.8,LDA,1,3,POLARIZED,-153.02732430851165
cc-pvdz,-0.8,LDA,2,3,POLARIZED,-152.9375171170001
cc-pvdz,-0.8,LDA,2,1,POLARIZED,-152.93440843385522
cc-pvdz,-0.8,LDA,3,1,POLARIZED,-152.9153175262248
cc-pvdz,-0.8,LDA,3,3,POLARIZED,-152.8775476936153
cc-pvdz,-0.8,LDA,1,5,POLARIZED,-152.80416208592663
cc-pvdz,-0.8,LDA,4,3,POLARIZED,-152.76165382519477
cc-pvdz,-0.8,LDA,4,1,POLARIZED,-152.756273234291
cc-pvdz,-0.8,LDA,5,3,POLARIZED,-152.70874915697772
cc-pvdz,-0.8,LDA,5,1,POLARIZED,-152.6978478764904
cc-pvdz,-0.8,LDA,6,1,POLARIZED,-152.69013676279042
cc-pvdz,-0.8,LDA,7,1,POLARIZED,-152.67195734951414
cc-pvdz,-0.8,LDA,6,3,POLARIZED,-152.6665860449846
cc-pvdz,-0.8,LDA,8,1,POLARIZED,-152.60717758418738
cc-pvdz,-0.8,LDA,9,1,POLARIZED,-152.60276229053846
cc-pvdz,-0.8,LDA,7,3,POLARIZED,-152.58568179880675
cc-pvdz,-0.8,LDA,8,3,POLARIZED,-152.56612014735174
cc-pvdz,-0.8,LDA,9,3,POLARIZED,-152.52179012241066
cc-pvdz,-0.8,LDA,10,1,POLARIZED,-152.4982666950889
cc-pvdz,-0.8,LDA,10,3,POLARIZED,-152.49213975098004
cc-pvdz,-0.8,LDA,11,3,POLARIZED,-152.47370546426797
cc-pvdz,-0.8,LDA,11,1,POLARIZED,-152.43937257942503
cc-pvdz,-0.8,LDA,12,3,POLARIZED,-152.4215838488889
cc-pvdz,-0.8,LDA,12,1,POLARIZED,-152.41692387038992
cc-pvdz,-0.8,LDA,13,3,POLARIZED,-152.36669965771355
cc-pvdz,-0.8,LDA,13,1,POLARIZED,-152.36105525985275
cc-pvdz,-0.8,LDA,14,1,POLARIZED,-152.329772156575
cc-pvdz,-0.8,LDA,14,3,POLARIZED,-152.2893401176922
cc-pvdz,-0.8,LDA,15,1,POLARIZED,-152.28500023981448
cc-pvdz,-0.8,LDA,15,3,POLARIZED,-152.1758733561028
cc-pvdz,-0.8,LDA,16,1,POLARIZED,-152.1195777669455
cc-pvdz,-0.8,LDA,17,1,POLARIZED,-152.11672378298712
cc-pvdz,-0.8,LDA,18,1,POLARIZED,-152.10003668853034
cc-pvdz,-0.8,LDA,19,1,POLARIZED,-152.07621571474863
cc-pvdz,-0.8,LDA,20,1,POLARIZED,-152.01214623666434
cc-pvdz,-0.7,LDA,1,1,POLARIZED,-153.0707694513665
cc-pvdz,-0.7,LDA,1,3,POLARIZED,-153.03156093953936
cc-pvdz,-0.7,LDA,2,1,POLARIZED,-152.9439317569981
cc-pvdz,-0.7,LDA,2,3,POLARIZED,-152.93887586222007
cc-pvdz,-0.7,LDA,3,1,POLARIZED,-152.9195585006765
cc-pvdz,-0.7,LDA,3,3,POLARIZED,-152.88527250897806
cc-pvdz,-0.7,LDA,1,5,POLARIZED,-152.80912091875751
cc-pvdz,-0.7,LDA,4,3,POLARIZED,-152.7634617937042
cc-pvdz,-0.7,LDA,4,1,POLARIZED,-152.75794377337155
cc-pvdz,-0.7,LDA,5,3,POLARIZED,-152.71607761017097
cc-pvdz,-0.7,LDA,5,1,POLARIZED,-152.70558092086654
cc-pvdz,-0.7,LDA,6,1,POLARIZED,-152.6900899894193
cc-pvdz,-0.7,LDA,7,1,POLARIZED,-152.67731082960321
cc-pvdz,-0.7,LDA,6,3,POLARIZED,-152.6661016926205
cc-pvdz,-0.7,LDA,8,1,POLARIZED,-152.61577918572834
cc-pvdz,-0.7,LDA,9,1,POLARIZED,-152.60153926110505
cc-pvdz,-0.7,LDA,7,3,POLARIZED,-152.58940807958092
cc-pvdz,-0.7,LDA,8,3,POLARIZED,-152.57165900684618
cc-pvdz,-0.7,LDA,9,3,POLARIZED,-152.53234752145414
cc-pvdz,-0.7,LDA,10,1,POLARIZED,-152.50315597076525
cc-pvdz,-0.7,LDA,10,3,POLARIZED,-152.49767099261027
cc-pvdz,-0.7,LDA,11,3,POLARIZED,-152.47651218092315
cc-pvdz,-0.7,LDA,11,1,POLARIZED,-152.45064778114582
cc-pvdz,-0.7,LDA,12,3,POLARIZED,-152.42953866075896
cc-pvdz,-0.7,LDA,12,1,POLARIZED,-152.42104386290993
cc-pvdz,-0.7,LDA,13,3,POLARIZED,-152.36814464973872
cc-pvdz,-0.7,LDA,13,1,POLARIZED,-152.36249327061284
cc-pvdz,-0.7,LDA,14,1,POLARIZED,-152.3331276081242
cc-pvdz,-0.7,LDA,14,3,POLARIZED,-152.29873012228418
cc-pvdz,-0.7,LDA,15,1,POLARIZED,-152.2943386778288
cc-pvdz,-0.7,LDA,15,3,POLARIZED,-152.1816429485854
cc-pvdz,-0.7,LDA,16,1,POLARIZED,-152.12405190515358
cc-pvdz,-0.7,LDA,17,1,POLARIZED,-152.12208993647403
cc-pvdz,-0.7,LDA,18,1,POLARIZED,-152.106903934126
cc-pvdz,-0.7,LDA,19,1,POLARIZED,-152.08114495904653
cc-pvdz,-0.7,LDA,20,1,POLARIZED,-152.02129837713508
cc-pvdz,-0.6,LDA,1,1,POLARIZED,-153.06917493925388
cc-pvdz,-0.6,LDA,1,3,POLARIZED,-153.03526606235556
cc-pvdz,-0.6,LDA,2,1,POLARIZED,-152.9527460016344
cc-pvdz,-0.6,LDA,2,3,POLARIZED,-152.93963916138102
cc-pvdz,-0.6,LDA,3,1,POLARIZED,-152.92326532562112
cc-pvdz,-0.6,LDA,3,3,POLARIZED,-152.89240860926938
cc-pvdz,-0.6,LDA,1,5,POLARIZED,-152.81341689839297
cc-pvdz,-0.6,LDA,4,3,POLARIZED,-152.76467257985948
cc-pvdz,-0.6,LDA,4,1,POLARIZED,-152.75900855316453
cc-pvdz,-0.6,LDA,5,3,POLARIZED,-152.72281527354502
cc-pvdz,-0.6,LDA,5,1,POLARIZED,-152.7127020784141
cc-pvdz,-0.6,LDA,6,1,POLARIZED,-152.68947110852662
cc-pvdz,-0.6,LDA,7,1,POLARIZED,-152.6819637315881
cc-pvdz,-0.6,LDA,6,3,POLARIZED,-152.66513056070673
cc-pvdz,-0.6,LDA,8,1,POLARIZED,-152.62381789794944
cc-pvdz,-0.6,LDA,9,1,POLARIZED,-152.5998628502685
cc-pvdz,-0.6,LDA,7,3,POLARIZED,-152.5925092659442
cc-pvdz,-0.6,LDA,8,3,POLARIZED,-152.57655323327225
cc-pvdz,-0.6,LDA,9,3,POLARIZED,-152.54205179814107
cc-pvdz,-0.6,LDA,10,1,POLARIZED,-152.50738672283921
cc-pvdz,-0.6,LDA,10,3,POLARIZED,-152.5024844088038
cc-pvdz,-0.6,LDA,11,3,POLARIZED,-152.47858900583427
cc-pvdz,-0.6,LDA,11,1,POLARIZED,-152.46104662074595
cc-pvdz,-0.6,LDA,12,3,POLARIZED,-152.43675218274205
cc-pvdz,-0.6,LDA,12,1,POLARIZED,-152.42456667689822
cc-pvdz,-0.6,LDA,13,3,POLARIZED,-152.36883640861112
cc-pvdz,-0.6,LDA,13,1,POLARIZED,-152.36318245084252
cc-pvdz,-0.6,LDA,14,1,POLARIZED,-152.33596083287003
cc-pvdz,-0.6,LDA,14,3,POLARIZED,-152.30738356539095
cc-pvdz,-0.6,LDA,15,1,POLARIZED,-152.3029404960111
cc-pvdz,-0.6,LDA,15,3,POLARIZED,-152.18660083234892
cc-pvdz,-0.6,LDA,16,1,POLARIZED,-152.1277510363769
cc-pvdz,-0.6,LDA,17,1,POLARIZED,-152.12668203519698
cc-pvdz,-0.6,LDA,18,1,POLARIZED,-152.11300801275073
cc-pvdz,-0.6,LDA,19,1,POLARIZED,-152.0852165432685
cc-pvdz,-0.6,LDA,20,1,POLARIZED,-152.02946299826186
cc-pvdz,-0.5,LDA,1,1,POLARIZED,-153.06730709517223
cc-pvdz,-0.5,LDA,1,3,POLARIZED,-153.03844187945327
cc-pvdz,-0.5,LDA,2,1,POLARIZED,-152.96079670404055
cc-pvdz,-0.5,LDA,2,3,POLARIZED,-152.9398085197576
cc-pvdz,-0.5,LDA,3,1,POLARIZED,-152.9264400579226
cc-pvdz,-0.5,LDA,3,3,POLARIZED,-152.8989591646176
cc-pvdz,-0.5,LDA,1,5,POLARIZED,-152.81705244593815
cc-pvdz,-0.5,LDA,4,3,POLARIZED,-152.76528762833493
cc-pvdz,-0.5,LDA,4,1,POLARIZED,-152.75946853250522
cc-pvdz,-0.5,LDA,5,3,POLARIZED,-152.72896456903055
cc-pvdz,-0.5,LDA,5,1,POLARIZED,-152.7192147912594
cc-pvdz,-0.5,LDA,6,1,POLARIZED,-152.6882814143614
cc-pvdz,-0.5,LDA,7,1,POLARIZED,-152.68591863964866
cc-pvdz,-0.5,LDA,6,3,POLARIZED,-152.6637256785603
cc-pvdz,-0.5,LDA,8,1,POLARIZED,-152.63129687059774
cc-pvdz,-0.5,LDA,9,1,POLARIZED,-152.59779329334188
cc-pvdz,-0.5,LDA,7,3,POLARIZED,-152.59499725979728
cc-pvdz,-0.5,LDA,8,3,POLARIZED,-152.58079528626402
cc-pvdz,-0.5,LDA,9,3,POLARIZED,-152.55085460328687
cc-pvdz,-0.5,LDA,10,1,POLARIZED,-152.51095994965706
cc-pvdz,-0.5,LDA,10,3,POLARIZED,-152.5065826683259
cc-pvdz,-0.5,LDA,11,3,POLARIZED,-152.47993618596664
cc-pvdz,-0.5,LDA,11,1,POLARIZED,-152.4705133856289
cc-pvdz,-0.5,LDA,12,3,POLARIZED,-152.4432283164256
cc-pvdz,-0.5,LDA,12,1,POLARIZED,-152.42749924226663
cc-pvdz,-0.5,LDA,13,3,POLARIZED,-152.36877798441498
cc-pvdz,-0.5,LDA,13,1,POLARIZED,-152.36312558951755
cc-pvdz,-0.5,LDA,14,1,POLARIZED,-152.33828060016972
cc-pvdz,-0.5,LDA,14,3,POLARIZED,-152.3153038675223
cc-pvdz,-0.5,LDA,15,1,POLARIZED,-152.31080914693553
cc-pvdz,-0.5,LDA,15,3,POLARIZED,-152.1907497842274
cc-pvdz,-0.5,LDA,16,1,POLARIZED,-152.13067837825326
cc-pvdz,-0.5,LDA,17,1,POLARIZED,-152.13050304293196
cc-pvdz,-0.5,LDA,18,1,POLARIZED,-152.11834943148716
cc-pvdz,-0.5,LDA,19,1,POLARIZED,-152.0884423980827
cc-pvdz,-0.5,LDA,20,1,POLARIZED,-152.03662376880706
cc-pvdz,-0.3999999999999999,LDA,1,1,POLARIZED,-153.06524378504238
cc-pvdz,-0.3999999999999999,LDA,1,3,POLARIZED,-153.04108904121927
cc-pvdz,-0.3999999999999999,LDA,2,1,POLARIZED,-152.9680071305687
cc-pvdz,-0.3999999999999999,LDA,2,3,POLARIZED,-152.93938387697023
cc-pvdz,-0.3999999999999999,LDA,3,1,POLARIZED,-152.92908323728219
cc-pvdz,-0.3999999999999999,LDA,3,3,POLARIZED,-152.90492574561213
cc-pvdz,-0.3999999999999999,LDA,1,5,POLARIZED,-152.82002837751887
cc-pvdz,-0.3999999999999999,LDA,4,3,POLARIZED,-152.76530683359672
cc-pvdz,-0.3999999999999999,LDA,4,1,POLARIZED,-152.75932310625524
cc-pvdz,-0.3999999999999999,LDA,5,3,POLARIZED,-152.7345263949882
cc-pvdz,-0.3999999999999999,LDA,5,1,POLARIZED,-152.72512092002023
cc-pvdz,-0.3999999999999999,LDA,6,1,POLARIZED,-152.68917654096828
cc-pvdz,-0.3999999999999999,LDA,7,1,POLARIZED,-152.68652060854288
cc-pvdz,-0.3999999999999999,LDA,6,3,POLARIZED,-152.66195677769062
cc-pvdz,-0.3999999999999999,LDA,8,1,POLARIZED,-152.63821775209584
cc-pvdz,-0.3999999999999999,LDA,7,3,POLARIZED,-152.59688724969266
cc-pvdz,-0.3999999999999999,LDA,9,1,POLARIZED,-152.5954100252622
cc-pvdz,-0.3999999999999999,LDA,8,3,POLARIZED,-152.5843711958725
cc-pvdz,-0.3999999999999999,LDA,9,3,POLARIZED,-152.55868765892063
cc-pvdz,-0.3999999999999999,LDA,10,1,POLARIZED,-152.5138752204964
cc-pvdz,-0.3999999999999999,LDA,10,3,POLARIZED,-152.50996678826667
cc-pvdz,-0.3999999999999999,LDA,11,3,POLARIZED,-152.48055243526142
cc-pvdz,-0.3999999999999999,LDA,11,1,POLARIZED,-152.4789699597612
cc-pvdz,-0.3999999999999999,LDA,12,3,POLARIZED,-152.44896932534047
cc-pvdz,-0.3999999999999999,LDA,12,1,POLARIZED,-152.4298465055153
cc-pvdz,-0.3999999999999999,LDA,13,3,POLARIZED,-152.36797065022301
cc-pvdz,-0.3999999999999999,LDA,13,1,POLARIZED,-152.36232369963847
cc-pvdz,-0.3999999999999999,LDA,14,1,POLARIZED,-152.340093506811
cc-pvdz,-0.3999999999999999,LDA,14,3,POLARIZED,-152.3224927698927
cc-pvdz,-0.3999999999999999,LDA,15,1,POLARIZED,-152.3179464160891
cc-pvdz,-0.3999999999999999,LDA,15,3,POLARIZED,-152.19409089617344
cc-pvdz,-0.3999999999999999,LDA,16,1,POLARIZED,-152.13355421641387
cc-pvdz,-0.3999999999999999,LDA,17,1,POLARIZED,-152.1328355288763
cc-pvdz,-0.3999999999999999,LDA,18,1,POLARIZED,-152.12292713820133
cc-pvdz,-0.3999999999999999,LDA,19,1,POLARIZED,-152.09083863564695
cc-pvdz,-0.3999999999999999,LDA,20,1,POLARIZED,-152.0427575707649
cc-pvdz,-0.29999999999999993,LDA,1,1,POLARIZED,-153.06308844128947
cc-pvdz,-0.29999999999999993,LDA,1,3,POLARIZED,-153.04320663286788
cc-pvdz,-0.29999999999999993,LDA,2,1,POLARIZED,-152.9742718359013
cc-pvdz,-0.29999999999999993,LDA,2,3,POLARIZED,-152.9383635926147
cc-pvdz,-0.29999999999999993,LDA,3,1,POLARIZED,-152.93119387231758
cc-pvdz,-0.29999999999999993,LDA,3,3,POLARIZED,-152.9103083114078
cc-pvdz,-0.29999999999999993,LDA,1,5,POLARIZED,-152.82234388961558
cc-pvdz,-0.29999999999999993,LDA,4,3,POLARIZED,-152.76472852688988
cc-pvdz,-0.29999999999999993,LDA,4,1,POLARIZED,-152.758570088875
cc-pvdz,-0.29999999999999993,LDA,5,3,POLARIZED,-152.73950011122253
cc-pvdz,-0.29999999999999993,LDA,5,1,POLARIZED,-152.7304207315019
cc-pvdz,-0.29999999999999993,LDA,6,1,POLARIZED,-152.6917368062403
cc-pvdz,-0.29999999999999993,LDA,7,1,POLARIZED,-152.68418678785568
cc-pvdz,-0.29999999999999993,LDA,6,3,POLARIZED,-152.65991610901523
cc-pvdz,-0.29999999999999993,LDA,8,1,POLARIZED,-152.64458066344943
cc-pvdz,-0.29999999999999993,LDA,7,3,POLARIZED,-152.5982007366266
cc-pvdz,-0.29999999999999993,LDA,9,1,POLARIZED,-152.5928182142508
cc-pvdz,-0.29999999999999993,LDA,8,3,POLARIZED,-152.5872575261697
cc-pvdz,-0.29999999999999993,LDA,9,3,POLARIZED,-152.5654569119372
cc-pvdz,-0.29999999999999993,LDA,10,1,POLARIZED,-152.51613065100742
cc-pvdz,-0.29999999999999993,LDA,10,3,POLARIZED,-152.5126361007889
cc-pvdz,-0.29999999999999993,LDA,11,1,POLARIZED,-152.48630926040187
cc-pvdz,-0.29999999999999993,LDA,11,3,POLARIZED,-152.48043490975255
cc-pvdz,-0.29999999999999993,LDA,12,3,POLARIZED,-152.45397582339285
cc-pvdz,-0.29999999999999993,LDA,12,1,POLARIZED,-152.4316113830599
cc-pvdz,-0.29999999999999993,LDA,13,3,POLARIZED,-152.3664138936846
cc-pvdz,-0.29999999999999993,LDA,13,1,POLARIZED,-152.3607760128972
cc-pvdz,-0.29999999999999993,LDA,14,1,POLARIZED,-152.341403874731
cc-pvdz,-0.29999999999999993,LDA,14,3,POLARIZED,-152.3289503158241
cc-pvdz,-0.29999999999999993,LDA,15,1,POLARIZED,-152.32435240285733
cc-pvdz,-0.29999999999999993,LDA,15,3,POLARIZED,-152.19662355833128
cc-pvdz,-0.29999999999999993,LDA,16,1,POLARIZED,-152.13583509038966
cc-pvdz,-0.29999999999999993,LDA,17,1,POLARIZED,-152.1342224554074
cc-pvdz,-0.29999999999999993,LDA,18,1,POLARIZED,-152.1267385062148
cc-pvdz,-0.29999999999999993,LDA,19,1,POLARIZED,-152.0924270760483
cc-pvdz,-0.29999999999999993,LDA,20,1,POLARIZED,-152.04783307020108
cc-pvdz,-0.19999999999999996,LDA,1,1,POLARIZED,-153.0609755265221
cc-pvdz,-0.19999999999999996,LDA,1,3,POLARIZED,-153.04479215800444
cc-pvdz,-0.19999999999999996,LDA,2,1,POLARIZED,-152.97945116989268
cc-pvdz,-0.19999999999999996,LDA,2,3,POLARIZED,-152.9367444285206
cc-pvdz,-0.19999999999999996,LDA,3,1,POLARIZED,-152.93276942340324
cc-pvdz,-0.19999999999999996,LDA,3,3,POLARIZED,-152.91510519459212
cc-pvdz,-0.19999999999999996,LDA,1,5,POLARIZED,-152.82399654118868
cc-pvdz,-0.19999999999999996,LDA,4,3,POLARIZED,-152.76354946019424
cc-pvdz,-0.19999999999999996,LDA,4,1,POLARIZED,-152.75720569479975
cc-pvdz,-0.19999999999999996,LDA,5,3,POLARIZED,-152.74388352046037
cc-pvdz,-0.19999999999999996,LDA,5,1,POLARIZED,-152.73511288317175
cc-pvdz,-0.19999999999999996,LDA,6,1,POLARIZED,-152.69359716731108
cc-pvdz,-0.19999999999999996,LDA,7,1,POLARIZED,-152.68127642910235
cc-pvdz,-0.19999999999999996,LDA,6,3,POLARIZED,-152.65772402182944
cc-pvdz,-0.19999999999999996,LDA,8,1,POLARIZED,-152.65038416980957
cc-pvdz,-0.19999999999999996,LDA,7,3,POLARIZED,-152.59897007920415
cc-pvdz,-0.19999999999999996,LDA,9,1,POLARIZED,-152.59015490378613
cc-pvdz,-0.19999999999999996,LDA,8,3,POLARIZED,-152.58941681273683
cc-pvdz,-0.19999999999999996,LDA,9,3,POLARIZED,-152.57103691949726
cc-pvdz,-0.19999999999999996,LDA,10,1,POLARIZED,-152.51772287645665
cc-pvdz,-0.19999999999999996,LDA,10,3,POLARIZED,-152.5145882169852
cc-pvdz,-0.19999999999999996,LDA,11,1,POLARIZED,-152.49238906012152
cc-pvdz,-0.19999999999999996,LDA,11,3,POLARIZED,-152.4795791797781
cc-pvdz,-0.19999999999999996,LDA,12,3,POLARIZED,-152.45824676038444
cc-pvdz,-0.19999999999999996,LDA,12,1,POLARIZED,-152.43279471389388
cc-pvdz,-0.19999999999999996,LDA,13,3,POLARIZED,-152.36410540535738
cc-pvdz,-0.19999999999999996,LDA,13,1,POLARIZED,-152.35847997061364
cc-pvdz,-0.19999999999999996,LDA,14,1,POLARIZED,-152.34221365271966
cc-pvdz,-0.19999999999999996,LDA,14,3,POLARIZED,-152.3346748286154
cc-pvdz,-0.19999999999999996,LDA,15,1,POLARIZED,-152.33002549798178
cc-pvdz,-0.19999999999999996,LDA,15,3,POLARIZED,-152.19834543905355
cc-pvdz,-0.19999999999999996,LDA,16,1,POLARIZED,-152.13734345937777
cc-pvdz,-0.19999999999999996,LDA,17,1,POLARIZED,-152.1348374794421
cc-pvdz,-0.19999999999999996,LDA,18,1,POLARIZED,-152.12977931539663
cc-pvdz,-0.19999999999999996,LDA,19,1,POLARIZED,-152.0932367923215
cc-pvdz,-0.19999999999999996,LDA,20,1,POLARIZED,-152.05180925241382
cc-pvdz,-0.09999999999999998,LDA,1,1,POLARIZED,-153.0590701173044
cc-pvdz,-0.09999999999999998,LDA,1,3,POLARIZED,-153.04584151845606
cc-pvdz,-0.09999999999999998,LDA,2,1,POLARIZED,-152.9833716565722
cc-pvdz,-0.09999999999999998,LDA,2,3,POLARIZED,-152.93452152727684
cc-pvdz,-0.09999999999999998,LDA,3,1,POLARIZED,-152.93380578192335
cc-pvdz,-0.09999999999999998,LDA,3,3,POLARIZED,-152.91931308243258
cc-pvdz,-0.09999999999999998,LDA,1,5,POLARIZED,-152.82498223222996
cc-pvdz,-0.09999999999999998,LDA,4,3,POLARIZED,-152.7617647868154
cc-pvdz,-0.09999999999999998,LDA,4,1,POLARIZED,-152.75522451524802
cc-pvdz,-0.09999999999999998,LDA,5,3,POLARIZED,-152.74767284600617
cc-pvdz,-0.09999999999999998,LDA,5,1,POLARIZED,-152.73919440404472
cc-pvdz,-0.09999999999999998,LDA,6,1,POLARIZED,-152.69475369161083
cc-pvdz,-0.09999999999999998,LDA,7,1,POLARIZED,-152.67778437075836
cc-pvdz,-0.09999999999999998,LDA,8,1,POLARIZED,-152.655625249356
cc-pvdz,-0.09999999999999998,LDA,6,3,POLARIZED,-152.65553079765658
cc-pvdz,-0.09999999999999998,LDA,7,3,POLARIZED,-152.5992433361229
cc-pvdz,-0.09999999999999998,LDA,8,3,POLARIZED,-152.59079269490104
cc-pvdz,-0.09999999999999998,LDA,9,1,POLARIZED,-152.5875906918355
cc-pvdz,-0.09999999999999998,LDA,9,3,POLARIZED,-152.57526897233075
cc-pvdz,-0.09999999999999998,LDA,10,1,POLARIZED,-152.51864702264433
cc-pvdz,-0.09999999999999998,LDA,10,3,POLARIZED,-152.51581898796977
cc-pvdz,-0.09999999999999998,LDA,11,1,POLARIZED,-152.49703026447196
cc-pvdz,-0.09999999999999998,LDA,11,3,POLARIZED,-152.4779791989904
cc-pvdz,-0.09999999999999998,LDA,12,3,POLARIZED,-152.46177940429055
cc-pvdz,-0.09999999999999998,LDA,12,1,POLARIZED,-152.43339521165996
cc-pvdz,-0.09999999999999998,LDA,13,3,POLARIZED,-152.36104106333786
cc-pvdz,-0.09999999999999998,LDA,13,1,POLARIZED,-152.35543121058427
cc-pvdz,-0.09999999999999998,LDA,14,1,POLARIZED,-152.34252232535357
cc-pvdz,-0.09999999999999998,LDA,14,3,POLARIZED,-152.33966288548234
cc-pvdz,-0.09999999999999998,LDA,15,1,POLARIZED,-152.3349623570823
cc-pvdz,-0.09999999999999998,LDA,15,3,POLARIZED,-152.1992524615102
cc-pvdz,-0.09999999999999998,LDA,16,1,POLARIZED,-152.13807535579267
cc-pvdz,-0.09999999999999998,LDA,17,1,POLARIZED,-152.13467725877842
cc-pvdz,-0.09999999999999998,LDA,18,1,POLARIZED,-152.13204372931534
cc-pvdz,-0.09999999999999998,LDA,19,1,POLARIZED,-152.09330512416147
cc-pvdz,-0.09999999999999998,LDA,20,1,POLARIZED,-152.0546344663577
cc-pvdz,0.001,LDA,1,1,POLARIZED,-153.057565567026
cc-pvdz,0.001,LDA,1,3,POLARIZED,-153.04634662079545
cc-pvdz,0.001,LDA,2,1,POLARIZED,-152.9858240736443
cc-pvdz,0.001,LDA,3,1,POLARIZED,-152.93429505118525
cc-pvdz,0.001,LDA,2,3,POLARIZED,-152.93171976451973
cc-pvdz,0.001,LDA,3,3,POLARIZED,-152.92289381600574
cc-pvdz,0.001,LDA,1,5,POLARIZED,-152.82529540251585
cc-pvdz,0.001,LDA,4,3,POLARIZED,-152.7593950611176
cc-pvdz,0.001,LDA,4,1,POLARIZED,-152.7526486569594
cc-pvdz,0.001,LDA,5,3,POLARIZED,-152.75083379603274
cc-pvdz,0.001,LDA,5,1,POLARIZED,-152.74262907404696
cc-pvdz,0.001,LDA,6,1,POLARIZED,-152.69519981726765
cc-pvdz,0.001,LDA,7,1,POLARIZED,-152.6737475369689
cc-pvdz,0.001,LDA,8,1,POLARIZED,-152.66025534567729
cc-pvdz,0.001,LDA,6,3,POLARIZED,-152.6535266683388
cc-pvdz,0.001,LDA,7,3,POLARIZED,-152.5990862102048
cc-pvdz,0.001,LDA,8,3,POLARIZED,-152.5913107932431
cc-pvdz,0.001,LDA,9,1,POLARIZED,-152.58533973431682
cc-pvdz,0.001,LDA,9,3,POLARIZED,-152.5779510309872
cc-pvdz,0.001,LDA,10,1,POLARIZED,-152.51889754179265
cc-pvdz,0.001,LDA,10,3,POLARIZED,-152.51632105306257
cc-pvdz,0.001,LDA,11,1,POLARIZED,-152.5000063384435
cc-pvdz,0.001,LDA,11,3,POLARIZED,-152.4756545410123
cc-pvdz,0.001,LDA,12,3,POLARIZED,-152.4645451164448
cc-pvdz,0.001,LDA,12,1,POLARIZED,-152.43341219349384
cc-pvdz,0.001,LDA,13,3,POLARIZED,-152.35725697063978
cc-pvdz,0.001,LDA,13,1,POLARIZED,-152.3516654078243
cc-pvdz,0.001,LDA,14,3,POLARIZED,-152.34387051617588
cc-pvdz,0.001,LDA,14,1,POLARIZED,-152.34233129920838
cc-pvdz,0.001,LDA,15,1,POLARIZED,-152.33911960589316
cc-pvdz,0.001,LDA,15,3,POLARIZED,-152.19934199983808
cc-pvdz,0.001,LDA,16,1,POLARIZED,-152.13802942309755
cc-pvdz,0.001,LDA,17,1,POLARIZED,-152.1337500535476
cc-pvdz,0.001,LDA,18,1,POLARIZED,-152.1335133718727
cc-pvdz,0.001,LDA,19,1,POLARIZED,-152.0926866202688
cc-pvdz,0.001,LDA,20,1,POLARIZED,-152.05623717914193
cc-pvdz,0.10000000000000009,LDA,1,1,POLARIZED,-153.05907011730446
cc-pvdz,0.10000000000000009,LDA,1,3,POLARIZED,-153.045841518456
cc-pvdz,0.10000000000000009,LDA,2,1,POLARIZED,-152.9833716565723
cc-pvdz,0.10000000000000009,LDA,2,3,POLARIZED,-152.93452152727676
cc-pvdz,0.10000000000000009,LDA,3,1,POLARIZED,-152.93380578192327
cc-pvdz,0.10000000000000009,LDA,3,3,POLARIZED,-152.91931308243258
cc-pvdz,0.10000000000000009,LDA,1,5,POLARIZED,-152.82498223223024
cc-pvdz,0.10000000000000009,LDA,4,3,POLARIZED,-152.7617647868154
cc-pvdz,0.10000000000000009,LDA,4,1,POLARIZED,-152.7552245152477
cc-pvdz,0.10000000000000009,LDA,5,3,POLARIZED,-152.7476728460063
cc-pvdz,0.10000000000000009,LDA,5,1,POLARIZED,-152.73919440404467
cc-pvdz,0.10000000000000009,LDA,6,1,POLARIZED,-152.69475369161088
cc-pvdz,0.10000000000000009,LDA,7,1,POLARIZED,-152.67778437075825
cc-pvdz,0.10000000000000009,LDA,8,1,POLARIZED,-152.65562524935592
cc-pvdz,0.10000000000000009,LDA,6,3,POLARIZED,-152.65553079765667
cc-pvdz,0.10000000000000009,LDA,7,3,POLARIZED,-152.599243336123
cc-pvdz,0.10000000000000009,LDA,8,3,POLARIZED,-152.59079269490118
cc-pvdz,0.10000000000000009,LDA,9,1,POLARIZED,-152.5875906918355
cc-pvdz,0.10000000000000009,LDA,9,3,POLARIZED,-152.5752689723307
cc-pvdz,0.10000000000000009,LDA,10,1,POLARIZED,-152.51864702264433
cc-pvdz,0.10000000000000009,LDA,10,3,POLARIZED,-152.5158189879697
cc-pvdz,0.10000000000000009,LDA,11,1,POLARIZED,-152.49703026447187
cc-pvdz,0.10000000000000009,LDA,11,3,POLARIZED,-152.47797919899054
cc-pvdz,0.10000000000000009,LDA,12,3,POLARIZED,-152.46177940429055
cc-pvdz,0.10000000000000009,LDA,12,1,POLARIZED,-152.4333952116599
cc-pvdz,0.10000000000000009,LDA,13,3,POLARIZED,-152.36104106333784
cc-pvdz,0.10000000000000009,LDA,13,1,POLARIZED,-152.35543121058438
cc-pvdz,0.10000000000000009,LDA,14,1,POLARIZED,-152.34252232535366
cc-pvdz,0.10000000000000009,LDA,14,3,POLARIZED,-152.33966288548228
cc-pvdz,0.10000000000000009,LDA,15,1,POLARIZED,-152.3349623570822
cc-pvdz,0.10000000000000009,LDA,15,3,POLARIZED,-152.19925246151024
cc-pvdz,0.10000000000000009,LDA,16,1,POLARIZED,-152.1380753557928
cc-pvdz,0.10000000000000009,LDA,17,1,POLARIZED,-152.13467725877842
cc-pvdz,0.10000000000000009,LDA,18,1,POLARIZED,-152.1320437293153
cc-pvdz,0.10000000000000009,LDA,19,1,POLARIZED,-152.0933051241615
cc-pvdz,0.10000000000000009,LDA,20,1,POLARIZED,-152.0546344663578
cc-pvdz,0.20000000000000018,LDA,1,1,POLARIZED,-153.06097552652207
cc-pvdz,0.20000000000000018,LDA,1,3,POLARIZED,-153.04479215800475
cc-pvdz,0.20000000000000018,LDA,2,1,POLARIZED,-152.97945116989277
cc-pvdz,0.20000000000000018,LDA,2,3,POLARIZED,-152.9367444285207
cc-pvdz,0.20000000000000018,LDA,3,1,POLARIZED,-152.93276942340322
cc-pvdz,0.20000000000000018,LDA,3,3,POLARIZED,-152.91510519459203
cc-pvdz,0.20000000000000018,LDA,1,5,POLARIZED,-152.82399654118908
cc-pvdz,0.20000000000000018,LDA,4,3,POLARIZED,-152.76354946019438
cc-pvdz,0.20000000000000018,LDA,4,1,POLARIZED,-152.75720569480004
cc-pvdz,0.20000000000000018,LDA,5,3,POLARIZED,-152.74388352046043
cc-pvdz,0.20000000000000018,LDA,5,1,POLARIZED,-152.73511288317175
cc-pvdz,0.20000000000000018,LDA,6,1,POLARIZED,-152.69359716731103
cc-pvdz,0.20000000000000018,LDA,7,1,POLARIZED,-152.6812764291026
cc-pvdz,0.20000000000000018,LDA,6,3,POLARIZED,-152.6577240218291
cc-pvdz,0.20000000000000018,LDA,8,1,POLARIZED,-152.65038416980954
cc-pvdz,0.20000000000000018,LDA,7,3,POLARIZED,-152.5989700792044
cc-pvdz,0.20000000000000018,LDA,9,1,POLARIZED,-152.59015490378607
cc-pvdz,0.20000000000000018,LDA,8,3,POLARIZED,-152.58941681273706
cc-pvdz,0.20000000000000018,LDA,9,3,POLARIZED,-152.57103691949686
cc-pvdz,0.20000000000000018,LDA,10,1,POLARIZED,-152.51772287645653
cc-pvdz,0.20000000000000018,LDA,10,3,POLARIZED,-152.5145882169852
cc-pvdz,0.20000000000000018,LDA,11,1,POLARIZED,-152.49238906012147
cc-pvdz,0.20000000000000018,LDA,11,3,POLARIZED,-152.4795791797781
cc-pvdz,0.20000000000000018,LDA,12,3,POLARIZED,-152.45824676038447
cc-pvdz,0.20000000000000018,LDA,12,1,POLARIZED,-152.43279471389388
cc-pvdz,0.20000000000000018,LDA,13,3,POLARIZED,-152.36410540535726
cc-pvdz,0.20000000000000018,LDA,13,1,POLARIZED,-152.35847997061362
cc-pvdz,0.20000000000000018,LDA,14,1,POLARIZED,-152.34221365271955
cc-pvdz,0.20000000000000018,LDA,14,3,POLARIZED,-152.3346748286153
cc-pvdz,0.20000000000000018,LDA,15,1,POLARIZED,-152.3300254979816
cc-pvdz,0.20000000000000018,LDA,15,3,POLARIZED,-152.1983454390537
cc-pvdz,0.20000000000000018,LDA,16,1,POLARIZED,-152.13734345937797
cc-pvdz,0.20000000000000018,LDA,17,1,POLARIZED,-152.1348374794421
cc-pvdz,0.20000000000000018,LDA,18,1,POLARIZED,-152.1297793153966
cc-pvdz,0.20000000000000018,LDA,19,1,POLARIZED,-152.0932367923215
cc-pvdz,0.20000000000000018,LDA,20,1,POLARIZED,-152.05180925241373
cc-pvdz,0.30000000000000004,LDA,1,1,POLARIZED,-153.0630884412896
cc-pvdz,0.30000000000000004,LDA,1,3,POLARIZED,-153.0432066328681
cc-pvdz,0.30000000000000004,LDA,2,1,POLARIZED,-152.97427183590142
cc-pvdz,0.30000000000000004,LDA,2,3,POLARIZED,-152.938363592615
cc-pvdz,0.30000000000000004,LDA,3,1,POLARIZED,-152.93119387231792
cc-pvdz,0.30000000000000004,LDA,3,3,POLARIZED,-152.91030831140804
cc-pvdz,0.30000000000000004,LDA,1,5,POLARIZED,-152.82234388961547
cc-pvdz,0.30000000000000004,LDA,4,3,POLARIZED,-152.7647285268902
cc-pvdz,0.30000000000000004,LDA,4,1,POLARIZED,-152.75857008887493
cc-pvdz,0.30000000000000004,LDA,5,3,POLARIZED,-152.7395001112228
cc-pvdz,0.30000000000000004,LDA,5,1,POLARIZED,-152.73042073150202
cc-pvdz,0.30000000000000004,LDA,6,1,POLARIZED,-152.6917368062404
cc-pvdz,0.30000000000000004,LDA,7,1,POLARIZED,-152.6841867878557
cc-pvdz,0.30000000000000004,LDA,6,3,POLARIZED,-152.65991610901546
cc-pvdz,0.30000000000000004,LDA,8,1,POLARIZED,-152.64458066344972
cc-pvdz,0.30000000000000004,LDA,7,3,POLARIZED,-152.5982007366271
cc-pvdz,0.30000000000000004,LDA,9,1,POLARIZED,-152.59281821425094
cc-pvdz,0.30000000000000004,LDA,8,3,POLARIZED,-152.58725752617008
cc-pvdz,0.30000000000000004,LDA,9,3,POLARIZED,-152.5654569119375
cc-pvdz,0.30000000000000004,LDA,10,1,POLARIZED,-152.51613065100756
cc-pvdz,0.30000000000000004,LDA,10,3,POLARIZED,-152.51263610078902
cc-pvdz,0.30000000000000004,LDA,11,1,POLARIZED,-152.48630926040184
cc-pvdz,0.30000000000000004,LDA,11,3,POLARIZED,-152.48043490975257
cc-pvdz,0.30000000000000004,LDA,12,3,POLARIZED,-152.45397582339305
cc-pvdz,0.30000000000000004,LDA,12,1,POLARIZED,-152.43161138306007
cc-pvdz,0.30000000000000004,LDA,13,3,POLARIZED,-152.36641389368478
cc-pvdz,0.30000000000000004,LDA,13,1,POLARIZED,-152.36077601289747
cc-pvdz,0.30000000000000004,LDA,14,1,POLARIZED,-152.3414038747311
cc-pvdz,0.30000000000000004,LDA,14,3,POLARIZED,-152.3289503158242
cc-pvdz,0.30000000000000004,LDA,15,1,POLARIZED,-152.32435240285753
cc-pvdz,0.30000000000000004,LDA,15,3,POLARIZED,-152.19662355833148
cc-pvdz,0.30000000000000004,LDA,16,1,POLARIZED,-152.13583509038963
cc-pvdz,0.30000000000000004,LDA,17,1,POLARIZED,-152.1342224554075
cc-pvdz,0.30000000000000004,LDA,18,1,POLARIZED,-152.1267385062151
cc-pvdz,0.30000000000000004,LDA,19,1,POLARIZED,-152.0924270760486
cc-pvdz,0.30000000000000004,LDA,20,1,POLARIZED,-152.04783307020136
cc-pvdz,0.40000000000000013,LDA,1,1,POLARIZED,-153.06524378504207
cc-pvdz,0.40000000000000013,LDA,1,3,POLARIZED,-153.04108904121932
cc-pvdz,0.40000000000000013,LDA,2,1,POLARIZED,-152.96800713056857
cc-pvdz,0.40000000000000013,LDA,2,3,POLARIZED,-152.93938387697034
cc-pvdz,0.40000000000000013,LDA,3,1,POLARIZED,-152.92908323728238
cc-pvdz,0.40000000000000013,LDA,3,3,POLARIZED,-152.90492574561196
cc-pvdz,0.40000000000000013,LDA,1,5,POLARIZED,-152.8200283775187
cc-pvdz,0.40000000000000013,LDA,4,3,POLARIZED,-152.7653068335968
cc-pvdz,0.40000000000000013,LDA,4,1,POLARIZED,-152.75932310625532
cc-pvdz,0.40000000000000013,LDA,5,3,POLARIZED,-152.73452639498817
cc-pvdz,0.40000000000000013,LDA,5,1,POLARIZED,-152.7251209200203
cc-pvdz,0.40000000000000013,LDA,6,1,POLARIZED,-152.6891765409681
cc-pvdz,0.40000000000000013,LDA,7,1,POLARIZED,-152.68652060854293
cc-pvdz,0.40000000000000013,LDA,6,3,POLARIZED,-152.6619567776906
cc-pvdz,0.40000000000000013,LDA,8,1,POLARIZED,-152.6382177520957
cc-pvdz,0.40000000000000013,LDA,7,3,POLARIZED,-152.5968872496929
cc-pvdz,0.40000000000000013,LDA,9,1,POLARIZED,-152.59541002526228
cc-pvdz,0.40000000000000013,LDA,8,3,POLARIZED,-152.5843711958726
cc-pvdz,0.40000000000000013,LDA,9,3,POLARIZED,-152.55868765892063
cc-pvdz,0.40000000000000013,LDA,10,1,POLARIZED,-152.51387522049632
cc-pvdz,0.40000000000000013,LDA,10,3,POLARIZED,-152.5099667882666
cc-pvdz,0.40000000000000013,LDA,11,3,POLARIZED,-152.48055243526116
cc-pvdz,0.40000000000000013,LDA,11,1,POLARIZED,-152.47896995976149
cc-pvdz,0.40000000000000013,LDA,12,3,POLARIZED,-152.4489693253404
cc-pvdz,0.40000000000000013,LDA,12,1,POLARIZED,-152.42984650551537
cc-pvdz,0.40000000000000013,LDA,13,3,POLARIZED,-152.36797065022256
cc-pvdz,0.40000000000000013,LDA,13,1,POLARIZED,-152.36232369963844
cc-pvdz,0.40000000000000013,LDA,14,1,POLARIZED,-152.34009350681092
cc-pvdz,0.40000000000000013,LDA,14,3,POLARIZED,-152.32249276989265
cc-pvdz,0.40000000000000013,LDA,15,1,POLARIZED,-152.31794641608903
cc-pvdz,0.40000000000000013,LDA,15,3,POLARIZED,-152.19409089617344
cc-pvdz,0.40000000000000013,LDA,16,1,POLARIZED,-152.1335542164138
cc-pvdz,0.40000000000000013,LDA,17,1,POLARIZED,-152.13283552887646
cc-pvdz,0.40000000000000013,LDA,18,1,POLARIZED,-152.12292713820136
cc-pvdz,0.40000000000000013,LDA,19,1,POLARIZED,-152.09083863564697
cc-pvdz,0.40000000000000013,LDA,20,1,POLARIZED,-152.0427575707647
cc-pvdz,0.5,LDA,1,1,POLARIZED,-153.0673070951724
cc-pvdz,0.5,LDA,1,3,POLARIZED,-153.03844187945325
cc-pvdz,0.5,LDA,2,1,POLARIZED,-152.96079670404066
cc-pvdz,0.5,LDA,2,3,POLARIZED,-152.93980851975763
cc-pvdz,0.5,LDA,3,1,POLARIZED,-152.92644005792238
cc-pvdz,0.5,LDA,3,3,POLARIZED,-152.89895916461774
cc-pvdz,0.5,LDA,1,5,POLARIZED,-152.81705244593815
cc-pvdz,0.5,LDA,4,3,POLARIZED,-152.7652876283349
cc-pvdz,0.5,LDA,4,1,POLARIZED,-152.7594685325054
cc-pvdz,0.5,LDA,5,3,POLARIZED,-152.72896456903075
cc-pvdz,0.5,LDA,5,1,POLARIZED,-152.71921479125945
cc-pvdz,0.5,LDA,6,1,POLARIZED,-152.68828141436143
cc-pvdz,0.5,LDA,7,1,POLARIZED,-152.68591863964875
cc-pvdz,0.5,LDA,6,3,POLARIZED,-152.66372567856044
cc-pvdz,0.5,LDA,8,1,POLARIZED,-152.6312968705979
cc-pvdz,0.5,LDA,9,1,POLARIZED,-152.59779329334182
cc-pvdz,0.5,LDA,7,3,POLARIZED,-152.59499725979725
cc-pvdz,0.5,LDA,8,3,POLARIZED,-152.58079528626408
cc-pvdz,0.5,LDA,9,3,POLARIZED,-152.5508546032867
cc-pvdz,0.5,LDA,10,1,POLARIZED,-152.51095994965712
cc-pvdz,0.5,LDA,10,3,POLARIZED,-152.5065826683259
cc-pvdz,0.5,LDA,11,3,POLARIZED,-152.4799361859668
cc-pvdz,0.5,LDA,11,1,POLARIZED,-152.47051338562895
cc-pvdz,0.5,LDA,12,3,POLARIZED,-152.44322831642575
cc-pvdz,0.5,LDA,12,1,POLARIZED,-152.4274992422667
cc-pvdz,0.5,LDA,13,3,POLARIZED,-152.36877798441498
cc-pvdz,0.5,LDA,13,1,POLARIZED,-152.36312558951758
cc-pvdz,0.5,LDA,14,1,POLARIZED,-152.33828060016978
cc-pvdz,0.5,LDA,14,3,POLARIZED,-152.31530386752235
cc-pvdz,0.5,LDA,15,1,POLARIZED,-152.31080914693547
cc-pvdz,0.5,LDA,15,3,POLARIZED,-152.1907497842275
cc-pvdz,0.5,LDA,16,1,POLARIZED,-152.1306783782533
cc-pvdz,0.5,LDA,17,1,POLARIZED,-152.1305030429317
cc-pvdz,0.5,LDA,18,1,POLARIZED,-152.1183494314871
cc-pvdz,0.5,LDA,19,1,POLARIZED,-152.0884423980826
cc-pvdz,0.5,LDA,20,1,POLARIZED,-152.03662376880717
cc-pvdz,0.6000000000000001,LDA,1,1,POLARIZED,-153.06917493925388
cc-pvdz,0.6000000000000001,LDA,1,3,POLARIZED,-153.03526606235545
cc-pvdz,0.6000000000000001,LDA,2,1,POLARIZED,-152.95274600163447
cc-pvdz,0.6000000000000001,LDA,2,3,POLARIZED,-152.9396391613807
cc-pvdz,0.6000000000000001,LDA,3,1,POLARIZED,-152.92326532562097
cc-pvdz,0.6000000000000001,LDA,3,3,POLARIZED,-152.89240860926947
cc-pvdz,0.6000000000000001,LDA,1,5,POLARIZED,-152.81341689839252
cc-pvdz,0.6000000000000001,LDA,4,3,POLARIZED,-152.76467257985917
cc-pvdz,0.6000000000000001,LDA,4,1,POLARIZED,-152.75900855316436
cc-pvdz,0.6000000000000001,LDA,5,3,POLARIZED,-152.72281527354502
cc-pvdz,0.6000000000000001,LDA,5,1,POLARIZED,-152.71270207841408
cc-pvdz,0.6000000000000001,LDA,6,1,POLARIZED,-152.68947110852633
cc-pvdz,0.6000000000000001,LDA,7,1,POLARIZED,-152.68196373158804
cc-pvdz,0.6000000000000001,LDA,6,3,POLARIZED,-152.66513056070661
cc-pvdz,0.6000000000000001,LDA,8,1,POLARIZED,-152.62381789794944
cc-pvdz,0.6000000000000001,LDA,9,1,POLARIZED,-152.5998628502684
cc-pvdz,0.6000000000000001,LDA,7,3,POLARIZED,-152.59250926594405
cc-pvdz,0.6000000000000001,LDA,8,3,POLARIZED,-152.57655323327205
cc-pvdz,0.6000000000000001,LDA,9,3,POLARIZED,-152.54205179814088
cc-pvdz,0.6000000000000001,LDA,10,1,POLARIZED,-152.50738672283924
cc-pvdz,0.6000000000000001,LDA,10,3,POLARIZED,-152.50248440880344
cc-pvdz,0.6000000000000001,LDA,11,3,POLARIZED,-152.47858900583432
cc-pvdz,0.6000000000000001,LDA,11,1,POLARIZED,-152.4610466207458
cc-pvdz,0.6000000000000001,LDA,12,3,POLARIZED,-152.43675218274203
cc-pvdz,0.6000000000000001,LDA,12,1,POLARIZED,-152.424566676898
cc-pvdz,0.6000000000000001,LDA,13,3,POLARIZED,-152.368836408611
cc-pvdz,0.6000000000000001,LDA,13,1,POLARIZED,-152.3631824508422
cc-pvdz,0.6000000000000001,LDA,14,1,POLARIZED,-152.3359608328699
cc-pvdz,0.6000000000000001,LDA,14,3,POLARIZED,-152.30738356539064
cc-pvdz,0.6000000000000001,LDA,15,1,POLARIZED,-152.30294049601076
cc-pvdz,0.6000000000000001,LDA,15,3,POLARIZED,-152.18660083234906
cc-pvdz,0.6000000000000001,LDA,16,1,POLARIZED,-152.12775103637657
cc-pvdz,0.6000000000000001,LDA,17,1,POLARIZED,-152.12668203519723
cc-pvdz,0.6000000000000001,LDA,18,1,POLARIZED,-152.11300801275033
cc-pvdz,0.6000000000000001,LDA,19,1,POLARIZED,-152.08521654326842
cc-pvdz,0.6000000000000001,LDA,20,1,POLARIZED,-152.02946299826166
cc-pvdz,0.7000000000000002,LDA,1,1,POLARIZED,-153.07076945136654
cc-pvdz,0.7000000000000002,LDA,1,3,POLARIZED,-153.03156093953922
cc-pvdz,0.7000000000000002,LDA,2,1,POLARIZED,-152.94393175699776
cc-pvdz,0.7000000000000002,LDA,2,3,POLARIZED,-152.93887586222004
cc-pvdz,0.7000000000000002,LDA,3,1,POLARIZED,-152.91955850067671
cc-pvdz,0.7000000000000002,LDA,3,3,POLARIZED,-152.8852725089782
cc-pvdz,0.7000000000000002,LDA,1,5,POLARIZED,-152.8091209187573
cc-pvdz,0.7000000000000002,LDA,4,3,POLARIZED,-152.76346179370418
cc-pvdz,0.7000000000000002,LDA,4,1,POLARIZED,-152.7579437733716
cc-pvdz,0.7000000000000002,LDA,5,3,POLARIZED,-152.71607761017114
cc-pvdz,0.7000000000000002,LDA,5,1,POLARIZED,-152.70558092086642
cc-pvdz,0.7000000000000002,LDA,6,1,POLARIZED,-152.69008998941933
cc-pvdz,0.7000000000000002,LDA,7,1,POLARIZED,-152.67731082960307
cc-pvdz,0.7000000000000002,LDA,6,3,POLARIZED,-152.66610169262034
cc-pvdz,0.7000000000000002,LDA,8,1,POLARIZED,-152.6157791857282
cc-pvdz,0.7000000000000002,LDA,9,1,POLARIZED,-152.60153926110482
cc-pvdz,0.7000000000000002,LDA,7,3,POLARIZED,-152.58940807958086
cc-pvdz,0.7000000000000002,LDA,8,3,POLARIZED,-152.57165900684595
cc-pvdz,0.7000000000000002,LDA,9,3,POLARIZED,-152.53234752145426
cc-pvdz,0.7000000000000002,LDA,10,1,POLARIZED,-152.5031559707651
cc-pvdz,0.7000000000000002,LDA,10,3,POLARIZED,-152.49767099261027
cc-pvdz,0.7000000000000002,LDA,11,3,POLARIZED,-152.47651218092304
cc-pvdz,0.7000000000000002,LDA,11,1,POLARIZED,-152.4506477811456
cc-pvdz,0.7000000000000002,LDA,12,3,POLARIZED,-152.4295386607588
cc-pvdz,0.7000000000000002,LDA,12,1,POLARIZED,-152.42104386290987
cc-pvdz,0.7000000000000002,LDA,13,3,POLARIZED,-152.36814464973867
cc-pvdz,0.7000000000000002,LDA,13,1,POLARIZED,-152.36249327061265
cc-pvdz,0.7000000000000002,LDA,14,1,POLARIZED,-152.33312760812413
cc-pvdz,0.7000000000000002,LDA,14,3,POLARIZED,-152.2987301222841
cc-pvdz,0.7000000000000002,LDA,15,1,POLARIZED,-152.2943386778286
cc-pvdz,0.7000000000000002,LDA,15,3,POLARIZED,-152.18164294858528
cc-pvdz,0.7000000000000002,LDA,16,1,POLARIZED,-152.12405190515346
cc-pvdz,0.7000000000000002,LDA,17,1,POLARIZED,-152.12208993647377
cc-pvdz,0.7000000000000002,LDA,18,1,POLARIZED,-152.106903934126
cc-pvdz,0.7000000000000002,LDA,19,1,POLARIZED,-152.08114495904647
cc-pvdz,0.7000000000000002,LDA,20,1,POLARIZED,-152.02129837713485
cc-pvdz,0.8,LDA,1,1,POLARIZED,-153.0720319128173
cc-pvdz,0.8,LDA,1,3,POLARIZED,-153.02732430851154
cc-pvdz,0.8,LDA,2,3,POLARIZED,-152.93751711700014
cc-pvdz,0.8,LDA,2,1,POLARIZED,-152.9344084338554
cc-pvdz,0.8,LDA,3,1,POLARIZED,-152.9153175262247
cc-pvdz,0.8,LDA,3,3,POLARIZED,-152.87754769361527
cc-pvdz,0.8,LDA,1,5,POLARIZED,-152.80416208592612
cc-pvdz,0.8,LDA,4,3,POLARIZED,-152.7616538251947
cc-pvdz,0.8,LDA,4,1,POLARIZED,-152.75627323429092
cc-pvdz,0.8,LDA,5,3,POLARIZED,-152.70874915697803
cc-pvdz,0.8,LDA,5,1,POLARIZED,-152.69784787649047
cc-pvdz,0.8,LDA,6,1,POLARIZED,-152.69013676279047
cc-pvdz,0.8,LDA,7,1,POLARIZED,-152.67195734951403
cc-pvdz,0.8,LDA,6,3,POLARIZED,-152.6665860449845
cc-pvdz,0.8,LDA,8,1,POLARIZED,-152.60717758418733
cc-pvdz,0.8,LDA,9,1,POLARIZED,-152.6027622905383
cc-pvdz,0.8,LDA,7,3,POLARIZED,-152.58568179880638
cc-pvdz,0.8,LDA,8,3,POLARIZED,-152.56612014735148
cc-pvdz,0.8,LDA,9,3,POLARIZED,-152.52179012241052
cc-pvdz,0.8,LDA,10,1,POLARIZED,-152.49826669508874
cc-pvdz,0.8,LDA,10,3,POLARIZED,-152.49213975097982
cc-pvdz,0.8,LDA,11,3,POLARIZED,-152.47370546426814
cc-pvdz,0.8,LDA,11,1,POLARIZED,-152.43937257942494
cc-pvdz,0.8,LDA,12,3,POLARIZED,-152.4215838488888
cc-pvdz,0.8,LDA,12,1,POLARIZED,-152.41692387038984
cc-pvdz,0.8,LDA,13,3,POLARIZED,-152.36669965771333
cc-pvdz,0.8,LDA,13,1,POLARIZED,-152.3610552598527
cc-pvdz,0.8,LDA,14,1,POLARIZED,-152.3297721565749
cc-pvdz,0.8,LDA,14,3,POLARIZED,-152.28934011769215
cc-pvdz,0.8,LDA,15,1,POLARIZED,-152.28500023981456
cc-pvdz,0.8,LDA,15,3,POLARIZED,-152.17587335610293
cc-pvdz,0.8,LDA,16,1,POLARIZED,-152.11957776694553
cc-pvdz,0.8,LDA,17,1,POLARIZED,-152.11672378298687
cc-pvdz,0.8,LDA,18,1,POLARIZED,-152.10003668853028
cc-pvdz,0.8,LDA,19,1,POLARIZED,-152.07621571474863
cc-pvdz,0.8,LDA,20,1,POLARIZED,-152.01214623666442
cc-pvdz,0.9000000000000001,LDA,1,1,POLARIZED,-153.0729172522817
cc-pvdz,0.9000000000000001,LDA,1,3,POLARIZED,-153.0225524253378
cc-pvdz,0.9000000000000001,LDA,2,3,POLARIZED,-152.9355598667607
cc-pvdz,0.9000000000000001,LDA,2,1,POLARIZED,-152.92421374328396
cc-pvdz,0.9000000000000001,LDA,3,1,POLARIZED,-152.91053883987576
cc-pvdz,0.9000000000000001,LDA,3,3,POLARIZED,-152.86922940317535
cc-pvdz,0.9000000000000001,LDA,1,5,POLARIZED,-152.79853638623703
cc-pvdz,0.9000000000000001,LDA,4,3,POLARIZED,-152.75924569036394
cc-pvdz,0.9000000000000001,LDA,4,1,POLARIZED,-152.75399442733348
cc-pvdz,0.9000000000000001,LDA,5,3,POLARIZED,-152.7008259808172
cc-pvdz,0.9000000000000001,LDA,5,1,POLARIZED,-152.68960855188334
cc-pvdz,0.9000000000000001,LDA,6,1,POLARIZED,-152.68949793171126
cc-pvdz,0.9000000000000001,LDA,6,3,POLARIZED,-152.66654246295087
cc-pvdz,0.9000000000000001,LDA,7,1,POLARIZED,-152.66589912771954
cc-pvdz,0.9000000000000001,LDA,8,1,POLARIZED,-152.6034854368839
cc-pvdz,0.9000000000000001,LDA,9,1,POLARIZED,-152.59800846689848
cc-pvdz,0.9000000000000001,LDA,7,3,POLARIZED,-152.58131997462033
cc-pvdz,0.9000000000000001,LDA,8,3,POLARIZED,-152.55993960556813
cc-pvdz,0.9000000000000001,LDA,9,3,POLARIZED,-152.51041287367835
cc-pvdz,0.9000000000000001,LDA,10,1,POLARIZED,-152.49271649141838
cc-pvdz,0.9000000000000001,LDA,10,3,POLARIZED,-152.48588639430332
cc-pvdz,0.9000000000000001,LDA,11,3,POLARIZED,-152.4701670987258
cc-pvdz,0.9000000000000001,LDA,11,1,POLARIZED,-152.42725981587114
cc-pvdz,0.9000000000000001,LDA,12,3,POLARIZED,-152.41288221708464
cc-pvdz,0.9000000000000001,LDA,12,1,POLARIZED,-152.41219783266516
cc-pvdz,0.9000000000000001,LDA,13,3,POLARIZED,-152.36449661166762
cc-pvdz,0.9000000000000001,LDA,13,1,POLARIZED,-152.35886385618826
cc-pvdz,0.9000000000000001,LDA,14,1,POLARIZED,-152.3258836396233
cc-pvdz,0.9000000000000001,LDA,14,3,POLARIZED,-152.27920846786455
cc-pvdz,0.9000000000000001,LDA,15,1,POLARIZED,-152.2749200787988
cc-pvdz,0.9000000000000001,LDA,15,3,POLARIZED,-152.16928760801486
cc-pvdz,0.9000000000000001,LDA,16,1,POLARIZED,-152.1143237936661
cc-pvdz,0.9000000000000001,LDA,17,1,POLARIZED,-152.11057891653658
cc-pvdz,0.9000000000000001,LDA,18,1,POLARIZED,-152.09240422235507
cc-pvdz,0.9000000000000001,LDA,19,1,POLARIZED,-152.07041975659962
cc-pvdz,0.9000000000000001,LDA,20,1,POLARIZED,-152.00201731790074
cc-pvdz,1.0,LDA,1,1,POLARIZED,-153.0733898476513
cc-pvdz,1.0,LDA,1,3,POLARIZED,-153.01724001279283
cc-pvdz,1.0,LDA,2,3,POLARIZED,-152.93299950831755
cc-pvdz,1.0,LDA,2,1,POLARIZED,-152.91337285401994
cc-pvdz,1.0,LDA,3,1,POLARIZED,-152.90521738291807
cc-pvdz,1.0,LDA,3,3,POLARIZED,-152.86031129512844
cc-pvdz,1.0,LDA,1,5,POLARIZED,-152.79223822356198
cc-pvdz,1.0,LDA,4,3,POLARIZED,-152.75623287461642
cc-pvdz,1.0,LDA,4,1,POLARIZED,-152.75110330606896
cc-pvdz,1.0,LDA,5,3,POLARIZED,-152.69230264684643
cc-pvdz,1.0,LDA,5,1,POLARIZED,-152.68850090524248
cc-pvdz,1.0,LDA,6,1,POLARIZED,-152.68052450921311
cc-pvdz,1.0,LDA,6,3,POLARIZED,-152.66593800938247
cc-pvdz,1.0,LDA,7,1,POLARIZED,-152.65913043671318
cc-pvdz,1.0,LDA,8,1,POLARIZED,-152.60367177417754
cc-pvdz,1.0,LDA,9,1,POLARIZED,-152.58826575373067
cc-pvdz,1.0,LDA,7,3,POLARIZED,-152.5763125197064
cc-pvdz,1.0,LDA,8,3,POLARIZED,-152.55311683600655
cc-pvdz,1.0,LDA,9,3,POLARIZED,-152.49823764788965
cc-pvdz,1.0,LDA,10,1,POLARIZED,-152.48650157029547
cc-pvdz,1.0,LDA,10,3,POLARIZED,-152.4789050399528
cc-pvdz,1.0,LDA,11,3,POLARIZED,-152.4658938375469
cc-pvdz,1.0,LDA,11,1,POLARIZED,-152.41433555676124
cc-pvdz,1.0,LDA,12,1,POLARIZED,-152.40685499268378
cc-pvdz,1.0,LDA,12,3,POLARIZED,-152.40342661434883
cc-pvdz,1.0,LDA,13,3,POLARIZED,-152.3615289240422
cc-pvdz,1.0,LDA,13,1,POLARIZED,-152.35591272360057
cc-pvdz,1.0,LDA,14,1,POLARIZED,-152.32144924975128
cc-pvdz,1.0,LDA,14,3,POLARIZED,-152.26832843924998
cc-pvdz,1.0,LDA,15,1,POLARIZED,-152.26409145491996
cc-pvdz,1.0,LDA,15,3,POLARIZED,-152.16187960000704
cc-pvdz,1.0,LDA,16,1,POLARIZED,-152.10828355345433
cc-pvdz,1.0,LDA,17,1,POLARIZED,-152.10364899466833
cc-pvdz,1.0,LDA,18,1,POLARIZED,-152.08400294537302
cc-pvdz,1.0,LDA,19,1,POLARIZED,-152.06374986026202
cc-pvdz,1.0,LDA,20,1,POLARIZED,-151.99091770454444
cc-pvdz,-1.0,LDA,1,1,INVARIANT,-153.17281382067068
cc-pvdz,-1.0,LDA,1,3,INVARIANT,-153.12980743405083
cc-pvdz,-1.0,LDA,2,3,INVARIANT,-153.06063336885703
cc-pvdz,-1.0,LDA,2,1,INVARIANT,-153.0314059053423
cc-pvdz,-1.0,LDA,3,3,INVARIANT,-152.9985688534162
cc-pvdz,-1.0,LDA,3,1,INVARIANT,-152.9711496306438
cc-pvdz,-1.0,LDA,1,5,INVARIANT,-152.94885031465833
cc-pvdz,-1.0,LDA,4,3,INVARIANT,-152.83749353112063
cc-pvdz,-1.0,LDA,4,1,INVARIANT,-152.82629706189513
cc-pvdz,-1.0,LDA,5,3,INVARIANT,-152.77678995857977
cc-pvdz,-1.0,LDA,6,3,INVARIANT,-152.75829838972743
cc-pvdz,-1.0,LDA,5,1,INVARIANT,-152.75401834325316
cc-pvdz,-1.0,LDA,6,1,INVARIANT,-152.7532355370647
cc-pvdz,-1.0,LDA,7,1,INVARIANT,-152.73758736074245
cc-pvdz,-1.0,LDA,8,1,INVARIANT,-152.67496116505944
cc-pvdz,-1.0,LDA,7,3,INVARIANT,-152.66520913631942
cc-pvdz,-1.0,LDA,9,1,INVARIANT,-152.6592223238538
cc-pvdz,-1.0,LDA,8,3,INVARIANT,-152.63875027530105
cc-pvdz,-1.0,LDA,9,3,INVARIANT,-152.58463012932086
cc-pvdz,-1.0,LDA,10,1,INVARIANT,-152.5633930918831
cc-pvdz,-1.0,LDA,10,3,INVARIANT,-152.5575701657688
cc-pvdz,-1.0,LDA,11,3,INVARIANT,-152.55643084734848
cc-pvdz,-1.0,LDA,12,3,INVARIANT,-152.49997066704438
cc-pvdz,-1.0,LDA,11,1,INVARIANT,-152.47840202201942
cc-pvdz,-1.0,LDA,12,1,INVARIANT,-152.4702161535
cc-pvdz,-1.0,LDA,13,3,INVARIANT,-152.442782761517
cc-pvdz,-1.0,LDA,13,1,INVARIANT,-152.43014623317995
cc-pvdz,-1.0,LDA,14,1,INVARIANT,-152.35501186472436
cc-pvdz,-1.0,LDA,14,3,INVARIANT,-152.34900560538202
cc-pvdz,-1.0,LDA,15,1,INVARIANT,-152.3400101262958
cc-pvdz,-1.0,LDA,15,3,INVARIANT,-152.24622150194642
cc-pvdz,-1.0,LDA,16,1,INVARIANT,-152.1613329387336
cc-pvdz,-1.0,LDA,17,1,INVARIANT,-152.13276912294364
cc-pvdz,-1.0,LDA,18,1,INVARIANT,-152.097231678719
cc-pvdz,-1.0,LDA,19,1,INVARIANT,-152.08340786878298
cc-pvdz,-1.0,LDA,20,1,INVARIANT,-152.02320985551268
cc-pvdz,-0.9,LDA,1,1,INVARIANT,-153.17334548725395
cc-pvdz,-0.9,LDA,1,3,INVARIANT,-153.1351553916395
cc-pvdz,-0.9,LDA,2,3,INVARIANT,-153.0636436264099
cc-pvdz,-0.9,LDA,2,1,INVARIANT,-153.04116431795467
cc-pvdz,-0.9,LDA,3,3,INVARIANT,-153.00709309260364
cc-pvdz,-0.9,LDA,3,1,INVARIANT,-152.97647332843758
cc-pvdz,-0.9,LDA,1,5,INVARIANT,-152.9551907883662
cc-pvdz,-0.9,LDA,4,3,INVARIANT,-152.84060671763223
cc-pvdz,-0.9,LDA,4,1,INVARIANT,-152.8291388388701
cc-pvdz,-0.9,LDA,5,3,INVARIANT,-152.78515765922347
cc-pvdz,-0.9,LDA,5,1,INVARIANT,-152.76307649164502
cc-pvdz,-0.9,LDA,6,3,INVARIANT,-152.75960157025062
cc-pvdz,-0.9,LDA,6,1,INVARIANT,-152.75466611998843
cc-pvdz,-0.9,LDA,7,1,INVARIANT,-152.7446201358021
cc-pvdz,-0.9,LDA,8,1,INVARIANT,-152.6753108295417
cc-pvdz,-0.9,LDA,7,3,INVARIANT,-152.67006154659612
cc-pvdz,-0.9,LDA,9,1,INVARIANT,-152.66874956652723
cc-pvdz,-0.9,LDA,8,3,INVARIANT,-152.64561553343304
cc-pvdz,-0.9,LDA,9,3,INVARIANT,-152.5961647298673
cc-pvdz,-0.9,LDA,10,1,INVARIANT,-152.56957764755356
cc-pvdz,-0.9,LDA,10,3,INVARIANT,-152.56467079083407
cc-pvdz,-0.9,LDA,11,3,INVARIANT,-152.56099433538745
cc-pvdz,-0.9,LDA,12,3,INVARIANT,-152.50921921695956
cc-pvdz,-0.9,LDA,11,1,INVARIANT,-152.48402497926463
cc-pvdz,-0.9,LDA,12,1,INVARIANT,-152.48269222505797
cc-pvdz,-0.9,LDA,13,3,INVARIANT,-152.4458073371507
cc-pvdz,-0.9,LDA,13,1,INVARIANT,-152.43319676115547
cc-pvdz,-0.9,LDA,14,3,INVARIANT,-152.35994874589952
cc-pvdz,-0.9,LDA,14,1,INVARIANT,-152.35911120639153
cc-pvdz,-0.9,LDA,15,1,INVARIANT,-152.35081500900023
cc-pvdz,-0.9,LDA,15,3,INVARIANT,-152.25370600620383
cc-pvdz,-0.9,LDA,16,1,INVARIANT,-152.16817190666563
cc-pvdz,-0.9,LDA,17,1,INVARIANT,-152.13832242750985
cc-pvdz,-0.9,LDA,18,1,INVARIANT,-152.10603593636014
cc-pvdz,-0.9,LDA,19,1,INVARIANT,-152.0910852798895
cc-pvdz,-0.9,LDA,20,1,INVARIANT,-152.03340622165499
cc-pvdz,-0.8,LDA,1,1,INVARIANT,-153.1734836633546
cc-pvdz,-0.8,LDA,1,3,INVARIANT,-153.13995973545215
cc-pvdz,-0.8,LDA,2,3,INVARIANT,-153.06605145707283
cc-pvdz,-0.8,LDA,2,1,INVARIANT,-153.0502584522387
cc-pvdz,-0.8,LDA,3,3,INVARIANT,-153.01501396845296
cc-pvdz,-0.8,LDA,3,1,INVARIANT,-152.98125287610029
cc-pvdz,-0.8,LDA,1,5,INVARIANT,-152.96085881590096
cc-pvdz,-0.8,LDA,4,3,INVARIANT,-152.84311732475965
cc-pvdz,-0.8,LDA,4,1,INVARIANT,-152.8313683442235
cc-pvdz,-0.8,LDA,5,3,INVARIANT,-152.79293177598063
cc-pvdz,-0.8,LDA,5,1,INVARIANT,-152.77151066766731
cc-pvdz,-0.8,LDA,6,3,INVARIANT,-152.7603920839053
cc-pvdz,-0.8,LDA,6,1,INVARIANT,-152.75551682546677
cc-pvdz,-0.8,LDA,7,1,INVARIANT,-152.75092751587616
cc-pvdz,-0.8,LDA,8,1,INVARIANT,-152.67769650214262
cc-pvdz,-0.8,LDA,9,1,INVARIANT,-152.67518491522299
cc-pvdz,-0.8,LDA,7,3,INVARIANT,-152.67427514675012
cc-pvdz,-0.8,LDA,8,3,INVARIANT,-152.65184352036528
cc-pvdz,-0.8,LDA,9,3,INVARIANT,-152.60685445899458
cc-pvdz,-0.8,LDA,10,1,INVARIANT,-152.57510136929855
cc-pvdz,-0.8,LDA,10,3,INVARIANT,-152.5710374958505
cc-pvdz,-0.8,LDA,11,3,INVARIANT,-152.56482856347543
cc-pvdz,-0.8,LDA,12,3,INVARIANT,-152.51771019676815
cc-pvdz,-0.8,LDA,11,1,INVARIANT,-152.49429380339714
cc-pvdz,-0.8,LDA,12,1,INVARIANT,-152.48900799230077
cc-pvdz,-0.8,LDA,13,3,INVARIANT,-152.44806014815077
cc-pvdz,-0.8,LDA,13,1,INVARIANT,-152.4354843804111
cc-pvdz,-0.8,LDA,14,3,INVARIANT,-152.37014297818803
cc-pvdz,-0.8,LDA,14,1,INVARIANT,-152.3626840845259
cc-pvdz,-0.8,LDA,15,1,INVARIANT,-152.36087118458457
cc-pvdz,-0.8,LDA,15,3,INVARIANT,-152.2603641261077
cc-pvdz,-0.8,LDA,16,1,INVARIANT,-152.17423493190532
cc-pvdz,-0.8,LDA,17,1,INVARIANT,-152.14309152145526
cc-pvdz,-0.8,LDA,18,1,INVARIANT,-152.11408029525396
cc-pvdz,-0.8,LDA,19,1,INVARIANT,-152.09792531073398
cc-pvdz,-0.8,LDA,20,1,INVARIANT,-152.04260316537145
cc-pvdz,-0.7,LDA,1,1,INVARIANT,-153.17326437357616
cc-pvdz,-0.7,LDA,1,3,INVARIANT,-153.14422588479994
cc-pvdz,-0.7,LDA,2,3,INVARIANT,-153.0678614465521
cc-pvdz,-0.7,LDA,2,1,INVARIANT,-153.05866372630405
cc-pvdz,-0.7,LDA,3,3,INVARIANT,-153.02233810664964
cc-pvdz,-0.7,LDA,3,1,INVARIANT,-152.98549340992176
cc-pvdz,-0.7,LDA,1,5,INVARIANT,-152.96585998073505
cc-pvdz,-0.7,LDA,4,3,INVARIANT,-152.8450299614702
cc-pvdz,-0.7,LDA,4,1,INVARIANT,-152.83298954166102
cc-pvdz,-0.7,LDA,5,3,INVARIANT,-152.80011746582613
cc-pvdz,-0.7,LDA,5,1,INVARIANT,-152.77932745748814
cc-pvdz,-0.7,LDA,6,3,INVARIANT,-152.7607068048729
cc-pvdz,-0.7,LDA,6,1,INVARIANT,-152.7565143049812
cc-pvdz,-0.7,LDA,7,1,INVARIANT,-152.75579175091337
cc-pvdz,-0.7,LDA,8,1,INVARIANT,-152.68606923715754
cc-pvdz,-0.7,LDA,7,3,INVARIANT,-152.67786055692585
cc-pvdz,-0.7,LDA,9,1,INVARIANT,-152.6746264374521
cc-pvdz,-0.7,LDA,8,3,INVARIANT,-152.6574342599866
cc-pvdz,-0.7,LDA,9,3,INVARIANT,-152.61667345872843
cc-pvdz,-0.7,LDA,10,1,INVARIANT,-152.57996792474162
cc-pvdz,-0.7,LDA,10,3,INVARIANT,-152.57667605964545
cc-pvdz,-0.7,LDA,11,3,INVARIANT,-152.56793604305602
cc-pvdz,-0.7,LDA,12,3,INVARIANT,-152.52545096734872
cc-pvdz,-0.7,LDA,11,1,INVARIANT,-152.504988622125
cc-pvdz,-0.7,LDA,12,1,INVARIANT,-152.49336160686002
cc-pvdz,-0.7,LDA,13,3,INVARIANT,-152.44954828845886
cc-pvdz,-0.7,LDA,13,1,INVARIANT,-152.4370157036897
cc-pvdz,-0.7,LDA,14,3,INVARIANT,-152.37959493243216
cc-pvdz,-0.7,LDA,14,1,INVARIANT,-152.37018535246497
cc-pvdz,-0.7,LDA,15,1,INVARIANT,-152.36574447019274
cc-pvdz,-0.7,LDA,15,3,INVARIANT,-152.26620189105856
cc-pvdz,-0.7,LDA,16,1,INVARIANT,-152.1795283205504
cc-pvdz,-0.7,LDA,17,1,INVARIANT,-152.14708307980735
cc-pvdz,-0.7,LDA,18,1,INVARIANT,-152.12136820672723
cc-pvdz,-0.7,LDA,19,1,INVARIANT,-152.1039289619073
cc-pvdz,-0.7,LDA,20,1,INVARIANT,-152.05079995975046
cc-pvdz,-0.6,LDA,1,1,INVARIANT,-153.17273134409203
cc-pvdz,-0.6,LDA,1,3,INVARIANT,-153.1479577145058
cc-pvdz,-0.6,LDA,2,3,INVARIANT,-153.06907662462882
cc-pvdz,-0.6,LDA,2,1,INVARIANT,-153.0663446888658
cc-pvdz,-0.6,LDA,3,3,INVARIANT,-153.0290705448438
cc-pvdz,-0.6,LDA,3,1,INVARIANT,-152.98919856558533
cc-pvdz,-0.6,LDA,1,5,INVARIANT,-152.9701982830817
cc-pvdz,-0.6,LDA,4,3,INVARIANT,-152.84634771765016
cc-pvdz,-0.6,LDA,4,1,INVARIANT,-152.83400485657592
cc-pvdz,-0.6,LDA,5,3,INVARIANT,-152.80671838222864
cc-pvdz,-0.6,LDA,5,1,INVARIANT,-152.78653189155693
cc-pvdz,-0.6,LDA,6,1,INVARIANT,-152.76138381027064
cc-pvdz,-0.6,LDA,6,3,INVARIANT,-152.76058911953942
cc-pvdz,-0.6,LDA,7,1,INVARIANT,-152.75549342048348
cc-pvdz,-0.6,LDA,8,1,INVARIANT,-152.69387245431045
cc-pvdz,-0.6,LDA,7,3,INVARIANT,-152.68082892225618
cc-pvdz,-0.6,LDA,9,1,INVARIANT,-152.67368643737217
cc-pvdz,-0.6,LDA,8,3,INVARIANT,-152.66238412184754
cc-pvdz,-0.6,LDA,9,3,INVARIANT,-152.62558616914885
cc-pvdz,-0.6,LDA,10,1,INVARIANT,-152.58417958303357
cc-pvdz,-0.6,LDA,10,3,INVARIANT,-152.58159067190127
cc-pvdz,-0.6,LDA,11,3,INVARIANT,-152.57031782888632
cc-pvdz,-0.6,LDA,12,3,INVARIANT,-152.53244727378677
cc-pvdz,-0.6,LDA,11,1,INVARIANT,-152.51473323675708
cc-pvdz,-0.6,LDA,12,1,INVARIANT,-152.49709443635484
cc-pvdz,-0.6,LDA,13,3,INVARIANT,-152.45027705746574
cc-pvdz,-0.6,LDA,13,1,INVARIANT,-152.43779555181507
cc-pvdz,-0.6,LDA,14,3,INVARIANT,-152.38830958103807
cc-pvdz,-0.6,LDA,14,1,INVARIANT,-152.3787625684728
cc-pvdz,-0.6,LDA,15,1,INVARIANT,-152.36830464365693
cc-pvdz,-0.6,LDA,15,3,INVARIANT,-152.27122368068353
cc-pvdz,-0.6,LDA,16,1,INVARIANT,-152.18405670055043
cc-pvdz,-0.6,LDA,17,1,INVARIANT,-152.1503021795737
cc-pvdz,-0.6,LDA,18,1,INVARIANT,-152.12790156486744
cc-pvdz,-0.6,LDA,19,1,INVARIANT,-152.10909632299243
cc-pvdz,-0.6,LDA,20,1,INVARIANT,-152.05799373280988
cc-pvdz,-0.5,LDA,1,1,INVARIANT,-153.17193850130374
cc-pvdz,-0.5,LDA,1,3,INVARIANT,-153.15115754623093
cc-pvdz,-0.5,LDA,2,1,INVARIANT,-153.0732525037398
cc-pvdz,-0.5,LDA,2,3,INVARIANT,-153.06969845521562
cc-pvdz,-0.5,LDA,3,3,INVARIANT,-153.03521472376488
cc-pvdz,-0.5,LDA,3,1,INVARIANT,-152.99237046880697
cc-pvdz,-0.5,LDA,1,5,INVARIANT,-152.97387612984136
cc-pvdz,-0.5,LDA,4,3,INVARIANT,-152.84707215635981
cc-pvdz,-0.5,LDA,4,1,INVARIANT,-152.83441516420385
cc-pvdz,-0.5,LDA,5,3,INVARIANT,-152.81273666763292
cc-pvdz,-0.5,LDA,5,1,INVARIANT,-152.79312743586001
cc-pvdz,-0.5,LDA,6,1,INVARIANT,-152.76553783016016
cc-pvdz,-0.5,LDA,6,3,INVARIANT,-152.7600905663146
cc-pvdz,-0.5,LDA,7,1,INVARIANT,-152.7546227786496
cc-pvdz,-0.5,LDA,8,1,INVARIANT,-152.701109390444
cc-pvdz,-0.5,LDA,7,3,INVARIANT,-152.68319302106275
cc-pvdz,-0.5,LDA,9,1,INVARIANT,-152.6724259157798
cc-pvdz,-0.5,LDA,8,3,INVARIANT,-152.66668471302904
cc-pvdz,-0.5,LDA,9,3,INVARIANT,-152.6335456696298
cc-pvdz,-0.5,LDA,10,1,INVARIANT,-152.58773720264495
cc-pvdz,-0.5,LDA,10,3,INVARIANT,-152.58578390346727
cc-pvdz,-0.5,LDA,11,3,INVARIANT,-152.57197349809854
cc-pvdz,-0.5,LDA,12,3,INVARIANT,-152.5387032385153
cc-pvdz,-0.5,LDA,11,1,INVARIANT,-152.52347107069093
cc-pvdz,-0.5,LDA,12,1,INVARIANT,-152.50021312533144
cc-pvdz,-0.5,LDA,13,3,INVARIANT,-152.45024995544279
cc-pvdz,-0.5,LDA,13,1,INVARIANT,-152.43782695415703
cc-pvdz,-0.5,LDA,14,3,INVARIANT,-152.39629022439883
cc-pvdz,-0.5,LDA,14,1,INVARIANT,-152.38660623048924
cc-pvdz,-0.5,LDA,15,1,INVARIANT,-152.37037505127574
cc-pvdz,-0.5,LDA,15,3,INVARIANT,-152.27543221195393
cc-pvdz,-0.5,LDA,16,1,INVARIANT,-152.18782301155983
cc-pvdz,-0.5,LDA,17,1,INVARIANT,-152.15275229187853
cc-pvdz,-0.5,LDA,18,1,INVARIANT,-152.1336806971036
cc-pvdz,-0.5,LDA,19,1,INVARIANT,-152.11342675039896
cc-pvdz,-0.5,LDA,20,1,INVARIANT,-152.0641794293343
cc-pvdz,-0.3999999999999999,LDA,1,1,INVARIANT,-153.17095256543573
cc-pvdz,-0.3999999999999999,LDA,1,3,INVARIANT,-153.15382613736384
cc-pvdz,-0.3999999999999999,LDA,2,1,INVARIANT,-153.07932233493233
cc-pvdz,-0.3999999999999999,LDA,2,3,INVARIANT,-153.0697268239642
cc-pvdz,-0.3999999999999999,LDA,3,3,INVARIANT,-153.04077247612688
cc-pvdz,-0.3999999999999999,LDA,3,1,INVARIANT,-152.9950097235806
cc-pvdz,-0.3999999999999999,LDA,1,5,INVARIANT,-152.97689432223052
cc-pvdz,-0.3999999999999999,LDA,4,3,INVARIANT,-152.8472033038544
cc-pvdz,-0.3999999999999999,LDA,4,1,INVARIANT,-152.83421977545726
cc-pvdz,-0.3999999999999999,LDA,5,3,INVARIANT,-152.8181729429939
cc-pvdz,-0.3999999999999999,LDA,5,1,INVARIANT,-152.7991159809769
cc-pvdz,-0.3999999999999999,LDA,6,1,INVARIANT,-152.76897663974333
cc-pvdz,-0.3999999999999999,LDA,6,3,INVARIANT,-152.75927231088681
cc-pvdz,-0.3999999999999999,LDA,7,1,INVARIANT,-152.75317918160172
cc-pvdz,-0.3999999999999999,LDA,8,1,INVARIANT,-152.70778181216977
cc-pvdz,-0.3999999999999999,LDA,7,3,INVARIANT,-152.6849690671804
cc-pvdz,-0.3999999999999999,LDA,9,1,INVARIANT,-152.67091754771943
cc-pvdz,-0.3999999999999999,LDA,8,3,INVARIANT,-152.67032107212523
cc-pvdz,-0.3999999999999999,LDA,9,3,INVARIANT,-152.64049217982372
cc-pvdz,-0.3999999999999999,LDA,10,1,INVARIANT,-152.59064021576532
cc-pvdz,-0.3999999999999999,LDA,10,3,INVARIANT,-152.58925667334753
cc-pvdz,-0.3999999999999999,LDA,11,3,INVARIANT,-152.57290112649275
cc-pvdz,-0.3999999999999999,LDA,12,3,INVARIANT,-152.54422135247378
cc-pvdz,-0.3999999999999999,LDA,11,1,INVARIANT,-152.53113067575114
cc-pvdz,-0.3999999999999999,LDA,12,1,INVARIANT,-152.50272231319082
cc-pvdz,-0.3999999999999999,LDA,13,3,INVARIANT,-152.44946867743312
cc-pvdz,-0.3999999999999999,LDA,13,1,INVARIANT,-152.43711114650762
cc-pvdz,-0.3999999999999999,LDA,14,3,INVARIANT,-152.40353847395951
cc-pvdz,-0.3999999999999999,LDA,14,1,INVARIANT,-152.39371806141892
cc-pvdz,-0.3999999999999999,LDA,15,1,INVARIANT,-152.37196414751665
cc-pvdz,-0.3999999999999999,LDA,15,3,INVARIANT,-152.27882852410445
cc-pvdz,-0.3999999999999999,LDA,16,1,INVARIANT,-152.19082849234164
cc-pvdz,-0.3999999999999999,LDA,17,1,INVARIANT,-152.15443527168287
cc-pvdz,-0.3999999999999999,LDA,18,1,INVARIANT,-152.1387043521879
cc-pvdz,-0.3999999999999999,LDA,19,1,INVARIANT,-152.11691904962476
cc-pvdz,-0.3999999999999999,LDA,20,1,INVARIANT,-152.06934977434344
cc-pvdz,-0.29999999999999993,LDA,1,1,INVARIANT,-153.1698549333338
cc-pvdz,-0.29999999999999993,LDA,1,3,INVARIANT,-153.15596266754198
cc-pvdz,-0.29999999999999993,LDA,2,1,INVARIANT,-153.08447143819058
cc-pvdz,-0.29999999999999993,LDA,2,3,INVARIANT,-153.06916002352605
cc-pvdz,-0.29999999999999993,LDA,3,3,INVARIANT,-153.0457440133759
cc-pvdz,-0.29999999999999993,LDA,3,1,INVARIANT,-152.99711539815576
cc-pvdz,-0.29999999999999993,LDA,1,5,INVARIANT,-152.97925204120156
cc-pvdz,-0.29999999999999993,LDA,4,3,INVARIANT,-152.84673963750893
cc-pvdz,-0.29999999999999993,LDA,4,1,INVARIANT,-152.83341642054543
cc-pvdz,-0.29999999999999993,LDA,5,3,INVARIANT,-152.82302629450993
cc-pvdz,-0.29999999999999993,LDA,5,1,INVARIANT,-152.80449782901403
cc-pvdz,-0.29999999999999993,LDA,6,1,INVARIANT,-152.7716989736571
cc-pvdz,-0.29999999999999993,LDA,6,3,INVARIANT,-152.75820589011735
cc-pvdz,-0.29999999999999993,LDA,7,1,INVARIANT,-152.7511603866767
cc-pvdz,-0.29999999999999993,LDA,8,1,INVARIANT,-152.71388998964107
cc-pvdz,-0.29999999999999993,LDA,7,3,INVARIANT,-152.6861795695479
cc-pvdz,-0.29999999999999993,LDA,8,3,INVARIANT,-152.6732688018717
cc-pvdz,-0.29999999999999993,LDA,9,1,INVARIANT,-152.6692464875321
cc-pvdz,-0.29999999999999993,LDA,9,3,INVARIANT,-152.6463522873961
cc-pvdz,-0.29999999999999993,LDA,10,1,INVARIANT,-152.592886609965
cc-pvdz,-0.29999999999999993,LDA,10,3,INVARIANT,-152.59200821302892
cc-pvdz,-0.29999999999999993,LDA,11,3,INVARIANT,-152.57309726243824
cc-pvdz,-0.29999999999999993,LDA,12,3,INVARIANT,-152.54900246441113
cc-pvdz,-0.29999999999999993,LDA,11,1,INVARIANT,-152.5376248978138
cc-pvdz,-0.29999999999999993,LDA,12,1,INVARIANT,-152.5046245980737
cc-pvdz,-0.29999999999999993,LDA,13,3,INVARIANT,-152.44793310541294
cc-pvdz,-0.29999999999999993,LDA,13,1,INVARIANT,-152.43564756636334
cc-pvdz,-0.29999999999999993,LDA,14,3,INVARIANT,-152.41005423264852
cc-pvdz,-0.29999999999999993,LDA,14,1,INVARIANT,-152.40009808954622
cc-pvdz,-0.29999999999999993,LDA,15,1,INVARIANT,-152.37307822719848
cc-pvdz,-0.29999999999999993,LDA,15,3,INVARIANT,-152.28141196147092
cc-pvdz,-0.29999999999999993,LDA,16,1,INVARIANT,-152.19307266582973
cc-pvdz,-0.29999999999999993,LDA,17,1,INVARIANT,-152.15535134520013
cc-pvdz,-0.29999999999999993,LDA,18,1,INVARIANT,-152.14296968572327
cc-pvdz,-0.29999999999999993,LDA,19,1,INVARIANT,-152.11957164577294
cc-pvdz,-0.29999999999999993,LDA,20,1,INVARIANT,-152.07349524935867
cc-pvdz,-0.19999999999999996,LDA,1,1,INVARIANT,-153.1687412000201
cc-pvdz,-0.19999999999999996,LDA,1,3,INVARIANT,-153.157564721836
cc-pvdz,-0.19999999999999996,LDA,2,1,INVARIANT,-153.0885996074485
cc-pvdz,-0.19999999999999996,LDA,2,3,INVARIANT,-153.06799473547406
cc-pvdz,-0.19999999999999996,LDA,3,3,INVARIANT,-153.0501279092971
cc-pvdz,-0.19999999999999996,LDA,3,1,INVARIANT,-152.99868500779476
cc-pvdz,-0.19999999999999996,LDA,1,5,INVARIANT,-152.98094682964165
cc-pvdz,-0.19999999999999996,LDA,4,3,INVARIANT,-152.84567807068132
cc-pvdz,-0.19999999999999996,LDA,4,1,INVARIANT,-152.83200122940707
cc-pvdz,-0.19999999999999996,LDA,5,3,INVARIANT,-152.8272942566626
cc-pvdz,-0.19999999999999996,LDA,5,1,INVARIANT,-152.80927167742414
cc-pvdz,-0.19999999999999996,LDA,6,1,INVARIANT,-152.77370200549646
cc-pvdz,-0.19999999999999996,LDA,6,3,INVARIANT,-152.75697226369974
cc-pvdz,-0.19999999999999996,LDA,7,1,INVARIANT,-152.74856253892918
cc-pvdz,-0.19999999999999996,LDA,8,1,INVARIANT,-152.71943266759524
cc-pvdz,-0.19999999999999996,LDA,7,3,INVARIANT,-152.68685743907034
cc-pvdz,-0.19999999999999996,LDA,8,3,INVARIANT,-152.6754899478818
cc-pvdz,-0.19999999999999996,LDA,9,1,INVARIANT,-152.66750910541583
cc-pvdz,-0.19999999999999996,LDA,9,3,INVARIANT,-152.6510398614373
cc-pvdz,-0.19999999999999996,LDA,10,1,INVARIANT,-152.59447290661248
cc-pvdz,-0.19999999999999996,LDA,10,3,INVARIANT,-152.59403602778104
cc-pvdz,-0.19999999999999996,LDA,11,3,INVARIANT,-152.57255689762115
cc-pvdz,-0.19999999999999996,LDA,12,3,INVARIANT,-152.5530457673929
cc-pvdz,-0.19999999999999996,LDA,11,1,INVARIANT,-152.54285210452116
cc-pvdz,-0.19999999999999996,LDA,12,1,INVARIANT,-152.50592049984954
cc-pvdz,-0.19999999999999996,LDA,13,3,INVARIANT,-152.44564129752644
cc-pvdz,-0.19999999999999996,LDA,13,1,INVARIANT,-152.4334338445808
cc-pvdz,-0.19999999999999996,LDA,14,3,INVARIANT,-152.41583567165284
cc-pvdz,-0.19999999999999996,LDA,14,1,INVARIANT,-152.40574462525808
cc-pvdz,-0.19999999999999996,LDA,15,1,INVARIANT,-152.37372125324654
cc-pvdz,-0.19999999999999996,LDA,15,3,INVARIANT,-152.28318015327812
cc-pvdz,-0.19999999999999996,LDA,16,1,INVARIANT,-152.19455332090226
cc-pvdz,-0.19999999999999996,LDA,17,1,INVARIANT,-152.1554990940589
cc-pvdz,-0.19999999999999996,LDA,18,1,INVARIANT,-152.1464722422857
cc-pvdz,-0.19999999999999996,LDA,19,1,INVARIANT,-152.12138271848065
cc-pvdz,-0.19999999999999996,LDA,20,1,INVARIANT,-152.07660409683663
cc-pvdz,-0.09999999999999998,LDA,1,1,INVARIANT,-153.16771574594983
cc-pvdz,-0.09999999999999998,LDA,1,3,INVARIANT,-153.15862827024355
cc-pvdz,-0.09999999999999998,LDA,2,1,INVARIANT,-153.09159454843305
cc-pvdz,-0.09999999999999998,LDA,2,3,INVARIANT,-153.0662260085546
cc-pvdz,-0.09999999999999998,LDA,3,3,INVARIANT,-153.05392108009403
cc-pvdz,-0.09999999999999998,LDA,3,1,INVARIANT,-152.99971449396944
cc-pvdz,-0.09999999999999998,LDA,1,5,INVARIANT,-152.98197457101523
cc-pvdz,-0.09999999999999998,LDA,4,3,INVARIANT,-152.84401393418844
cc-pvdz,-0.09999999999999998,LDA,5,3,INVARIANT,-152.83097279125312
cc-pvdz,-0.09999999999999998,LDA,4,1,INVARIANT,-152.82996870857824
cc-pvdz,-0.09999999999999998,LDA,5,1,INVARIANT,-152.8134345993373
cc-pvdz,-0.09999999999999998,LDA,6,1,INVARIANT,-152.77498132347444
cc-pvdz,-0.09999999999999998,LDA,6,3,INVARIANT,-152.75565787534046
cc-pvdz,-0.09999999999999998,LDA,7,1,INVARIANT,-152.74538015457094
cc-pvdz,-0.09999999999999998,LDA,8,1,INVARIANT,-152.72440703340425
cc-pvdz,-0.09999999999999998,LDA,7,3,INVARIANT,-152.68705017851116
cc-pvdz,-0.09999999999999998,LDA,8,3,INVARIANT,-152.6769287864534
cc-pvdz,-0.09999999999999998,LDA,9,1,INVARIANT,-152.66580811114457
cc-pvdz,-0.09999999999999998,LDA,9,3,INVARIANT,-152.6544599490969
cc-pvdz,-0.09999999999999998,LDA,10,1,INVARIANT,-152.59539413609963
cc-pvdz,-0.09999999999999998,LDA,10,3,INVARIANT,-152.59533585519853
cc-pvdz,-0.09999999999999998,LDA,11,3,INVARIANT,-152.57127343444378
cc-pvdz,-0.09999999999999998,LDA,12,3,INVARIANT,-152.55634878221534
cc-pvdz,-0.09999999999999998,LDA,11,1,INVARIANT,-152.5467010187693
cc-pvdz,-0.09999999999999998,LDA,12,1,INVARIANT,-152.50660842183672
cc-pvdz,-0.09999999999999998,LDA,13,3,INVARIANT,-152.44258947386427
cc-pvdz,-0.09999999999999998,LDA,13,1,INVARIANT,-152.4304657930227
cc-pvdz,-0.09999999999999998,LDA,14,3,INVARIANT,-152.42087920314606
cc-pvdz,-0.09999999999999998,LDA,14,1,INVARIANT,-152.4106542337423
cc-pvdz,-0.09999999999999998,LDA,15,1,INVARIANT,-152.37389468680234
cc-pvdz,-0.09999999999999998,LDA,15,3,INVARIANT,-152.28412899004158
cc-pvdz,-0.09999999999999998,LDA,16,1,INVARIANT,-152.1952664905106
cc-pvdz,-0.09999999999999998,LDA,17,1,INVARIANT,-152.15487543587534
cc-pvdz,-0.09999999999999998,LDA,18,1,INVARIANT,-152.14920593378847
cc-pvdz,-0.09999999999999998,LDA,19,1,INVARIANT,-152.1223502722881
cc-pvdz,-0.09999999999999998,LDA,20,1,INVARIANT,-152.07866237353463
cc-pvdz,0.001,LDA,1,1,INVARIANT,-153.16688601774052
cc-pvdz,0.001,LDA,1,3,INVARIANT,-153.15914516605326
cc-pvdz,0.001,LDA,2,1,INVARIANT,-153.09333369231828
cc-pvdz,0.001,LDA,2,3,INVARIANT,-153.0638740665411
cc-pvdz,0.001,LDA,3,3,INVARIANT,-153.05708975158015
cc-pvdz,0.001,LDA,3,1,INVARIANT,-153.00019608705077
cc-pvdz,0.001,LDA,1,5,INVARIANT,-152.9823292693001
cc-pvdz,0.001,LDA,4,3,INVARIANT,-152.841766722504
cc-pvdz,0.001,LDA,5,3,INVARIANT,-152.83402839579864
cc-pvdz,0.001,LDA,4,1,INVARIANT,-152.82734140311484
cc-pvdz,0.001,LDA,5,1,INVARIANT,-152.81694961197474
cc-pvdz,0.001,LDA,6,1,INVARIANT,-152.775529042586
cc-pvdz,0.001,LDA,6,3,INVARIANT,-152.7543594157503
cc-pvdz,0.001,LDA,7,1,INVARIANT,-152.74164679812608
cc-pvdz,0.001,LDA,8,1,INVARIANT,-152.72876751904911
cc-pvdz,0.001,LDA,7,3,INVARIANT,-152.68682286161263
cc-pvdz,0.001,LDA,8,3,INVARIANT,-152.67751166329714
cc-pvdz,0.001,LDA,9,1,INVARIANT,-152.66425742427217
cc-pvdz,0.001,LDA,9,3,INVARIANT,-152.6565032877479
cc-pvdz,0.001,LDA,10,3,INVARIANT,-152.5958996219782
cc-pvdz,0.001,LDA,10,1,INVARIANT,-152.59564466270064
cc-pvdz,0.001,LDA,11,3,INVARIANT,-152.56926274810397
cc-pvdz,0.001,LDA,12,3,INVARIANT,-152.5588854551637
cc-pvdz,0.001,LDA,11,1,INVARIANT,-152.54904460657087
cc-pvdz,0.001,LDA,12,1,INVARIANT,-152.50668689513378
cc-pvdz,0.001,LDA,13,3,INVARIANT,-152.43881398644885
cc-pvdz,0.001,LDA,13,1,INVARIANT,-152.42677846026382
cc-pvdz,0.001,LDA,14,3,INVARIANT,-152.42514014781744
cc-pvdz,0.001,LDA,14,1,INVARIANT,-152.41478372400937
cc-pvdz,0.001,LDA,15,1,INVARIANT,-152.37360264213473
cc-pvdz,0.001,LDA,15,3,INVARIANT,-152.28425546907505
cc-pvdz,0.001,LDA,16,1,INVARIANT,-152.19521087761845
cc-pvdz,0.001,LDA,17,1,INVARIANT,-152.15349346148588
cc-pvdz,0.001,LDA,18,1,INVARIANT,-152.1511473170277
cc-pvdz,0.001,LDA,19,1,INVARIANT,-152.12247508693613
cc-pvdz,0.001,LDA,20,1,INVARIANT,-152.0796494958345
cc-pvdz,0.10000000000000009,LDA,1,1,INVARIANT,-153.1677157459504
cc-pvdz,0.10000000000000009,LDA,1,3,INVARIANT,-153.15862827024338
cc-pvdz,0.10000000000000009,LDA,2,1,INVARIANT,-153.09159454843328
cc-pvdz,0.10000000000000009,LDA,2,3,INVARIANT,-153.0662260085549
cc-pvdz,0.10000000000000009,LDA,3,3,INVARIANT,-153.0539210800936
cc-pvdz,0.10000000000000009,LDA,3,1,INVARIANT,-152.9997144939691
cc-pvdz,0.10000000000000009,LDA,1,5,INVARIANT,-152.98197457101506
cc-pvdz,0.10000000000000009,LDA,4,3,INVARIANT,-152.84401393418875
cc-pvdz,0.10000000000000009,LDA,5,3,INVARIANT,-152.83097279125244
cc-pvdz,0.10000000000000009,LDA,4,1,INVARIANT,-152.82996870857815
cc-pvdz,0.10000000000000009,LDA,5,1,INVARIANT,-152.81343459933754
cc-pvdz,0.10000000000000009,LDA,6,1,INVARIANT,-152.7749813234746
cc-pvdz,0.10000000000000009,LDA,6,3,INVARIANT,-152.75565787534063
cc-pvdz,0.10000000000000009,LDA,7,1,INVARIANT,-152.74538015457097
cc-pvdz,0.10000000000000009,LDA,8,1,INVARIANT,-152.7244070334047
cc-pvdz,0.10000000000000009,LDA,7,3,INVARIANT,-152.68705017851116
cc-pvdz,0.10000000000000009,LDA,8,3,INVARIANT,-152.67692878645337
cc-pvdz,0.10000000000000009,LDA,9,1,INVARIANT,-152.66580811114437
cc-pvdz,0.10000000000000009,LDA,9,3,INVARIANT,-152.65445994909743
cc-pvdz,0.10000000000000009,LDA,10,1,INVARIANT,-152.59539413609983
cc-pvdz,0.10000000000000009,LDA,10,3,INVARIANT,-152.59533585519864
cc-pvdz,0.10000000000000009,LDA,11,3,INVARIANT,-152.57127343444392
cc-pvdz,0.10000000000000009,LDA,12,3,INVARIANT,-152.55634878221534
cc-pvdz,0.10000000000000009,LDA,11,1,INVARIANT,-152.54670101876954
cc-pvdz,0.10000000000000009,LDA,12,1,INVARIANT,-152.50660842183717
cc-pvdz,0.10000000000000009,LDA,13,3,INVARIANT,-152.44258947386479
cc-pvdz,0.10000000000000009,LDA,13,1,INVARIANT,-152.43046579302293
cc-pvdz,0.10000000000000009,LDA,14,3,INVARIANT,-152.4208792031461
cc-pvdz,0.10000000000000009,LDA,14,1,INVARIANT,-152.41065423374238
cc-pvdz,0.10000000000000009,LDA,15,1,INVARIANT,-152.37389468680234
cc-pvdz,0.10000000000000009,LDA,15,3,INVARIANT,-152.28412899004115
cc-pvdz,0.10000000000000009,LDA,16,1,INVARIANT,-152.19526649051087
cc-pvdz,0.10000000000000009,LDA,17,1,INVARIANT,-152.15487543587517
cc-pvdz,0.10000000000000009,LDA,18,1,INVARIANT,-152.14920593378844
cc-pvdz,0.10000000000000009,LDA,19,1,INVARIANT,-152.12235027228823
cc-pvdz,0.10000000000000009,LDA,20,1,INVARIANT,-152.07866237353468
cc-pvdz,0.20000000000000018,LDA,1,1,INVARIANT,-153.16874120002035
cc-pvdz,0.20000000000000018,LDA,1,3,INVARIANT,-153.15756472183676
cc-pvdz,0.20000000000000018,LDA,2,1,INVARIANT,-153.0885996074484
cc-pvdz,0.20000000000000018,LDA,2,3,INVARIANT,-153.06799473547383
cc-pvdz,0.20000000000000018,LDA,3,3,INVARIANT,-153.05012790929712
cc-pvdz,0.20000000000000018,LDA,3,1,INVARIANT,-152.99868500779522
cc-pvdz,0.20000000000000018,LDA,1,5,INVARIANT,-152.98094682964188
cc-pvdz,0.20000000000000018,LDA,4,3,INVARIANT,-152.84567807068146
cc-pvdz,0.20000000000000018,LDA,4,1,INVARIANT,-152.83200122940679
cc-pvdz,0.20000000000000018,LDA,5,3,INVARIANT,-152.8272942566624
cc-pvdz,0.20000000000000018,LDA,5,1,INVARIANT,-152.80927167742433
cc-pvdz,0.20000000000000018,LDA,6,1,INVARIANT,-152.77370200549635
cc-pvdz,0.20000000000000018,LDA,6,3,INVARIANT,-152.75697226369977
cc-pvdz,0.20000000000000018,LDA,7,1,INVARIANT,-152.74856253892906
cc-pvdz,0.20000000000000018,LDA,8,1,INVARIANT,-152.71943266759567
cc-pvdz,0.20000000000000018,LDA,7,3,INVARIANT,-152.6868574390701
cc-pvdz,0.20000000000000018,LDA,8,3,INVARIANT,-152.67548994788163
cc-pvdz,0.20000000000000018,LDA,9,1,INVARIANT,-152.66750910541558
cc-pvdz,0.20000000000000018,LDA,9,3,INVARIANT,-152.6510398614372
cc-pvdz,0.20000000000000018,LDA,10,1,INVARIANT,-152.5944729066125
cc-pvdz,0.20000000000000018,LDA,10,3,INVARIANT,-152.59403602778124
cc-pvdz,0.20000000000000018,LDA,11,3,INVARIANT,-152.5725568976212
cc-pvdz,0.20000000000000018,LDA,12,3,INVARIANT,-152.5530457673923
cc-pvdz,0.20000000000000018,LDA,11,1,INVARIANT,-152.54285210452102
cc-pvdz,0.20000000000000018,LDA,12,1,INVARIANT,-152.50592049984948
cc-pvdz,0.20000000000000018,LDA,13,3,INVARIANT,-152.4456412975263
cc-pvdz,0.20000000000000018,LDA,13,1,INVARIANT,-152.43343384458072
cc-pvdz,0.20000000000000018,LDA,14,3,INVARIANT,-152.41583567165247
cc-pvdz,0.20000000000000018,LDA,14,1,INVARIANT,-152.4057446252575
cc-pvdz,0.20000000000000018,LDA,15,1,INVARIANT,-152.37372125324634
cc-pvdz,0.20000000000000018,LDA,15,3,INVARIANT,-152.28318015327915
cc-pvdz,0.20000000000000018,LDA,16,1,INVARIANT,-152.19455332090203
cc-pvdz,0.20000000000000018,LDA,17,1,INVARIANT,-152.15549909405865
cc-pvdz,0.20000000000000018,LDA,18,1,INVARIANT,-152.14647224228545
cc-pvdz,0.20000000000000018,LDA,19,1,INVARIANT,-152.12138271848048
cc-pvdz,0.20000000000000018,LDA,20,1,INVARIANT,-152.07660409683643
cc-pvdz,0.30000000000000004,LDA,1,1,INVARIANT,-153.16985493333354
cc-pvdz,0.30000000000000004,LDA,1,3,INVARIANT,-153.15596266754198
cc-pvdz,0.30000000000000004,LDA,2,1,INVARIANT,-153.0844714381904
cc-pvdz,0.30000000000000004,LDA,2,3,INVARIANT,-153.0691600235263
cc-pvdz,0.30000000000000004,LDA,3,3,INVARIANT,-153.04574401337595
cc-pvdz,0.30000000000000004,LDA,3,1,INVARIANT,-152.9971153981562
cc-pvdz,0.30000000000000004,LDA,1,5,INVARIANT,-152.97925204120213
cc-pvdz,0.30000000000000004,LDA,4,3,INVARIANT,-152.84673963750907
cc-pvdz,0.30000000000000004,LDA,4,1,INVARIANT,-152.83341642054563
cc-pvdz,0.30000000000000004,LDA,5,3,INVARIANT,-152.82302629450996
cc-pvdz,0.30000000000000004,LDA,5,1,INVARIANT,-152.80449782901394
cc-pvdz,0.30000000000000004,LDA,6,1,INVARIANT,-152.77169897365704
cc-pvdz,0.30000000000000004,LDA,6,3,INVARIANT,-152.75820589011735
cc-pvdz,0.30000000000000004,LDA,7,1,INVARIANT,-152.75116038667684
cc-pvdz,0.30000000000000004,LDA,8,1,INVARIANT,-152.71388998964122
cc-pvdz,0.30000000000000004,LDA,7,3,INVARIANT,-152.68617956954787
cc-pvdz,0.30000000000000004,LDA,8,3,INVARIANT,-152.67326880187144
cc-pvdz,0.30000000000000004,LDA,9,1,INVARIANT,-152.6692464875323
cc-pvdz,0.30000000000000004,LDA,9,3,INVARIANT,-152.6463522873961
cc-pvdz,0.30000000000000004,LDA,10,1,INVARIANT,-152.592886609965
cc-pvdz,0.30000000000000004,LDA,10,3,INVARIANT,-152.5920082130287
cc-pvdz,0.30000000000000004,LDA,11,3,INVARIANT,-152.57309726243798
cc-pvdz,0.30000000000000004,LDA,12,3,INVARIANT,-152.54900246441127
cc-pvdz,0.30000000000000004,LDA,11,1,INVARIANT,-152.53762489781357
cc-pvdz,0.30000000000000004,LDA,12,1,INVARIANT,-152.5046245980735
cc-pvdz,0.30000000000000004,LDA,13,3,INVARIANT,-152.44793310541286
cc-pvdz,0.30000000000000004,LDA,13,1,INVARIANT,-152.4356475663632
cc-pvdz,0.30000000000000004,LDA,14,3,INVARIANT,-152.41005423264886
cc-pvdz,0.30000000000000004,LDA,14,1,INVARIANT,-152.40009808954636
cc-pvdz,0.30000000000000004,LDA,15,1,INVARIANT,-152.3730782271983
cc-pvdz,0.30000000000000004,LDA,15,3,INVARIANT,-152.28141196147106
cc-pvdz,0.30000000000000004,LDA,16,1,INVARIANT,-152.1930726658298
cc-pvdz,0.30000000000000004,LDA,17,1,INVARIANT,-152.1553513452004
cc-pvdz,0.30000000000000004,LDA,18,1,INVARIANT,-152.14296968572296
cc-pvdz,0.30000000000000004,LDA,19,1,INVARIANT,-152.11957164577262
cc-pvdz,0.30000000000000004,LDA,20,1,INVARIANT,-152.07349524935856
cc-pvdz,0.40000000000000013,LDA,1,1,INVARIANT,-153.1709525654358
cc-pvdz,0.40000000000000013,LDA,1,3,INVARIANT,-153.15382613736398
cc-pvdz,0.40000000000000013,LDA,2,1,INVARIANT,-153.07932233493236
cc-pvdz,0.40000000000000013,LDA,2,3,INVARIANT,-153.06972682396454
cc-pvdz,0.40000000000000013,LDA,3,3,INVARIANT,-153.040772476127
cc-pvdz,0.40000000000000013,LDA,3,1,INVARIANT,-152.99500972358078
cc-pvdz,0.40000000000000013,LDA,1,5,INVARIANT,-152.97689432223075
cc-pvdz,0.40000000000000013,LDA,4,3,INVARIANT,-152.8472033038548
cc-pvdz,0.40000000000000013,LDA,4,1,INVARIANT,-152.834219775457
cc-pvdz,0.40000000000000013,LDA,5,3,INVARIANT,-152.81817294299418
cc-pvdz,0.40000000000000013,LDA,5,1,INVARIANT,-152.79911598097712
cc-pvdz,0.40000000000000013,LDA,6,1,INVARIANT,-152.7689766397433
cc-pvdz,0.40000000000000013,LDA,6,3,INVARIANT,-152.75927231088647
cc-pvdz,0.40000000000000013,LDA,7,1,INVARIANT,-152.75317918160178
cc-pvdz,0.40000000000000013,LDA,8,1,INVARIANT,-152.70778181217008
cc-pvdz,0.40000000000000013,LDA,7,3,INVARIANT,-152.68496906718042
cc-pvdz,0.40000000000000013,LDA,9,1,INVARIANT,-152.6709175477201
cc-pvdz,0.40000000000000013,LDA,8,3,INVARIANT,-152.67032107212546
cc-pvdz,0.40000000000000013,LDA,9,3,INVARIANT,-152.6404921798237
cc-pvdz,0.40000000000000013,LDA,10,1,INVARIANT,-152.59064021576583
cc-pvdz,0.40000000000000013,LDA,10,3,INVARIANT,-152.58925667334788
cc-pvdz,0.40000000000000013,LDA,11,3,INVARIANT,-152.57290112649284
cc-pvdz,0.40000000000000013,LDA,12,3,INVARIANT,-152.54422135247438
cc-pvdz,0.40000000000000013,LDA,11,1,INVARIANT,-152.53113067575154
cc-pvdz,0.40000000000000013,LDA,12,1,INVARIANT,-152.50272231319073
cc-pvdz,0.40000000000000013,LDA,13,3,INVARIANT,-152.4494686774334
cc-pvdz,0.40000000000000013,LDA,13,1,INVARIANT,-152.4371111465081
cc-pvdz,0.40000000000000013,LDA,14,3,INVARIANT,-152.4035384739602
cc-pvdz,0.40000000000000013,LDA,14,1,INVARIANT,-152.3937180614194
cc-pvdz,0.40000000000000013,LDA,15,1,INVARIANT,-152.37196414751676
cc-pvdz,0.40000000000000013,LDA,15,3,INVARIANT,-152.27882852410485
cc-pvdz,0.40000000000000013,LDA,16,1,INVARIANT,-152.1908284923415
cc-pvdz,0.40000000000000013,LDA,17,1,INVARIANT,-152.15443527168298
cc-pvdz,0.40000000000000013,LDA,18,1,INVARIANT,-152.13870435218843
cc-pvdz,0.40000000000000013,LDA,19,1,INVARIANT,-152.11691904962478
cc-pvdz,0.40000000000000013,LDA,20,1,INVARIANT,-152.06934977434364
cc-pvdz,0.5,LDA,1,1,INVARIANT,-153.17193850130428
cc-pvdz,0.5,LDA,1,3,INVARIANT,-153.15115754623085
cc-pvdz,0.5,LDA,2,1,INVARIANT,-153.07325250374032
cc-pvdz,0.5,LDA,2,3,INVARIANT,-153.06969845521536
cc-pvdz,0.5,LDA,3,3,INVARIANT,-153.03521472376525
cc-pvdz,0.5,LDA,3,1,INVARIANT,-152.99237046880663
cc-pvdz,0.5,LDA,1,5,INVARIANT,-152.97387612984159
cc-pvdz,0.5,LDA,4,3,INVARIANT,-152.8470721563596
cc-pvdz,0.5,LDA,4,1,INVARIANT,-152.83441516420388
cc-pvdz,0.5,LDA,5,3,INVARIANT,-152.8127366676333
cc-pvdz,0.5,LDA,5,1,INVARIANT,-152.79312743586007
cc-pvdz,0.5,LDA,6,1,INVARIANT,-152.76553783016053
cc-pvdz,0.5,LDA,6,3,INVARIANT,-152.7600905663146
cc-pvdz,0.5,LDA,7,1,INVARIANT,-152.75462277864952
cc-pvdz,0.5,LDA,8,1,INVARIANT,-152.7011093904441
cc-pvdz,0.5,LDA,7,3,INVARIANT,-152.68319302106278
cc-pvdz,0.5,LDA,9,1,INVARIANT,-152.6724259157798
cc-pvdz,0.5,LDA,8,3,INVARIANT,-152.66668471302913
cc-pvdz,0.5,LDA,9,3,INVARIANT,-152.6335456696295
cc-pvdz,0.5,LDA,10,1,INVARIANT,-152.5877372026446
cc-pvdz,0.5,LDA,10,3,INVARIANT,-152.58578390346725
cc-pvdz,0.5,LDA,11,3,INVARIANT,-152.57197349809843
cc-pvdz,0.5,LDA,12,3,INVARIANT,-152.5387032385151
cc-pvdz,0.5,LDA,11,1,INVARIANT,-152.52347107069093
cc-pvdz,0.5,LDA,12,1,INVARIANT,-152.50021312533184
cc-pvdz,0.5,LDA,13,3,INVARIANT,-152.4502499554427
cc-pvdz,0.5,LDA,13,1,INVARIANT,-152.43782695415757
cc-pvdz,0.5,LDA,14,3,INVARIANT,-152.39629022439843
cc-pvdz,0.5,LDA,14,1,INVARIANT,-152.38660623048918
cc-pvdz,0.5,LDA,15,1,INVARIANT,-152.3703750512763
cc-pvdz,0.5,LDA,15,3,INVARIANT,-152.2754322119533
cc-pvdz,0.5,LDA,16,1,INVARIANT,-152.18782301156017
cc-pvdz,0.5,LDA,17,1,INVARIANT,-152.15275229187804
cc-pvdz,0.5,LDA,18,1,INVARIANT,-152.13368069710367
cc-pvdz,0.5,LDA,19,1,INVARIANT,-152.1134267503992
cc-pvdz,0.5,LDA,20,1,INVARIANT,-152.06417942933479
cc-pvdz,0.6000000000000001,LDA,1,1,INVARIANT,-153.17273134409203
cc-pvdz,0.6000000000000001,LDA,1,3,INVARIANT,-153.14795771450522
cc-pvdz,0.6000000000000001,LDA,2,3,INVARIANT,-153.06907662462902
cc-pvdz,0.6000000000000001,LDA,2,1,INVARIANT,-153.06634468886583
cc-pvdz,0.6000000000000001,LDA,3,3,INVARIANT,-153.02907054484373
cc-pvdz,0.6000000000000001,LDA,3,1,INVARIANT,-152.9891985655847
cc-pvdz,0.6000000000000001,LDA,1,5,INVARIANT,-152.9701982830819
cc-pvdz,0.6000000000000001,LDA,4,3,INVARIANT,-152.8463477176503
cc-pvdz,0.6000000000000001,LDA,4,1,INVARIANT,-152.83400485657617
cc-pvdz,0.6000000000000001,LDA,5,3,INVARIANT,-152.80671838222878
cc-pvdz,0.6000000000000001,LDA,5,1,INVARIANT,-152.78653189155682
cc-pvdz,0.6000000000000001,LDA,6,1,INVARIANT,-152.76138381027044
cc-pvdz,0.6000000000000001,LDA,6,3,INVARIANT,-152.76058911953936
cc-pvdz,0.6000000000000001,LDA,7,1,INVARIANT,-152.7554934204836
cc-pvdz,0.6000000000000001,LDA,8,1,INVARIANT,-152.69387245431028
cc-pvdz,0.6000000000000001,LDA,7,3,INVARIANT,-152.680828922256
cc-pvdz,0.6000000000000001,LDA,9,1,INVARIANT,-152.67368643737183
cc-pvdz,0.6000000000000001,LDA,8,3,INVARIANT,-152.66238412184723
cc-pvdz,0.6000000000000001,LDA,9,3,INVARIANT,-152.62558616914842
cc-pvdz,0.6000000000000001,LDA,10,1,INVARIANT,-152.58417958303366
cc-pvdz,0.6000000000000001,LDA,10,3,INVARIANT,-152.58159067190095
cc-pvdz,0.6000000000000001,LDA,11,3,INVARIANT,-152.57031782888652
cc-pvdz,0.6000000000000001,LDA,12,3,INVARIANT,-152.53244727378643
cc-pvdz,0.6000000000000001,LDA,11,1,INVARIANT,-152.51473323675708
cc-pvdz,0.6000000000000001,LDA,12,1,INVARIANT,-152.49709443635453
cc-pvdz,0.6000000000000001,LDA,13,3,INVARIANT,-152.4502770574654
cc-pvdz,0.6000000000000001,LDA,13,1,INVARIANT,-152.4377955518154
cc-pvdz,0.6000000000000001,LDA,14,3,INVARIANT,-152.3883095810377
cc-pvdz,0.6000000000000001,LDA,14,1,INVARIANT,-152.37876256847255
cc-pvdz,0.6000000000000001,LDA,15,1,INVARIANT,-152.36830464365673
cc-pvdz,0.6000000000000001,LDA,15,3,INVARIANT,-152.27122368068342
cc-pvdz,0.6000000000000001,LDA,16,1,INVARIANT,-152.18405670055046
cc-pvdz,0.6000000000000001,LDA,17,1,INVARIANT,-152.15030217957354
cc-pvdz,0.6000000000000001,LDA,18,1,INVARIANT,-152.12790156486736
cc-pvdz,0.6000000000000001,LDA,19,1,INVARIANT,-152.1090963229923
cc-pvdz,0.6000000000000001,LDA,20,1,INVARIANT,-152.0579937328099
cc-pvdz,0.7000000000000002,LDA,1,1,INVARIANT,-153.1732643735764
cc-pvdz,0.7000000000000002,LDA,1,3,INVARIANT,-153.1442258848006
cc-pvdz,0.7000000000000002,LDA,2,3,INVARIANT,-153.0678614465523
cc-pvdz,0.7000000000000002,LDA,2,1,INVARIANT,-153.0586637263041
cc-pvdz,0.7000000000000002,LDA,3,3,INVARIANT,-153.02233810664964
cc-pvdz,0.7000000000000002,LDA,3,1,INVARIANT,-152.98549340992153
cc-pvdz,0.7000000000000002,LDA,1,5,INVARIANT,-152.96585998073473
cc-pvdz,0.7000000000000002,LDA,4,3,INVARIANT,-152.84502996147046
cc-pvdz,0.7000000000000002,LDA,4,1,INVARIANT,-152.83298954166114
cc-pvdz,0.7000000000000002,LDA,5,3,INVARIANT,-152.80011746582622
cc-pvdz,0.7000000000000002,LDA,5,1,INVARIANT,-152.77932745748834
cc-pvdz,0.7000000000000002,LDA,6,3,INVARIANT,-152.76070680487294
cc-pvdz,0.7000000000000002,LDA,6,1,INVARIANT,-152.75651430498124
cc-pvdz,0.7000000000000002,LDA,7,1,INVARIANT,-152.75579175091318
cc-pvdz,0.7000000000000002,LDA,8,1,INVARIANT,-152.68606923715782
cc-pvdz,0.7000000000000002,LDA,7,3,INVARIANT,-152.6778605569264
cc-pvdz,0.7000000000000002,LDA,9,1,INVARIANT,-152.67462643745196
cc-pvdz,0.7000000000000002,LDA,8,3,INVARIANT,-152.65743425998636
cc-pvdz,0.7000000000000002,LDA,9,3,INVARIANT,-152.61667345872834
cc-pvdz,0.7000000000000002,LDA,10,1,INVARIANT,-152.57996792474228
cc-pvdz,0.7000000000000002,LDA,10,3,INVARIANT,-152.5766760596455
cc-pvdz,0.7000000000000002,LDA,11,3,INVARIANT,-152.567936043056
cc-pvdz,0.7000000000000002,LDA,12,3,INVARIANT,-152.52545096734914
cc-pvdz,0.7000000000000002,LDA,11,1,INVARIANT,-152.5049886221252
cc-pvdz,0.7000000000000002,LDA,12,1,INVARIANT,-152.49336160685982
cc-pvdz,0.7000000000000002,LDA,13,3,INVARIANT,-152.44954828845886
cc-pvdz,0.7000000000000002,LDA,13,1,INVARIANT,-152.43701570369024
cc-pvdz,0.7000000000000002,LDA,14,3,INVARIANT,-152.3795949324327
cc-pvdz,0.7000000000000002,LDA,14,1,INVARIANT,-152.3701853524653
cc-pvdz,0.7000000000000002,LDA,15,1,INVARIANT,-152.3657444701925
cc-pvdz,0.7000000000000002,LDA,15,3,INVARIANT,-152.26620189105864
cc-pvdz,0.7000000000000002,LDA,16,1,INVARIANT,-152.17952832055022
cc-pvdz,0.7000000000000002,LDA,17,1,INVARIANT,-152.14708307980763
cc-pvdz,0.7000000000000002,LDA,18,1,INVARIANT,-152.12136820672737
cc-pvdz,0.7000000000000002,LDA,19,1,INVARIANT,-152.10392896190712
cc-pvdz,0.7000000000000002,LDA,20,1,INVARIANT,-152.0507999597507
cc-pvdz,0.8,LDA,1,1,INVARIANT,-153.17348366335503
cc-pvdz,0.8,LDA,1,3,INVARIANT,-153.13995973545147
cc-pvdz,0.8,LDA,2,3,INVARIANT,-153.0660514570722
cc-pvdz,0.8,LDA,2,1,INVARIANT,-153.0502584522389
cc-pvdz,0.8,LDA,3,3,INVARIANT,-153.01501396845276
cc-pvdz,0.8,LDA,3,1,INVARIANT,-152.98125287610034
cc-pvdz,0.8,LDA,1,5,INVARIANT,-152.96085881590093
cc-pvdz,0.8,LDA,4,3,INVARIANT,-152.84311732475885
cc-pvdz,0.8,LDA,4,1,INVARIANT,-152.83136834422336
cc-pvdz,0.8,LDA,5,3,INVARIANT,-152.7929317759805
cc-pvdz,0.8,LDA,5,1,INVARIANT,-152.77151066766731
cc-pvdz,0.8,LDA,6,3,INVARIANT,-152.7603920839052
cc-pvdz,0.8,LDA,6,1,INVARIANT,-152.75551682546646
cc-pvdz,0.8,LDA,7,1,INVARIANT,-152.7509275158761
cc-pvdz,0.8,LDA,8,1,INVARIANT,-152.67769650214245
cc-pvdz,0.8,LDA,9,1,INVARIANT,-152.6751849152225
cc-pvdz,0.8,LDA,7,3,INVARIANT,-152.67427514674998
cc-pvdz,0.8,LDA,8,3,INVARIANT,-152.65184352036516
cc-pvdz,0.8,LDA,9,3,INVARIANT,-152.60685445899418
cc-pvdz,0.8,LDA,10,1,INVARIANT,-152.57510136929858
cc-pvdz,0.8,LDA,10,3,INVARIANT,-152.57103749585042
cc-pvdz,0.8,LDA,11,3,INVARIANT,-152.56482856347554
cc-pvdz,0.8,LDA,12,3,INVARIANT,-152.51771019676787
cc-pvdz,0.8,LDA,11,1,INVARIANT,-152.49429380339706
cc-pvdz,0.8,LDA,12,1,INVARIANT,-152.48900799230077
cc-pvdz,0.8,LDA,13,3,INVARIANT,-152.44806014815086
cc-pvdz,0.8,LDA,13,1,INVARIANT,-152.43548438041125
cc-pvdz,0.8,LDA,14,3,INVARIANT,-152.3701429781881
cc-pvdz,0.8,LDA,14,1,INVARIANT,-152.36268408452565
cc-pvdz,0.8,LDA,15,1,INVARIANT,-152.36087118458403
cc-pvdz,0.8,LDA,15,3,INVARIANT,-152.26036412610694
cc-pvdz,0.8,LDA,16,1,INVARIANT,-152.1742349319054
cc-pvdz,0.8,LDA,17,1,INVARIANT,-152.14309152145492
cc-pvdz,0.8,LDA,18,1,INVARIANT,-152.1140802952539
cc-pvdz,0.8,LDA,19,1,INVARIANT,-152.09792531073418
cc-pvdz,0.8,LDA,20,1,INVARIANT,-152.0426031653713
cc-pvdz,0.9000000000000001,LDA,1,1,INVARIANT,-153.17334548725412
cc-pvdz,0.9000000000000001,LDA,1,3,INVARIANT,-153.1351553916394
cc-pvdz,0.9000000000000001,LDA,2,3,INVARIANT,-153.06364362640983
cc-pvdz,0.9000000000000001,LDA,2,1,INVARIANT,-153.0411643179544
cc-pvdz,0.9000000000000001,LDA,3,3,INVARIANT,-153.00709309260404
cc-pvdz,0.9000000000000001,LDA,3,1,INVARIANT,-152.97647332843758
cc-pvdz,0.9000000000000001,LDA,1,5,INVARIANT,-152.9551907883659
cc-pvdz,0.9000000000000001,LDA,4,3,INVARIANT,-152.8406067176323
cc-pvdz,0.9000000000000001,LDA,4,1,INVARIANT,-152.82913883887076
cc-pvdz,0.9000000000000001,LDA,5,3,INVARIANT,-152.78515765922413
cc-pvdz,0.9000000000000001,LDA,5,1,INVARIANT,-152.7630764916451
cc-pvdz,0.9000000000000001,LDA,6,3,INVARIANT,-152.75960157025096
cc-pvdz,0.9000000000000001,LDA,6,1,INVARIANT,-152.7546661199891
cc-pvdz,0.9000000000000001,LDA,7,1,INVARIANT,-152.74462013580222
cc-pvdz,0.9000000000000001,LDA,8,1,INVARIANT,-152.67531082954204
cc-pvdz,0.9000000000000001,LDA,7,3,INVARIANT,-152.67006154659697
cc-pvdz,0.9000000000000001,LDA,9,1,INVARIANT,-152.66874956652757
cc-pvdz,0.9000000000000001,LDA,8,3,INVARIANT,-152.64561553343347
cc-pvdz,0.9000000000000001,LDA,9,3,INVARIANT,-152.59616472986778
cc-pvdz,0.9000000000000001,LDA,10,1,INVARIANT,-152.56957764755379
cc-pvdz,0.9000000000000001,LDA,10,3,INVARIANT,-152.5646707908345
cc-pvdz,0.9000000000000001,LDA,11,3,INVARIANT,-152.56099433538773
cc-pvdz,0.9000000000000001,LDA,12,3,INVARIANT,-152.5092192169597
cc-pvdz,0.9000000000000001,LDA,11,1,INVARIANT,-152.4840249792647
cc-pvdz,0.9000000000000001,LDA,12,1,INVARIANT,-152.48269222505826
cc-pvdz,0.9000000000000001,LDA,13,3,INVARIANT,-152.44580733715088
cc-pvdz,0.9000000000000001,LDA,13,1,INVARIANT,-152.4331967611559
cc-pvdz,0.9000000000000001,LDA,14,3,INVARIANT,-152.35994874589966
cc-pvdz,0.9000000000000001,LDA,14,1,INVARIANT,-152.3591112063913
cc-pvdz,0.9000000000000001,LDA,15,1,INVARIANT,-152.3508150090005
cc-pvdz,0.9000000000000001,LDA,15,3,INVARIANT,-152.25370600620312
cc-pvdz,0.9000000000000001,LDA,16,1,INVARIANT,-152.16817190666558
cc-pvdz,0.9000000000000001,LDA,17,1,INVARIANT,-152.13832242751022
cc-pvdz,0.9000000000000001,LDA,18,1,INVARIANT,-152.1060359363603
cc-pvdz,0.9000000000000001,LDA,19,1,INVARIANT,-152.09108527988963
cc-pvdz,0.9000000000000001,LDA,20,1,INVARIANT,-152.0334062216554
cc-pvdz,1.0,LDA,1,1,INVARIANT,-153.1728138206709
cc-pvdz,1.0,LDA,1,3,INVARIANT,-153.1298074340511
cc-pvdz,1.0,LDA,2,3,INVARIANT,-153.0606333688571
cc-pvdz,1.0,LDA,2,1,INVARIANT,-153.0314059053421
cc-pvdz,1.0,LDA,3,3,INVARIANT,-152.99856885341626
cc-pvdz,1.0,LDA,3,1,INVARIANT,-152.9711496306437
cc-pvdz,1.0,LDA,1,5,INVARIANT,-152.94885031465785
cc-pvdz,1.0,LDA,4,3,INVARIANT,-152.83749353112057
cc-pvdz,1.0,LDA,4,1,INVARIANT,-152.82629706189468
cc-pvdz,1.0,LDA,5,3,INVARIANT,-152.77678995858014
cc-pvdz,1.0,LDA,6,3,INVARIANT,-152.75829838972757
cc-pvdz,1.0,LDA,5,1,INVARIANT,-152.75401834325277
cc-pvdz,1.0,LDA,6,1,INVARIANT,-152.75323553706446
cc-pvdz,1.0,LDA,7,1,INVARIANT,-152.73758736074257
cc-pvdz,1.0,LDA,8,1,INVARIANT,-152.6749611650591
cc-pvdz,1.0,LDA,7,3,INVARIANT,-152.66520913631987
cc-pvdz,1.0,LDA,9,1,INVARIANT,-152.65922232385327
cc-pvdz,1.0,LDA,8,3,INVARIANT,-152.63875027530128
cc-pvdz,1.0,LDA,9,3,INVARIANT,-152.5846301293211
cc-pvdz,1.0,LDA,10,1,INVARIANT,-152.56339309188317
cc-pvdz,1.0,LDA,10,3,INVARIANT,-152.55757016576882
cc-pvdz,1.0,LDA,11,3,INVARIANT,-152.55643084734885
cc-pvdz,1.0,LDA,12,3,INVARIANT,-152.4999706670448
cc-pvdz,1.0,LDA,11,1,INVARIANT,-152.4784020220193
cc-pvdz,1.0,LDA,12,1,INVARIANT,-152.47021615349962
cc-pvdz,1.0,LDA,13,3,INVARIANT,-152.44278276151718
cc-pvdz,1.0,LDA,13,1,INVARIANT,-152.43014623318007
cc-pvdz,1.0,LDA,14,1,INVARIANT,-152.3550118647243
cc-pvdz,1.0,LDA,14,3,INVARIANT,-152.34900560538222
cc-pvdz,1.0,LDA,15,1,INVARIANT,-152.34001012629588
cc-pvdz,1.0,LDA,15,3,INVARIANT,-152.24622150194625
cc-pvdz,1.0,LDA,16,1,INVARIANT,-152.1613329387336
cc-pvdz,1.0,LDA,17,1,INVARIANT,-152.13276912294359
cc-pvdz,1.0,LDA,18,1,INVARIANT,-152.09723167871866
cc-pvdz,1.0,LDA,19,1,INVARIANT,-152.08340786878296
cc-pvdz,1.0,LDA,20,1,INVARIANT,-152.02320985551236
cc-pvdz,-1.0,LDA,1,1,INVARIANT_MIX,-153.0910769767024
cc-pvdz,-1.0,LDA,1,3,INVARIANT_MIX,-153.03750964970573
cc-pvdz,-1.0,LDA,2,3,INVARIANT_MIX,-153.03750964970564
cc-pvdz,-1.0,LDA,3,3,INVARIANT_MIX,-153.03750964970564
cc-pvdz,-1.0,LDA,4,3,INVARIANT_MIX,-152.9560879200014
cc-pvdz,-1.0,LDA,5,3,INVARIANT_MIX,-152.9560879200013
cc-pvdz,-1.0,LDA,6,3,INVARIANT_MIX,-152.95608792000127
cc-pvdz,-1.0,LDA,2,1,INVARIANT_MIX,-152.9340304078157
cc-pvdz,-1.0,LDA,3,1,INVARIANT_MIX,-152.91711074319846
cc-pvdz,-1.0,LDA,7,3,INVARIANT_MIX,-152.88534662425494
cc-pvdz,-1.0,LDA,8,3,INVARIANT_MIX,-152.88534662425485
cc-pvdz,-1.0,LDA,9,3,INVARIANT_MIX,-152.88534662425468
cc-pvdz,-1.0,LDA,1,5,INVARIANT_MIX,-152.8209038964991
cc-pvdz,-1.0,LDA,2,5,INVARIANT_MIX,-152.82090389649898
cc-pvdz,-1.0,LDA,3,5,INVARIANT_MIX,-152.8209038964989
cc-pvdz,-1.0,LDA,4,5,INVARIANT_MIX,-152.8209038964989
cc-pvdz,-1.0,LDA,5,5,INVARIANT_MIX,-152.8209038964988
cc-pvdz,-1.0,LDA,10,3,INVARIANT_MIX,-152.7711099156245
cc-pvdz,-1.0,LDA,11,3,INVARIANT_MIX,-152.77110991562438
cc-pvdz,-1.0,LDA,12,3,INVARIANT_MIX,-152.77110991562435
cc-pvdz,-1.0,LDA,4,1,INVARIANT_MIX,-152.76485179622355
cc-pvdz,-1.0,LDA,13,3,INVARIANT_MIX,-152.7077797659746
cc-pvdz,-1.0,LDA,14,3,INVARIANT_MIX,-152.7077797659742
cc-pvdz,-1.0,LDA,15,3,INVARIANT_MIX,-152.70777976597412
cc-pvdz,-1.0,LDA,5,1,INVARIANT_MIX,-152.70017388129546
cc-pvdz,-1.0,LDA,6,1,INVARIANT_MIX,-152.6939666515357
cc-pvdz,-1.0,LDA,16,3,INVARIANT_MIX,-152.68289772861056
cc-pvdz,-1.0,LDA,17,3,INVARIANT_MIX,-152.68289772861007
cc-pvdz,-1.0,LDA,18,3,INVARIANT_MIX,-152.68289772860984
cc-pvdz,-1.0,LDA,7,1,INVARIANT_MIX,-152.67428508641578
cc-pvdz,-1.0,LDA,8,1,INVARIANT_MIX,-152.61660082443512
cc-pvdz,-1.0,LDA,9,1,INVARIANT_MIX,-152.6011194195834
cc-pvdz,-1.0,LDA,19,3,INVARIANT_MIX,-152.5926138930033
cc-pvdz,-1.0,LDA,20,3,INVARIANT_MIX,-152.5926138930031
cc-pvdz,-1.0,LDA,21,3,INVARIANT_MIX,-152.59261389300298
cc-pvdz,-1.0,LDA,22,3,INVARIANT_MIX,-152.5688660575312
cc-pvdz,-1.0,LDA,23,3,INVARIANT_MIX,-152.5688660575312
cc-pvdz,-1.0,LDA,24,3,INVARIANT_MIX,-152.56886605753107
cc-pvdz,-1.0,LDA,25,3,INVARIANT_MIX,-152.5142149625484
cc-pvdz,-1.0,LDA,26,3,INVARIANT_MIX,-152.51421496254838
cc-pvdz,-1.0,LDA,27,3,INVARIANT_MIX,-152.51421496254838
cc-pvdz,-1.0,LDA,10,1,INVARIANT_MIX,-152.50057399490723
cc-pvdz,-1.0,LDA,28,3,INVARIANT_MIX,-152.4932398308434
cc-pvdz,-1.0,LDA,29,3,INVARIANT_MIX,-152.4932398308432
cc-pvdz,-1.0,LDA,30,3,INVARIANT_MIX,-152.49323983084304
cc-pvdz,-1.0,LDA,31,3,INVARIANT_MIX,-152.48274662159943
cc-pvdz,-1.0,LDA,32,3,INVARIANT_MIX,-152.4827466215993
cc-pvdz,-1.0,LDA,33,3,INVARIANT_MIX,-152.48274662159923
cc-pvdz,-1.0,LDA,11,1,INVARIANT_MIX,-152.4245839914493
cc-pvdz,-1.0,LDA,34,3,INVARIANT_MIX,-152.4213404992002
cc-pvdz,-1.0,LDA,35,3,INVARIANT_MIX,-152.42134049920017
cc-pvdz,-1.0,LDA,36,3,INVARIANT_MIX,-152.42134049920003
cc-pvdz,-1.0,LDA,12,1,INVARIANT_MIX,-152.41961507468568
cc-pvdz,-1.0,LDA,37,3,INVARIANT_MIX,-152.37639356109275
cc-pvdz,-1.0,LDA,38,3,INVARIANT_MIX,-152.3763935610927
cc-pvdz,-1.0,LDA,39,3,INVARIANT_MIX,-152.3763935610924
cc-pvdz,-1.0,LDA,13,1,INVARIANT_MIX,-152.3694909531523
cc-pvdz,-1.0,LDA,14,1,INVARIANT_MIX,-152.3278041942433
cc-pvdz,-1.0,LDA,40,3,INVARIANT_MIX,-152.28310306401443
cc-pvdz,-1.0,LDA,41,3,INVARIANT_MIX,-152.28310306401434
cc-pvdz,-1.0,LDA,42,3,INVARIANT_MIX,-152.28310306401414
cc-pvdz,-1.0,LDA,15,1,INVARIANT_MIX,-152.27798466383112
cc-pvdz,-1.0,LDA,43,3,INVARIANT_MIX,-152.17739476826355
cc-pvdz,-1.0,LDA,44,3,INVARIANT_MIX,-152.17739476826353
cc-pvdz,-1.0,LDA,45,3,INVARIANT_MIX,-152.1773947682634
cc-pvdz,-1.0,LDA,16,1,INVARIANT_MIX,-152.11451900213487
cc-pvdz,-1.0,LDA,17,1,INVARIANT_MIX,-152.11297760777535
cc-pvdz,-1.0,LDA,18,1,INVARIANT_MIX,-152.08656173003558
cc-pvdz,-1.0,LDA,19,1,INVARIANT_MIX,-152.06756953881418
cc-pvdz,-1.0,LDA,20,1,INVARIANT_MIX,-151.99735422131042
cc-pvdz,-0.9,LDA,1,1,INVARIANT_MIX,-153.0907911950514
cc-pvdz,-0.9,LDA,1,3,INVARIANT_MIX,-153.04282475041992
cc-pvdz,-0.9,LDA,2,3,INVARIANT_MIX,-153.0428247504199
cc-pvdz,-0.9,LDA,3,3,INVARIANT_MIX,-153.04282475041964
cc-pvdz,-0.9,LDA,4,3,INVARIANT_MIX,-152.95872637643873
cc-pvdz,-0.9,LDA,5,3,INVARIANT_MIX,-152.95872637643848
cc-pvdz,-0.9,LDA,6,3,INVARIANT_MIX,-152.95872637643836
cc-pvdz,-0.9,LDA,2,1,INVARIANT_MIX,-152.94465400738045
cc-pvdz,-0.9,LDA,3,1,INVARIANT_MIX,-152.92243189633038
cc-pvdz,-0.9,LDA,7,3,INVARIANT_MIX,-152.89418815877252
cc-pvdz,-0.9,LDA,8,3,INVARIANT_MIX,-152.89418815877238
cc-pvdz,-0.9,LDA,9,3,INVARIANT_MIX,-152.89418815877218
cc-pvdz,-0.9,LDA,1,5,INVARIANT_MIX,-152.82720735067952
cc-pvdz,-0.9,LDA,2,5,INVARIANT_MIX,-152.82720735067946
cc-pvdz,-0.9,LDA,3,5,INVARIANT_MIX,-152.82720735067937
cc-pvdz,-0.9,LDA,4,5,INVARIANT_MIX,-152.82720735067934
cc-pvdz,-0.9,LDA,5,5,INVARIANT_MIX,-152.82720735067926
cc-pvdz,-0.9,LDA,10,3,INVARIANT_MIX,-152.7741398114688
cc-pvdz,-0.9,LDA,11,3,INVARIANT_MIX,-152.7741398114686
cc-pvdz,-0.9,LDA,12,3,INVARIANT_MIX,-152.7741398114685
cc-pvdz,-0.9,LDA,4,1,INVARIANT_MIX,-152.76773314917946
cc-pvdz,-0.9,LDA,13,3,INVARIANT_MIX,-152.7162729978345
cc-pvdz,-0.9,LDA,14,3,INVARIANT_MIX,-152.71627299783447
cc-pvdz,-0.9,LDA,15,3,INVARIANT_MIX,-152.71627299783412
cc-pvdz,-0.9,LDA,5,1,INVARIANT_MIX,-152.70295496273283
cc-pvdz,-0.9,LDA,6,1,INVARIANT_MIX,-152.70133977549824
cc-pvdz,-0.9,LDA,16,3,INVARIANT_MIX,-152.68362959516622
cc-pvdz,-0.9,LDA,17,3,INVARIANT_MIX,-152.68362959516605
cc-pvdz,-0.9,LDA,18,3,INVARIANT_MIX,-152.68362959516585
cc-pvdz,-0.9,LDA,7,1,INVARIANT_MIX,-152.68111124475175
cc-pvdz,-0.9,LDA,8,1,INVARIANT_MIX,-152.61650586728754
cc-pvdz,-0.9,LDA,9,1,INVARIANT_MIX,-152.61081675612692
cc-pvdz,-0.9,LDA,19,3,INVARIANT_MIX,-152.59759217039758
cc-pvdz,-0.9,LDA,20,3,INVARIANT_MIX,-152.59759217039752
cc-pvdz,-0.9,LDA,21,3,INVARIANT_MIX,-152.59759217039735
cc-pvdz,-0.9,LDA,22,3,INVARIANT_MIX,-152.57569033695896
cc-pvdz,-0.9,LDA,23,3,INVARIANT_MIX,-152.57569033695884
cc-pvdz,-0.9,LDA,24,3,INVARIANT_MIX,-152.57569033695856
cc-pvdz,-0.9,LDA,25,3,INVARIANT_MIX,-152.5262726566734
cc-pvdz,-0.9,LDA,26,3,INVARIANT_MIX,-152.52627265667337
cc-pvdz,-0.9,LDA,27,3,INVARIANT_MIX,-152.52627265667337
cc-pvdz,-0.9,LDA,10,1,INVARIANT_MIX,-152.5067807600553
cc-pvdz,-0.9,LDA,28,3,INVARIANT_MIX,-152.50024593906826
cc-pvdz,-0.9,LDA,29,3,INVARIANT_MIX,-152.50024593906824
cc-pvdz,-0.9,LDA,30,3,INVARIANT_MIX,-152.50024593906815
cc-pvdz,-0.9,LDA,31,3,INVARIANT_MIX,-152.48707241904435
cc-pvdz,-0.9,LDA,32,3,INVARIANT_MIX,-152.48707241904413
cc-pvdz,-0.9,LDA,33,3,INVARIANT_MIX,-152.48707241904404
cc-pvdz,-0.9,LDA,11,1,INVARIANT_MIX,-152.43743119122342
cc-pvdz,-0.9,LDA,34,3,INVARIANT_MIX,-152.43075910213108
cc-pvdz,-0.9,LDA,35,3,INVARIANT_MIX,-152.4307591021306
cc-pvdz,-0.9,LDA,36,3,INVARIANT_MIX,-152.43075910213042
cc-pvdz,-0.9,LDA,12,1,INVARIANT_MIX,-152.42501527283542
cc-pvdz,-0.9,LDA,37,3,INVARIANT_MIX,-152.379371893119
cc-pvdz,-0.9,LDA,38,3,INVARIANT_MIX,-152.3793718931187
cc-pvdz,-0.9,LDA,39,3,INVARIANT_MIX,-152.37937189311867
cc-pvdz,-0.9,LDA,13,1,INVARIANT_MIX,-152.37245946995097
cc-pvdz,-0.9,LDA,14,1,INVARIANT_MIX,-152.33215546042726
cc-pvdz,-0.9,LDA,40,3,INVARIANT_MIX,-152.29399348492882
cc-pvdz,-0.9,LDA,41,3,INVARIANT_MIX,-152.2939934849283
cc-pvdz,-0.9,LDA,42,3,INVARIANT_MIX,-152.29399348492817
cc-pvdz,-0.9,LDA,15,1,INVARIANT_MIX,-152.2888078608901
cc-pvdz,-0.9,LDA,43,3,INVARIANT_MIX,-152.18481566849556
cc-pvdz,-0.9,LDA,44,3,INVARIANT_MIX,-152.18481566849533
cc-pvdz,-0.9,LDA,45,3,INVARIANT_MIX,-152.1848156684953
cc-pvdz,-0.9,LDA,16,1,INVARIANT_MIX,-152.12143061132335
cc-pvdz,-0.9,LDA,17,1,INVARIANT_MIX,-152.1189273909914
cc-pvdz,-0.9,LDA,18,1,INVARIANT_MIX,-152.09504077172826
cc-pvdz,-0.9,LDA,19,1,INVARIANT_MIX,-152.0744381795352
cc-pvdz,-0.9,LDA,20,1,INVARIANT_MIX,-152.00829139173732
cc-pvdz,-0.8,LDA,1,1,INVARIANT_MIX,-153.09009873074925
cc-pvdz,-0.8,LDA,1,3,INVARIANT_MIX,-153.0475990827493
cc-pvdz,-0.8,LDA,2,3,INVARIANT_MIX,-153.04759908274926
cc-pvdz,-0.8,LDA,3,3,INVARIANT_MIX,-153.04759908274917
cc-pvdz,-0.8,LDA,4,3,INVARIANT_MIX,-152.9607621149441
cc-pvdz,-0.8,LDA,5,3,INVARIANT_MIX,-152.9607621149441
cc-pvdz,-0.8,LDA,6,3,INVARIANT_MIX,-152.96076211494406
cc-pvdz,-0.8,LDA,2,1,INVARIANT_MIX,-152.95462700271185
cc-pvdz,-0.8,LDA,3,1,INVARIANT_MIX,-152.92721006229985
cc-pvdz,-0.8,LDA,7,3,INVARIANT_MIX,-152.90242960433406
cc-pvdz,-0.8,LDA,8,3,INVARIANT_MIX,-152.902429604334
cc-pvdz,-0.8,LDA,9,3,INVARIANT_MIX,-152.90242960433358
cc-pvdz,-0.8,LDA,1,5,INVARIANT_MIX,-152.83283851865383
cc-pvdz,-0.8,LDA,2,5,INVARIANT_MIX,-152.8328385186538
cc-pvdz,-0.8,LDA,3,5,INVARIANT_MIX,-152.83283851865377
cc-pvdz,-0.8,LDA,4,5,INVARIANT_MIX,-152.83283851865372
cc-pvdz,-0.8,LDA,5,5,INVARIANT_MIX,-152.83283851865363
cc-pvdz,-0.8,LDA,10,3,INVARIANT_MIX,-152.776565494094
cc-pvdz,-0.8,LDA,11,3,INVARIANT_MIX,-152.77656549409397
cc-pvdz,-0.8,LDA,12,3,INVARIANT_MIX,-152.77656549409392
cc-pvdz,-0.8,LDA,4,1,INVARIANT_MIX,-152.7700022910708
cc-pvdz,-0.8,LDA,13,3,INVARIANT_MIX,-152.72416742260853
cc-pvdz,-0.8,LDA,14,3,INVARIANT_MIX,-152.7241674226085
cc-pvdz,-0.8,LDA,15,3,INVARIANT_MIX,-152.72416742260808
cc-pvdz,-0.8,LDA,5,1,INVARIANT_MIX,-152.71131968464186
cc-pvdz,-0.8,LDA,6,1,INVARIANT_MIX,-152.70192639060915
cc-pvdz,-0.8,LDA,7,1,INVARIANT_MIX,-152.6872233031839
cc-pvdz,-0.8,LDA,16,3,INVARIANT_MIX,-152.68381078436812
cc-pvdz,-0.8,LDA,17,3,INVARIANT_MIX,-152.68381078436812
cc-pvdz,-0.8,LDA,18,3,INVARIANT_MIX,-152.68381078436812
cc-pvdz,-0.8,LDA,8,1,INVARIANT_MIX,-152.61993956083242
cc-pvdz,-0.8,LDA,9,1,INVARIANT_MIX,-152.6158867145717
cc-pvdz,-0.8,LDA,19,3,INVARIANT_MIX,-152.6019263357683
cc-pvdz,-0.8,LDA,20,3,INVARIANT_MIX,-152.6019263357679
cc-pvdz,-0.8,LDA,21,3,INVARIANT_MIX,-152.60192633576764
cc-pvdz,-0.8,LDA,22,3,INVARIANT_MIX,-152.58187343206995
cc-pvdz,-0.8,LDA,23,3,INVARIANT_MIX,-152.58187343206987
cc-pvdz,-0.8,LDA,24,3,INVARIANT_MIX,-152.5818734320697
cc-pvdz,-0.8,LDA,25,3,INVARIANT_MIX,-152.53752243294986
cc-pvdz,-0.8,LDA,26,3,INVARIANT_MIX,-152.53752243294986
cc-pvdz,-0.8,LDA,27,3,INVARIANT_MIX,-152.53752243294963
cc-pvdz,-0.8,LDA,10,1,INVARIANT_MIX,-152.51232383280842
cc-pvdz,-0.8,LDA,28,3,INVARIANT_MIX,-152.5065228504199
cc-pvdz,-0.8,LDA,29,3,INVARIANT_MIX,-152.50652285041988
cc-pvdz,-0.8,LDA,30,3,INVARIANT_MIX,-152.50652285041957
cc-pvdz,-0.8,LDA,31,3,INVARIANT_MIX,-152.49066429262567
cc-pvdz,-0.8,LDA,32,3,INVARIANT_MIX,-152.49066429262558
cc-pvdz,-0.8,LDA,33,3,INVARIANT_MIX,-152.49066429262538
cc-pvdz,-0.8,LDA,11,1,INVARIANT_MIX,-152.44945413158533
cc-pvdz,-0.8,LDA,34,3,INVARIANT_MIX,-152.43942307274997
cc-pvdz,-0.8,LDA,35,3,INVARIANT_MIX,-152.43942307274952
cc-pvdz,-0.8,LDA,36,3,INVARIANT_MIX,-152.43942307274943
cc-pvdz,-0.8,LDA,12,1,INVARIANT_MIX,-152.42979369633002
cc-pvdz,-0.8,LDA,37,3,INVARIANT_MIX,-152.381584249408
cc-pvdz,-0.8,LDA,38,3,INVARIANT_MIX,-152.38158424940795
cc-pvdz,-0.8,LDA,39,3,INVARIANT_MIX,-152.38158424940775
cc-pvdz,-0.8,LDA,13,1,INVARIANT_MIX,-152.37466768027716
cc-pvdz,-0.8,LDA,14,1,INVARIANT_MIX,-152.33596540793735
cc-pvdz,-0.8,LDA,40,3,INVARIANT_MIX,-152.3041355100851
cc-pvdz,-0.8,LDA,41,3,INVARIANT_MIX,-152.30413551008502
cc-pvdz,-0.8,LDA,42,3,INVARIANT_MIX,-152.30413551008502
cc-pvdz,-0.8,LDA,15,1,INVARIANT_MIX,-152.29888264326846
cc-pvdz,-0.8,LDA,43,3,INVARIANT_MIX,-152.1914136258721
cc-pvdz,-0.8,LDA,44,3,INVARIANT_MIX,-152.191413625872
cc-pvdz,-0.8,LDA,45,3,INVARIANT_MIX,-152.19141362587186
cc-pvdz,-0.8,LDA,16,1,INVARIANT_MIX,-152.12755890769915
cc-pvdz,-0.8,LDA,17,1,INVARIANT_MIX,-152.12409112670719
cc-pvdz,-0.8,LDA,18,1,INVARIANT_MIX,-152.10275261781737
cc-pvdz,-0.8,LDA,19,1,INVARIANT_MIX,-152.08044171824403
cc-pvdz,-0.8,LDA,20,1,INVARIANT_MIX,-152.0182499202072
cc-pvdz,-0.7,LDA,1,1,INVARIANT_MIX,-153.089035824098
cc-pvdz,-0.7,LDA,1,3,INVARIANT_MIX,-153.0518379540935
cc-pvdz,-0.7,LDA,2,3,INVARIANT_MIX,-153.05183795409343
cc-pvdz,-0.7,LDA,3,3,INVARIANT_MIX,-153.05183795409326
cc-pvdz,-0.7,LDA,2,1,INVARIANT_MIX,-152.96392377920935
cc-pvdz,-0.7,LDA,4,3,INVARIANT_MIX,-152.96219974567927
cc-pvdz,-0.7,LDA,5,3,INVARIANT_MIX,-152.96219974567927
cc-pvdz,-0.7,LDA,6,3,INVARIANT_MIX,-152.96219974567896
cc-pvdz,-0.7,LDA,3,1,INVARIANT_MIX,-152.93145031529616
cc-pvdz,-0.7,LDA,7,3,INVARIANT_MIX,-152.91007736271825
cc-pvdz,-0.7,LDA,8,3,INVARIANT_MIX,-152.91007736271803
cc-pvdz,-0.7,LDA,9,3,INVARIANT_MIX,-152.91007736271794
cc-pvdz,-0.7,LDA,1,5,INVARIANT_MIX,-152.83780299774475
cc-pvdz,-0.7,LDA,2,5,INVARIANT_MIX,-152.83780299774466
cc-pvdz,-0.7,LDA,3,5,INVARIANT_MIX,-152.8378029977446
cc-pvdz,-0.7,LDA,4,5,INVARIANT_MIX,-152.8378029977445
cc-pvdz,-0.7,LDA,5,5,INVARIANT_MIX,-152.8378029977445
cc-pvdz,-0.7,LDA,10,3,INVARIANT_MIX,-152.77839149614397
cc-pvdz,-0.7,LDA,11,3,INVARIANT_MIX,-152.7783914961439
cc-pvdz,-0.7,LDA,12,3,INVARIANT_MIX,-152.77839149614343
cc-pvdz,-0.7,LDA,4,1,INVARIANT_MIX,-152.77166324909257
cc-pvdz,-0.7,LDA,13,3,INVARIANT_MIX,-152.73146841836913
cc-pvdz,-0.7,LDA,14,3,INVARIANT_MIX,-152.73146841836902
cc-pvdz,-0.7,LDA,15,3,INVARIANT_MIX,-152.73146841836902
cc-pvdz,-0.7,LDA,5,1,INVARIANT_MIX,-152.71906740439695
cc-pvdz,-0.7,LDA,6,1,INVARIANT_MIX,-152.70193811932236
cc-pvdz,-0.7,LDA,7,1,INVARIANT_MIX,-152.69262683940116
cc-pvdz,-0.7,LDA,16,3,INVARIANT_MIX,-152.68347558674597
cc-pvdz,-0.7,LDA,17,3,INVARIANT_MIX,-152.6834755867456
cc-pvdz,-0.7,LDA,18,3,INVARIANT_MIX,-152.68347558674552
cc-pvdz,-0.7,LDA,8,1,INVARIANT_MIX,-152.6284939149784
cc-pvdz,-0.7,LDA,9,1,INVARIANT_MIX,-152.6147821022314
cc-pvdz,-0.7,LDA,19,3,INVARIANT_MIX,-152.60562662115623
cc-pvdz,-0.7,LDA,20,3,INVARIANT_MIX,-152.6056266211562
cc-pvdz,-0.7,LDA,21,3,INVARIANT_MIX,-152.60562662115595
cc-pvdz,-0.7,LDA,22,3,INVARIANT_MIX,-152.58741575722306
cc-pvdz,-0.7,LDA,23,3,INVARIANT_MIX,-152.58741575722286
cc-pvdz,-0.7,LDA,24,3,INVARIANT_MIX,-152.58741575722266
cc-pvdz,-0.7,LDA,25,3,INVARIANT_MIX,-152.54794105643046
cc-pvdz,-0.7,LDA,26,3,INVARIANT_MIX,-152.5479410564304
cc-pvdz,-0.7,LDA,27,3,INVARIANT_MIX,-152.54794105643037
cc-pvdz,-0.7,LDA,10,1,INVARIANT_MIX,-152.51720695079652
cc-pvdz,-0.7,LDA,28,3,INVARIANT_MIX,-152.51207642393763
cc-pvdz,-0.7,LDA,29,3,INVARIANT_MIX,-152.5120764239374
cc-pvdz,-0.7,LDA,30,3,INVARIANT_MIX,-152.51207642393737
cc-pvdz,-0.7,LDA,31,3,INVARIANT_MIX,-152.4935253490855
cc-pvdz,-0.7,LDA,32,3,INVARIANT_MIX,-152.49352534908525
cc-pvdz,-0.7,LDA,33,3,INVARIANT_MIX,-152.49352534908508
cc-pvdz,-0.7,LDA,11,1,INVARIANT_MIX,-152.46062491885934
cc-pvdz,-0.7,LDA,34,3,INVARIANT_MIX,-152.44733959837237
cc-pvdz,-0.7,LDA,35,3,INVARIANT_MIX,-152.44733959837208
cc-pvdz,-0.7,LDA,36,3,INVARIANT_MIX,-152.447339598372
cc-pvdz,-0.7,LDA,12,1,INVARIANT_MIX,-152.4339610765762
cc-pvdz,-0.7,LDA,37,3,INVARIANT_MIX,-152.3830373215714
cc-pvdz,-0.7,LDA,38,3,INVARIANT_MIX,-152.3830373215713
cc-pvdz,-0.7,LDA,39,3,INVARIANT_MIX,-152.3830373215711
cc-pvdz,-0.7,LDA,13,1,INVARIANT_MIX,-152.3761219841249
cc-pvdz,-0.7,LDA,14,1,INVARIANT_MIX,-152.339247259785
cc-pvdz,-0.7,LDA,40,3,INVARIANT_MIX,-152.3135358546717
cc-pvdz,-0.7,LDA,41,3,INVARIANT_MIX,-152.31353585467167
cc-pvdz,-0.7,LDA,42,3,INVARIANT_MIX,-152.3135358546716
cc-pvdz,-0.7,LDA,15,1,INVARIANT_MIX,-152.30821574452267
cc-pvdz,-0.7,LDA,43,3,INVARIANT_MIX,-152.19719473470042
cc-pvdz,-0.7,LDA,44,3,INVARIANT_MIX,-152.1971947347004
cc-pvdz,-0.7,LDA,45,3,INVARIANT_MIX,-152.19719473470028
cc-pvdz,-0.7,LDA,16,1,INVARIANT_MIX,-152.13291022919057
cc-pvdz,-0.7,LDA,17,1,INVARIANT_MIX,-152.1284752928838
cc-pvdz,-0.7,LDA,18,1,INVARIANT_MIX,-152.10970082184843
cc-pvdz,-0.7,LDA,19,1,INVARIANT_MIX,-152.08558681367623
cc-pvdz,-0.7,LDA,20,1,INVARIANT_MIX,-152.02722394405995
cc-pvdz,-0.6,LDA,1,1,INVARIANT_MIX,-153.08764794401378
cc-pvdz,-0.6,LDA,1,3,INVARIANT_MIX,-153.05554513641727
cc-pvdz,-0.6,LDA,2,3,INVARIANT_MIX,-153.05554513641727
cc-pvdz,-0.6,LDA,3,3,INVARIANT_MIX,-153.0555451364172
cc-pvdz,-0.6,LDA,2,1,INVARIANT_MIX,-152.97250638403338
cc-pvdz,-0.6,LDA,4,3,INVARIANT_MIX,-152.96304233263933
cc-pvdz,-0.6,LDA,5,3,INVARIANT_MIX,-152.9630423326391
cc-pvdz,-0.6,LDA,6,3,INVARIANT_MIX,-152.96304233263882
cc-pvdz,-0.6,LDA,3,1,INVARIANT_MIX,-152.9351562326017
cc-pvdz,-0.6,LDA,7,3,INVARIANT_MIX,-152.91713625137072
cc-pvdz,-0.6,LDA,8,3,INVARIANT_MIX,-152.91713625137064
cc-pvdz,-0.6,LDA,9,3,INVARIANT_MIX,-152.91713625137055
cc-pvdz,-0.6,LDA,1,5,INVARIANT_MIX,-152.84210480291873
cc-pvdz,-0.6,LDA,2,5,INVARIANT_MIX,-152.84210480291873
cc-pvdz,-0.6,LDA,3,5,INVARIANT_MIX,-152.8421048029187
cc-pvdz,-0.6,LDA,4,5,INVARIANT_MIX,-152.8421048029185
cc-pvdz,-0.6,LDA,5,5,INVARIANT_MIX,-152.84210480291844
cc-pvdz,-0.6,LDA,10,3,INVARIANT_MIX,-152.7796208219518
cc-pvdz,-0.6,LDA,11,3,INVARIANT_MIX,-152.7796208219514
cc-pvdz,-0.6,LDA,12,3,INVARIANT_MIX,-152.77962082195137
cc-pvdz,-0.6,LDA,4,1,INVARIANT_MIX,-152.77271851308583
cc-pvdz,-0.6,LDA,13,3,INVARIANT_MIX,-152.73817986172
cc-pvdz,-0.6,LDA,14,3,INVARIANT_MIX,-152.73817986171977
cc-pvdz,-0.6,LDA,15,3,INVARIANT_MIX,-152.73817986171971
cc-pvdz,-0.6,LDA,5,1,INVARIANT_MIX,-152.7262031465231
cc-pvdz,-0.6,LDA,6,1,INVARIANT_MIX,-152.70137777889315
cc-pvdz,-0.6,LDA,7,1,INVARIANT_MIX,-152.6973258822823
cc-pvdz,-0.6,LDA,16,3,INVARIANT_MIX,-152.682666413854
cc-pvdz,-0.6,LDA,17,3,INVARIANT_MIX,-152.68266641385398
cc-pvdz,-0.6,LDA,18,3,INVARIANT_MIX,-152.68266641385375
cc-pvdz,-0.6,LDA,8,1,INVARIANT_MIX,-152.63648445376288
cc-pvdz,-0.6,LDA,9,1,INVARIANT_MIX,-152.6132403161755
cc-pvdz,-0.6,LDA,19,3,INVARIANT_MIX,-152.6087036653061
cc-pvdz,-0.6,LDA,20,3,INVARIANT_MIX,-152.60870366530568
cc-pvdz,-0.6,LDA,21,3,INVARIANT_MIX,-152.60870366530548
cc-pvdz,-0.6,LDA,22,3,INVARIANT_MIX,-152.59231418648116
cc-pvdz,-0.6,LDA,23,3,INVARIANT_MIX,-152.59231418648108
cc-pvdz,-0.6,LDA,24,3,INVARIANT_MIX,-152.59231418648088
cc-pvdz,-0.6,LDA,25,3,INVARIANT_MIX,-152.55749398818205
cc-pvdz,-0.6,LDA,26,3,INVARIANT_MIX,-152.557493988182
cc-pvdz,-0.6,LDA,27,3,INVARIANT_MIX,-152.557493988182
cc-pvdz,-0.6,LDA,10,1,INVARIANT_MIX,-152.52143246740258
cc-pvdz,-0.6,LDA,28,3,INVARIANT_MIX,-152.51691092663089
cc-pvdz,-0.6,LDA,29,3,INVARIANT_MIX,-152.5169109266308
cc-pvdz,-0.6,LDA,30,3,INVARIANT_MIX,-152.51691092663071
cc-pvdz,-0.6,LDA,31,3,INVARIANT_MIX,-152.49565721319624
cc-pvdz,-0.6,LDA,32,3,INVARIANT_MIX,-152.49565721319615
cc-pvdz,-0.6,LDA,33,3,INVARIANT_MIX,-152.49565721319607
cc-pvdz,-0.6,LDA,11,1,INVARIANT_MIX,-152.47090295244618
cc-pvdz,-0.6,LDA,34,3,INVARIANT_MIX,-152.4545142465846
cc-pvdz,-0.6,LDA,35,3,INVARIANT_MIX,-152.45451424658455
cc-pvdz,-0.6,LDA,36,3,INVARIANT_MIX,-152.45451424658444
cc-pvdz,-0.6,LDA,12,1,INVARIANT_MIX,-152.43752623872925
cc-pvdz,-0.6,LDA,37,3,INVARIANT_MIX,-152.38373602867895
cc-pvdz,-0.6,LDA,38,3,INVARIANT_MIX,-152.3837360286788
cc-pvdz,-0.6,LDA,39,3,INVARIANT_MIX,-152.38373602867875
cc-pvdz,-0.6,LDA,13,1,INVARIANT_MIX,-152.37682700328804
cc-pvdz,-0.6,LDA,14,1,INVARIANT_MIX,-152.34201233410536
cc-pvdz,-0.6,LDA,40,3,INVARIANT_MIX,-152.32219958264267
cc-pvdz,-0.6,LDA,41,3,INVARIANT_MIX,-152.32219958264244
cc-pvdz,-0.6,LDA,42,3,INVARIANT_MIX,-152.32219958264244
cc-pvdz,-0.6,LDA,15,1,INVARIANT_MIX,-152.31681226037142
cc-pvdz,-0.6,LDA,43,3,INVARIANT_MIX,-152.20216343328798
cc-pvdz,-0.6,LDA,44,3,INVARIANT_MIX,-152.20216343328795
cc-pvdz,-0.6,LDA,45,3,INVARIANT_MIX,-152.20216343328792
cc-pvdz,-0.6,LDA,16,1,INVARIANT_MIX,-152.13748923052563
cc-pvdz,-0.6,LDA,17,1,INVARIANT_MIX,-152.1320847653899
cc-pvdz,-0.6,LDA,18,1,INVARIANT_MIX,-152.1158873967818
cc-pvdz,-0.6,LDA,19,1,INVARIANT_MIX,-152.08988152387406
cc-pvdz,-0.6,LDA,20,1,INVARIANT_MIX,-152.03520332440772
cc-pvdz,-0.5,LDA,1,1,INVARIANT_MIX,-153.08599363367634
cc-pvdz,-0.5,LDA,1,3,INVARIANT_MIX,-153.05872285802894
cc-pvdz,-0.5,LDA,2,3,INVARIANT_MIX,-153.0587228580288
cc-pvdz,-0.5,LDA,3,3,INVARIANT_MIX,-153.05872285802877
cc-pvdz,-0.5,LDA,2,1,INVARIANT_MIX,-152.98032066834008
cc-pvdz,-0.5,LDA,4,3,INVARIANT_MIX,-152.96329138407495
cc-pvdz,-0.5,LDA,5,3,INVARIANT_MIX,-152.96329138407486
cc-pvdz,-0.5,LDA,6,3,INVARIANT_MIX,-152.9632913840748
cc-pvdz,-0.5,LDA,3,1,INVARIANT_MIX,-152.93832988535144
cc-pvdz,-0.5,LDA,7,3,INVARIANT_MIX,-152.9236094957706
cc-pvdz,-0.5,LDA,8,3,INVARIANT_MIX,-152.92360949577053
cc-pvdz,-0.5,LDA,9,3,INVARIANT_MIX,-152.92360949577042
cc-pvdz,-0.5,LDA,1,5,INVARIANT_MIX,-152.84574635671547
cc-pvdz,-0.5,LDA,2,5,INVARIANT_MIX,-152.84574635671527
cc-pvdz,-0.5,LDA,3,5,INVARIANT_MIX,-152.84574635671518
cc-pvdz,-0.5,LDA,4,5,INVARIANT_MIX,-152.84574635671518
cc-pvdz,-0.5,LDA,5,5,INVARIANT_MIX,-152.845746356715
cc-pvdz,-0.5,LDA,10,3,INVARIANT_MIX,-152.78025493908282
cc-pvdz,-0.5,LDA,11,3,INVARIANT_MIX,-152.78025493908268
cc-pvdz,-0.5,LDA,12,3,INVARIANT_MIX,-152.78025493908248
cc-pvdz,-0.5,LDA,4,1,INVARIANT_MIX,-152.77316902355656
cc-pvdz,-0.5,LDA,13,3,INVARIANT_MIX,-152.74430411868957
cc-pvdz,-0.5,LDA,14,3,INVARIANT_MIX,-152.74430411868957
cc-pvdz,-0.5,LDA,15,3,INVARIANT_MIX,-152.74430411868948
cc-pvdz,-0.5,LDA,5,1,INVARIANT_MIX,-152.7327303651031
cc-pvdz,-0.5,LDA,6,1,INVARIANT_MIX,-152.70132289620426
cc-pvdz,-0.5,LDA,7,1,INVARIANT_MIX,-152.70024660367875
cc-pvdz,-0.5,LDA,16,3,INVARIANT_MIX,-152.68143709245643
cc-pvdz,-0.5,LDA,17,3,INVARIANT_MIX,-152.68143709245592
cc-pvdz,-0.5,LDA,18,3,INVARIANT_MIX,-152.6814370924558
cc-pvdz,-0.5,LDA,8,1,INVARIANT_MIX,-152.64391434318938
cc-pvdz,-0.5,LDA,9,1,INVARIANT_MIX,-152.611322963703
cc-pvdz,-0.5,LDA,19,3,INVARIANT_MIX,-152.6111696116726
cc-pvdz,-0.5,LDA,20,3,INVARIANT_MIX,-152.611169611672
cc-pvdz,-0.5,LDA,21,3,INVARIANT_MIX,-152.6111696116718
cc-pvdz,-0.5,LDA,22,3,INVARIANT_MIX,-152.5965609539058
cc-pvdz,-0.5,LDA,23,3,INVARIANT_MIX,-152.5965609539056
cc-pvdz,-0.5,LDA,24,3,INVARIANT_MIX,-152.5965609539056
cc-pvdz,-0.5,LDA,25,3,INVARIANT_MIX,-152.56613207152088
cc-pvdz,-0.5,LDA,26,3,INVARIANT_MIX,-152.56613207152085
cc-pvdz,-0.5,LDA,27,3,INVARIANT_MIX,-152.5661320715207
cc-pvdz,-0.5,LDA,10,1,INVARIANT_MIX,-152.5250013323523
cc-pvdz,-0.5,LDA,28,3,INVARIANT_MIX,-152.5210290053142
cc-pvdz,-0.5,LDA,29,3,INVARIANT_MIX,-152.52102900531392
cc-pvdz,-0.5,LDA,30,3,INVARIANT_MIX,-152.52102900531364
cc-pvdz,-0.5,LDA,31,3,INVARIANT_MIX,-152.49706000700954
cc-pvdz,-0.5,LDA,32,3,INVARIANT_MIX,-152.4970600070093
cc-pvdz,-0.5,LDA,33,3,INVARIANT_MIX,-152.49706000700888
cc-pvdz,-0.5,LDA,11,1,INVARIANT_MIX,-152.4802311330383
cc-pvdz,-0.5,LDA,34,3,INVARIANT_MIX,-152.46095095787248
cc-pvdz,-0.5,LDA,35,3,INVARIANT_MIX,-152.46095095787246
cc-pvdz,-0.5,LDA,36,3,INVARIANT_MIX,-152.46095095787243
cc-pvdz,-0.5,LDA,12,1,INVARIANT_MIX,-152.44049605824398
cc-pvdz,-0.5,LDA,37,3,INVARIANT_MIX,-152.38368351317936
cc-pvdz,-0.5,LDA,38,3,INVARIANT_MIX,-152.38368351317908
cc-pvdz,-0.5,LDA,39,3,INVARIANT_MIX,-152.38368351317908
cc-pvdz,-0.5,LDA,13,1,INVARIANT_MIX,-152.37678558179118
cc-pvdz,-0.5,LDA,14,1,INVARIANT_MIX,-152.34426992980292
cc-pvdz,-0.5,LDA,40,3,INVARIANT_MIX,-152.3301300931295
cc-pvdz,-0.5,LDA,41,3,INVARIANT_MIX,-152.33013009312947
cc-pvdz,-0.5,LDA,42,3,INVARIANT_MIX,-152.3301300931294
cc-pvdz,-0.5,LDA,15,1,INVARIANT_MIX,-152.32467563470536
cc-pvdz,-0.5,LDA,43,3,INVARIANT_MIX,-152.20632249127073
cc-pvdz,-0.5,LDA,44,3,INVARIANT_MIX,-152.2063224912706
cc-pvdz,-0.5,LDA,45,3,INVARIANT_MIX,-152.20632249127058
cc-pvdz,-0.5,LDA,16,1,INVARIANT_MIX,-152.14129887309153
cc-pvdz,-0.5,LDA,17,1,INVARIANT_MIX,-152.13492281110334
cc-pvdz,-0.5,LDA,18,1,INVARIANT_MIX,-152.1213128052669
cc-pvdz,-0.5,LDA,19,1,INVARIANT_MIX,-152.09333611910384
cc-pvdz,-0.5,LDA,20,1,INVARIANT_MIX,-152.0421729575016
cc-pvdz,-0.3999999999999999,LDA,1,1,INVARIANT_MIX,-153.0841493387083
cc-pvdz,-0.3999999999999999,LDA,1,3,INVARIANT_MIX,-153.0613717928563
cc-pvdz,-0.3999999999999999,LDA,2,3,INVARIANT_MIX,-153.06137179285622
cc-pvdz,-0.3999999999999999,LDA,3,3,INVARIANT_MIX,-153.06137179285622
cc-pvdz,-0.3999999999999999,LDA,2,1,INVARIANT_MIX,-152.9872914418356
cc-pvdz,-0.3999999999999999,LDA,4,3,INVARIANT_MIX,-152.96294684041126
cc-pvdz,-0.3999999999999999,LDA,5,3,INVARIANT_MIX,-152.96294684041126
cc-pvdz,-0.3999999999999999,LDA,6,3,INVARIANT_MIX,-152.96294684041118
cc-pvdz,-0.3999999999999999,LDA,3,1,INVARIANT_MIX,-152.94097182687727
cc-pvdz,-0.3999999999999999,LDA,7,3,INVARIANT_MIX,-152.92949871951092
cc-pvdz,-0.3999999999999999,LDA,8,3,INVARIANT_MIX,-152.92949871951083
cc-pvdz,-0.3999999999999999,LDA,9,3,INVARIANT_MIX,-152.92949871951066
cc-pvdz,-0.3999999999999999,LDA,1,5,INVARIANT_MIX,-152.8487284768278
cc-pvdz,-0.3999999999999999,LDA,2,5,INVARIANT_MIX,-152.84872847682777
cc-pvdz,-0.3999999999999999,LDA,3,5,INVARIANT_MIX,-152.84872847682774
cc-pvdz,-0.3999999999999999,LDA,4,5,INVARIANT_MIX,-152.84872847682772
cc-pvdz,-0.3999999999999999,LDA,5,5,INVARIANT_MIX,-152.84872847682752
cc-pvdz,-0.3999999999999999,LDA,10,3,INVARIANT_MIX,-152.78029376762956
cc-pvdz,-0.3999999999999999,LDA,11,3,INVARIANT_MIX,-152.7802937676294
cc-pvdz,-0.3999999999999999,LDA,12,3,INVARIANT_MIX,-152.7802937676294
cc-pvdz,-0.3999999999999999,LDA,4,1,INVARIANT_MIX,-152.77301415739552
cc-pvdz,-0.3999999999999999,LDA,13,3,INVARIANT_MIX,-152.74984203276296
cc-pvdz,-0.3999999999999999,LDA,14,3,INVARIANT_MIX,-152.74984203276296
cc-pvdz,-0.3999999999999999,LDA,15,3,INVARIANT_MIX,-152.74984203276276
cc-pvdz,-0.3999999999999999,LDA,5,1,INVARIANT_MIX,-152.738650933608
cc-pvdz,-0.3999999999999999,LDA,6,1,INVARIANT_MIX,-152.70461876318853
cc-pvdz,-0.3999999999999999,LDA,7,1,INVARIANT_MIX,-152.69854423538945
cc-pvdz,-0.3999999999999999,LDA,16,3,INVARIANT_MIX,-152.679856983224
cc-pvdz,-0.3999999999999999,LDA,17,3,INVARIANT_MIX,-152.67985698322354
cc-pvdz,-0.3999999999999999,LDA,18,3,INVARIANT_MIX,-152.67985698322346
cc-pvdz,-0.3999999999999999,LDA,8,1,INVARIANT_MIX,-152.65078525519903
cc-pvdz,-0.3999999999999999,LDA,19,3,INVARIANT_MIX,-152.61303993585858
cc-pvdz,-0.3999999999999999,LDA,20,3,INVARIANT_MIX,-152.61303993585855
cc-pvdz,-0.3999999999999999,LDA,21,3,INVARIANT_MIX,-152.61303993585815
cc-pvdz,-0.3999999999999999,LDA,9,1,INVARIANT_MIX,-152.60910966452082
cc-pvdz,-0.3999999999999999,LDA,22,3,INVARIANT_MIX,-152.6001418203683
cc-pvdz,-0.3999999999999999,LDA,23,3,INVARIANT_MIX,-152.60014182036824
cc-pvdz,-0.3999999999999999,LDA,24,3,INVARIANT_MIX,-152.60014182036798
cc-pvdz,-0.3999999999999999,LDA,25,3,INVARIANT_MIX,-152.5737873889075
cc-pvdz,-0.3999999999999999,LDA,26,3,INVARIANT_MIX,-152.57378738890745
cc-pvdz,-0.3999999999999999,LDA,27,3,INVARIANT_MIX,-152.57378738890742
cc-pvdz,-0.3999999999999999,LDA,10,1,INVARIANT_MIX,-152.52791306995837
cc-pvdz,-0.3999999999999999,LDA,28,3,INVARIANT_MIX,-152.5244316553437
cc-pvdz,-0.3999999999999999,LDA,29,3,INVARIANT_MIX,-152.52443165534348
cc-pvdz,-0.3999999999999999,LDA,30,3,INVARIANT_MIX,-152.5244316553433
cc-pvdz,-0.3999999999999999,LDA,31,3,INVARIANT_MIX,-152.49773232674042
cc-pvdz,-0.3999999999999999,LDA,32,3,INVARIANT_MIX,-152.49773232674036
cc-pvdz,-0.3999999999999999,LDA,33,3,INVARIANT_MIX,-152.4977323267403
cc-pvdz,-0.3999999999999999,LDA,11,1,INVARIANT_MIX,-152.4885311465027
cc-pvdz,-0.3999999999999999,LDA,34,3,INVARIANT_MIX,-152.46665203618198
cc-pvdz,-0.3999999999999999,LDA,35,3,INVARIANT_MIX,-152.46665203618184
cc-pvdz,-0.3999999999999999,LDA,36,3,INVARIANT_MIX,-152.4666520361818
cc-pvdz,-0.3999999999999999,LDA,12,1,INVARIANT_MIX,-152.44287541743114
cc-pvdz,-0.3999999999999999,LDA,37,3,INVARIANT_MIX,-152.3828811347716
cc-pvdz,-0.3999999999999999,LDA,38,3,INVARIANT_MIX,-152.38288113477142
cc-pvdz,-0.3999999999999999,LDA,39,3,INVARIANT_MIX,-152.38288113477134
cc-pvdz,-0.3999999999999999,LDA,13,1,INVARIANT_MIX,-152.37599878352162
cc-pvdz,-0.3999999999999999,LDA,14,1,INVARIANT_MIX,-152.34602720619236
cc-pvdz,-0.3999999999999999,LDA,40,3,INVARIANT_MIX,-152.33732910421435
cc-pvdz,-0.3999999999999999,LDA,41,3,INVARIANT_MIX,-152.33732910421426
cc-pvdz,-0.3999999999999999,LDA,42,3,INVARIANT_MIX,-152.33732910421423
cc-pvdz,-0.3999999999999999,LDA,15,1,INVARIANT_MIX,-152.33180764298828
cc-pvdz,-0.3999999999999999,LDA,43,3,INVARIANT_MIX,-152.20967299472437
cc-pvdz,-0.3999999999999999,LDA,44,3,INVARIANT_MIX,-152.20967299472431
cc-pvdz,-0.3999999999999999,LDA,45,3,INVARIANT_MIX,-152.20967299472414
cc-pvdz,-0.3999999999999999,LDA,16,1,INVARIANT_MIX,-152.1443404123468
cc-pvdz,-0.3999999999999999,LDA,17,1,INVARIANT_MIX,-152.1369910785908
cc-pvdz,-0.3999999999999999,LDA,18,1,INVARIANT_MIX,-152.12597594716362
cc-pvdz,-0.3999999999999999,LDA,19,1,INVARIANT_MIX,-152.09596402051417
cc-pvdz,-0.3999999999999999,LDA,20,1,INVARIANT_MIX,-152.04811195679247
cc-pvdz,-0.29999999999999993,LDA,1,1,INVARIANT_MIX,-153.0822146554745
cc-pvdz,-0.29999999999999993,LDA,1,3,INVARIANT_MIX,-153.06349104732706
cc-pvdz,-0.29999999999999993,LDA,2,3,INVARIANT_MIX,-153.06349104732703
cc-pvdz,-0.29999999999999993,LDA,3,3,INVARIANT_MIX,-153.06349104732692
cc-pvdz,-0.29999999999999993,LDA,2,1,INVARIANT_MIX,-152.99331720224112
cc-pvdz,-0.29999999999999993,LDA,4,3,INVARIANT_MIX,-152.9620070597706
cc-pvdz,-0.29999999999999993,LDA,5,3,INVARIANT_MIX,-152.96200705977031
cc-pvdz,-0.29999999999999993,LDA,6,3,INVARIANT_MIX,-152.96200705977
cc-pvdz,-0.29999999999999993,LDA,3,1,INVARIANT_MIX,-152.9430810787646
cc-pvdz,-0.29999999999999993,LDA,7,3,INVARIANT_MIX,-152.93480393216515
cc-pvdz,-0.29999999999999993,LDA,8,3,INVARIANT_MIX,-152.9348039321651
cc-pvdz,-0.29999999999999993,LDA,9,3,INVARIANT_MIX,-152.93480393216507
cc-pvdz,-0.29999999999999993,LDA,1,5,INVARIANT_MIX,-152.85105036146842
cc-pvdz,-0.29999999999999993,LDA,2,5,INVARIANT_MIX,-152.85105036146837
cc-pvdz,-0.29999999999999993,LDA,3,5,INVARIANT_MIX,-152.85105036146822
cc-pvdz,-0.29999999999999993,LDA,4,5,INVARIANT_MIX,-152.85105036146822
cc-pvdz,-0.29999999999999993,LDA,5,5,INVARIANT_MIX,-152.8510503614682
cc-pvdz,-0.29999999999999993,LDA,10,3,INVARIANT_MIX,-152.7797356674117
cc-pvdz,-0.29999999999999993,LDA,11,3,INVARIANT_MIX,-152.77973566741113
cc-pvdz,-0.29999999999999993,LDA,12,3,INVARIANT_MIX,-152.7797356674108
cc-pvdz,-0.29999999999999993,LDA,4,1,INVARIANT_MIX,-152.77225171139509
cc-pvdz,-0.29999999999999993,LDA,13,3,INVARIANT_MIX,-152.75479291023035
cc-pvdz,-0.29999999999999993,LDA,14,3,INVARIANT_MIX,-152.75479291023032
cc-pvdz,-0.29999999999999993,LDA,15,3,INVARIANT_MIX,-152.7547929102303
cc-pvdz,-0.29999999999999993,LDA,5,1,INVARIANT_MIX,-152.74396513250647
cc-pvdz,-0.29999999999999993,LDA,6,1,INVARIANT_MIX,-152.7072127630578
cc-pvdz,-0.29999999999999993,LDA,7,1,INVARIANT_MIX,-152.69626871127312
cc-pvdz,-0.29999999999999993,LDA,16,3,INVARIANT_MIX,-152.6780155395137
cc-pvdz,-0.29999999999999993,LDA,17,3,INVARIANT_MIX,-152.6780155395135
cc-pvdz,-0.29999999999999993,LDA,18,3,INVARIANT_MIX,-152.67801553951347
cc-pvdz,-0.29999999999999993,LDA,8,1,INVARIANT_MIX,-152.65709734129072
cc-pvdz,-0.29999999999999993,LDA,19,3,INVARIANT_MIX,-152.614336422742
cc-pvdz,-0.29999999999999993,LDA,20,3,INVARIANT_MIX,-152.61433642274193
cc-pvdz,-0.29999999999999993,LDA,21,3,INVARIANT_MIX,-152.6143364227417
cc-pvdz,-0.29999999999999993,LDA,9,1,INVARIANT_MIX,-152.60670318921464
cc-pvdz,-0.29999999999999993,LDA,22,3,INVARIANT_MIX,-152.60303308639024
cc-pvdz,-0.29999999999999993,LDA,23,3,INVARIANT_MIX,-152.60303308638998
cc-pvdz,-0.29999999999999993,LDA,24,3,INVARIANT_MIX,-152.60303308638976
cc-pvdz,-0.29999999999999993,LDA,25,3,INVARIANT_MIX,-152.58036867417283
cc-pvdz,-0.29999999999999993,LDA,26,3,INVARIANT_MIX,-152.58036867417275
cc-pvdz,-0.29999999999999993,LDA,27,3,INVARIANT_MIX,-152.58036867417272
cc-pvdz,-0.29999999999999993,LDA,10,1,INVARIANT_MIX,-152.53016575558223
cc-pvdz,-0.29999999999999993,LDA,28,3,INVARIANT_MIX,-152.5271181868748
cc-pvdz,-0.29999999999999993,LDA,29,3,INVARIANT_MIX,-152.5271181868747
cc-pvdz,-0.29999999999999993,LDA,30,3,INVARIANT_MIX,-152.52711818687422
cc-pvdz,-0.29999999999999993,LDA,31,3,INVARIANT_MIX,-152.4976712175657
cc-pvdz,-0.29999999999999993,LDA,32,3,INVARIANT_MIX,-152.4976712175656
cc-pvdz,-0.29999999999999993,LDA,33,3,INVARIANT_MIX,-152.4976712175655
cc-pvdz,-0.29999999999999993,LDA,11,1,INVARIANT_MIX,-152.49569829584397
cc-pvdz,-0.29999999999999993,LDA,34,3,INVARIANT_MIX,-152.47161813752828
cc-pvdz,-0.29999999999999993,LDA,35,3,INVARIANT_MIX,-152.4716181375282
cc-pvdz,-0.29999999999999993,LDA,36,3,INVARIANT_MIX,-152.47161813752817
cc-pvdz,-0.29999999999999993,LDA,12,1,INVARIANT_MIX,-152.44466716214313
cc-pvdz,-0.29999999999999993,LDA,37,3,INVARIANT_MIX,-152.38132846217715
cc-pvdz,-0.29999999999999993,LDA,38,3,INVARIANT_MIX,-152.38132846217698
cc-pvdz,-0.29999999999999993,LDA,39,3,INVARIANT_MIX,-152.3813284621769
cc-pvdz,-0.29999999999999993,LDA,13,1,INVARIANT_MIX,-152.3744658871347
cc-pvdz,-0.29999999999999993,LDA,14,1,INVARIANT_MIX,-152.34728906120216
cc-pvdz,-0.29999999999999993,LDA,40,3,INVARIANT_MIX,-152.34379663414327
cc-pvdz,-0.29999999999999993,LDA,41,3,INVARIANT_MIX,-152.34379663414285
cc-pvdz,-0.29999999999999993,LDA,42,3,INVARIANT_MIX,-152.34379663414285
cc-pvdz,-0.29999999999999993,LDA,15,1,INVARIANT_MIX,-152.33820837311708
cc-pvdz,-0.29999999999999993,LDA,43,3,INVARIANT_MIX,-152.21221432919322
cc-pvdz,-0.29999999999999993,LDA,44,3,INVARIANT_MIX,-152.21221432919313
cc-pvdz,-0.29999999999999993,LDA,45,3,INVARIANT_MIX,-152.21221432919293
cc-pvdz,-0.29999999999999993,LDA,16,1,INVARIANT_MIX,-152.14661338289437
cc-pvdz,-0.29999999999999993,LDA,17,1,INVARIANT_MIX,-152.13828958649026
cc-pvdz,-0.29999999999999993,LDA,18,1,INVARIANT_MIX,-152.12987414447366
cc-pvdz,-0.29999999999999993,LDA,19,1,INVARIANT_MIX,-152.09778278621275
cc-pvdz,-0.29999999999999993,LDA,20,1,INVARIANT_MIX,-152.05299277941
cc-pvdz,-0.19999999999999996,LDA,1,1,INVARIANT_MIX,-153.08031604195483
cc-pvdz,-0.19999999999999996,LDA,1,3,INVARIANT_MIX,-153.06507814387237
cc-pvdz,-0.19999999999999996,LDA,2,3,INVARIANT_MIX,-153.06507814387226
cc-pvdz,-0.19999999999999996,LDA,3,3,INVARIANT_MIX,-153.06507814387214
cc-pvdz,-0.19999999999999996,LDA,2,1,INVARIANT_MIX,-152.99826639523124
cc-pvdz,-0.19999999999999996,LDA,4,3,INVARIANT_MIX,-152.96046880012156
cc-pvdz,-0.19999999999999996,LDA,5,3,INVARIANT_MIX,-152.96046880012142
cc-pvdz,-0.19999999999999996,LDA,6,3,INVARIANT_MIX,-152.96046880012136
cc-pvdz,-0.19999999999999996,LDA,3,1,INVARIANT_MIX,-152.94465511367633
cc-pvdz,-0.19999999999999996,LDA,7,3,INVARIANT_MIX,-152.93952351394404
cc-pvdz,-0.19999999999999996,LDA,8,3,INVARIANT_MIX,-152.9395235139439
cc-pvdz,-0.19999999999999996,LDA,9,3,INVARIANT_MIX,-152.93952351394384
cc-pvdz,-0.19999999999999996,LDA,1,5,INVARIANT_MIX,-152.85270957149316
cc-pvdz,-0.19999999999999996,LDA,2,5,INVARIANT_MIX,-152.85270957149314
cc-pvdz,-0.19999999999999996,LDA,3,5,INVARIANT_MIX,-152.8527095714931
cc-pvdz,-0.19999999999999996,LDA,4,5,INVARIANT_MIX,-152.85270957149308
cc-pvdz,-0.19999999999999996,LDA,5,5,INVARIANT_MIX,-152.852709571493
cc-pvdz,-0.19999999999999996,LDA,10,3,INVARIANT_MIX,-152.77857742213857
cc-pvdz,-0.19999999999999996,LDA,11,3,INVARIANT_MIX,-152.7785774221385
cc-pvdz,-0.19999999999999996,LDA,12,3,INVARIANT_MIX,-152.7785774221385
cc-pvdz,-0.19999999999999996,LDA,4,1,INVARIANT_MIX,-152.77087788257933
cc-pvdz,-0.19999999999999996,LDA,13,3,INVARIANT_MIX,-152.7591545019647
cc-pvdz,-0.19999999999999996,LDA,14,3,INVARIANT_MIX,-152.75915450196456
cc-pvdz,-0.19999999999999996,LDA,15,3,INVARIANT_MIX,-152.75915450196425
cc-pvdz,-0.19999999999999996,LDA,5,1,INVARIANT_MIX,-152.74867163365988
cc-pvdz,-0.19999999999999996,LDA,6,1,INVARIANT_MIX,-152.7091025506659
cc-pvdz,-0.19999999999999996,LDA,7,1,INVARIANT_MIX,-152.69341644937435
cc-pvdz,-0.19999999999999996,LDA,16,3,INVARIANT_MIX,-152.67602594515074
cc-pvdz,-0.19999999999999996,LDA,17,3,INVARIANT_MIX,-152.67602594515054
cc-pvdz,-0.19999999999999996,LDA,18,3,INVARIANT_MIX,-152.6760259451503
cc-pvdz,-0.19999999999999996,LDA,8,1,INVARIANT_MIX,-152.66284920372377
cc-pvdz,-0.19999999999999996,LDA,19,3,INVARIANT_MIX,-152.61509156024974
cc-pvdz,-0.19999999999999996,LDA,20,3,INVARIANT_MIX,-152.61509156024974
cc-pvdz,-0.19999999999999996,LDA,21,3,INVARIANT_MIX,-152.6150915602496
cc-pvdz,-0.19999999999999996,LDA,22,3,INVARIANT_MIX,-152.60519718161044
cc-pvdz,-0.19999999999999996,LDA,23,3,INVARIANT_MIX,-152.60519718161024
cc-pvdz,-0.19999999999999996,LDA,24,3,INVARIANT_MIX,-152.60519718161
cc-pvdz,-0.19999999999999996,LDA,9,1,INVARIANT_MIX,-152.60423343294036
cc-pvdz,-0.19999999999999996,LDA,25,3,INVARIANT_MIX,-152.58575763921212
cc-pvdz,-0.19999999999999996,LDA,26,3,INVARIANT_MIX,-152.58575763921203
cc-pvdz,-0.19999999999999996,LDA,27,3,INVARIANT_MIX,-152.58575763921186
cc-pvdz,-0.19999999999999996,LDA,10,1,INVARIANT_MIX,-152.53175598968232
cc-pvdz,-0.19999999999999996,LDA,28,3,INVARIANT_MIX,-152.52908618817548
cc-pvdz,-0.19999999999999996,LDA,29,3,INVARIANT_MIX,-152.52908618817514
cc-pvdz,-0.19999999999999996,LDA,30,3,INVARIANT_MIX,-152.5290861881751
cc-pvdz,-0.19999999999999996,LDA,11,1,INVARIANT_MIX,-152.50159749153335
cc-pvdz,-0.19999999999999996,LDA,31,3,INVARIANT_MIX,-152.49687214547453
cc-pvdz,-0.19999999999999996,LDA,32,3,INVARIANT_MIX,-152.49687214547447
cc-pvdz,-0.19999999999999996,LDA,33,3,INVARIANT_MIX,-152.4968721454743
cc-pvdz,-0.19999999999999996,LDA,34,3,INVARIANT_MIX,-152.47584825571298
cc-pvdz,-0.19999999999999996,LDA,35,3,INVARIANT_MIX,-152.47584825571292
cc-pvdz,-0.19999999999999996,LDA,36,3,INVARIANT_MIX,-152.4758482557129
cc-pvdz,-0.19999999999999996,LDA,12,1,INVARIANT_MIX,-152.4458720577946
cc-pvdz,-0.19999999999999996,LDA,37,3,INVARIANT_MIX,-152.37902326169873
cc-pvdz,-0.19999999999999996,LDA,38,3,INVARIANT_MIX,-152.37902326169856
cc-pvdz,-0.19999999999999996,LDA,39,3,INVARIANT_MIX,-152.37902326169834
cc-pvdz,-0.19999999999999996,LDA,13,1,INVARIANT_MIX,-152.37218437722228
cc-pvdz,-0.19999999999999996,LDA,40,3,INVARIANT_MIX,-152.34953097897807
cc-pvdz,-0.19999999999999996,LDA,41,3,INVARIANT_MIX,-152.34953097897807
cc-pvdz,-0.19999999999999996,LDA,42,3,INVARIANT_MIX,-152.34953097897798
cc-pvdz,-0.19999999999999996,LDA,14,1,INVARIANT_MIX,-152.3480580118943
cc-pvdz,-0.19999999999999996,LDA,15,1,INVARIANT_MIX,-152.3438762027194
cc-pvdz,-0.19999999999999996,LDA,43,3,INVARIANT_MIX,-152.21394415965153
cc-pvdz,-0.19999999999999996,LDA,44,3,INVARIANT_MIX,-152.21394415965148
cc-pvdz,-0.19999999999999996,LDA,45,3,INVARIANT_MIX,-152.21394415965142
cc-pvdz,-0.19999999999999996,LDA,16,1,INVARIANT_MIX,-152.14811558025445
cc-pvdz,-0.19999999999999996,LDA,17,1,INVARIANT_MIX,-152.138816708635
cc-pvdz,-0.19999999999999996,LDA,18,1,INVARIANT_MIX,-152.13300312271102
cc-pvdz,-0.19999999999999996,LDA,19,1,INVARIANT_MIX,-152.09881493866334
cc-pvdz,-0.19999999999999996,LDA,20,1,INVARIANT_MIX,-152.05678049605754
cc-pvdz,-0.09999999999999998,LDA,1,1,INVARIANT_MIX,-153.0786045279331
cc-pvdz,-0.09999999999999998,LDA,1,3,INVARIANT_MIX,-153.06612900071713
cc-pvdz,-0.09999999999999998,LDA,2,3,INVARIANT_MIX,-153.06612900071715
cc-pvdz,-0.09999999999999998,LDA,3,3,INVARIANT_MIX,-153.06612900071696
cc-pvdz,-0.09999999999999998,LDA,2,1,INVARIANT_MIX,-153.00197966735115
cc-pvdz,-0.09999999999999998,LDA,4,3,INVARIANT_MIX,-152.9583271977109
cc-pvdz,-0.09999999999999998,LDA,5,3,INVARIANT_MIX,-152.95832719771073
cc-pvdz,-0.09999999999999998,LDA,6,3,INVARIANT_MIX,-152.9583271977105
cc-pvdz,-0.09999999999999998,LDA,3,1,INVARIANT_MIX,-152.9456898345932
cc-pvdz,-0.09999999999999998,LDA,7,3,INVARIANT_MIX,-152.94365419675253
cc-pvdz,-0.09999999999999998,LDA,8,3,INVARIANT_MIX,-152.94365419675245
cc-pvdz,-0.09999999999999998,LDA,9,3,INVARIANT_MIX,-152.94365419675245
cc-pvdz,-0.09999999999999998,LDA,1,5,INVARIANT_MIX,-152.85370200897597
cc-pvdz,-0.09999999999999998,LDA,2,5,INVARIANT_MIX,-152.85370200897577
cc-pvdz,-0.09999999999999998,LDA,3,5,INVARIANT_MIX,-152.85370200897563
cc-pvdz,-0.09999999999999998,LDA,4,5,INVARIANT_MIX,-152.8537020089756
cc-pvdz,-0.09999999999999998,LDA,5,5,INVARIANT_MIX,-152.85370200897555
cc-pvdz,-0.09999999999999998,LDA,10,3,INVARIANT_MIX,-152.77681422021547
cc-pvdz,-0.09999999999999998,LDA,11,3,INVARIANT_MIX,-152.77681422021536
cc-pvdz,-0.09999999999999998,LDA,12,3,INVARIANT_MIX,-152.77681422021521
cc-pvdz,-0.09999999999999998,LDA,4,1,INVARIANT_MIX,-152.7688872449713
cc-pvdz,-0.09999999999999998,LDA,13,3,INVARIANT_MIX,-152.76292298133035
cc-pvdz,-0.09999999999999998,LDA,14,3,INVARIANT_MIX,-152.76292298133015
cc-pvdz,-0.09999999999999998,LDA,15,3,INVARIANT_MIX,-152.76292298132998
cc-pvdz,-0.09999999999999998,LDA,5,1,INVARIANT_MIX,-152.75276748115152
cc-pvdz,-0.09999999999999998,LDA,6,1,INVARIANT_MIX,-152.7102841298941
cc-pvdz,-0.09999999999999998,LDA,7,1,INVARIANT_MIX,-152.68998223060817
cc-pvdz,-0.09999999999999998,LDA,16,3,INVARIANT_MIX,-152.67402467031383
cc-pvdz,-0.09999999999999998,LDA,17,3,INVARIANT_MIX,-152.67402467031368
cc-pvdz,-0.09999999999999998,LDA,18,3,INVARIANT_MIX,-152.67402467031354
cc-pvdz,-0.09999999999999998,LDA,8,1,INVARIANT_MIX,-152.668037864007
cc-pvdz,-0.09999999999999998,LDA,19,3,INVARIANT_MIX,-152.61535308191404
cc-pvdz,-0.09999999999999998,LDA,20,3,INVARIANT_MIX,-152.61535308191353
cc-pvdz,-0.09999999999999998,LDA,21,3,INVARIANT_MIX,-152.61535308191353
cc-pvdz,-0.09999999999999998,LDA,22,3,INVARIANT_MIX,-152.60657809757865
cc-pvdz,-0.09999999999999998,LDA,23,3,INVARIANT_MIX,-152.60657809757862
cc-pvdz,-0.09999999999999998,LDA,24,3,INVARIANT_MIX,-152.60657809757856
cc-pvdz,-0.09999999999999998,LDA,9,1,INVARIANT_MIX,-152.6018565450836
cc-pvdz,-0.09999999999999998,LDA,25,3,INVARIANT_MIX,-152.5898093753758
cc-pvdz,-0.09999999999999998,LDA,26,3,INVARIANT_MIX,-152.58980937537578
cc-pvdz,-0.09999999999999998,LDA,27,3,INVARIANT_MIX,-152.58980937537572
cc-pvdz,-0.09999999999999998,LDA,10,1,INVARIANT_MIX,-152.53267886939165
cc-pvdz,-0.09999999999999998,LDA,28,3,INVARIANT_MIX,-152.5303314861715
cc-pvdz,-0.09999999999999998,LDA,29,3,INVARIANT_MIX,-152.5303314861714
cc-pvdz,-0.09999999999999998,LDA,30,3,INVARIANT_MIX,-152.53033148617126
cc-pvdz,-0.09999999999999998,LDA,11,1,INVARIANT_MIX,-152.50606407879854
cc-pvdz,-0.09999999999999998,LDA,31,3,INVARIANT_MIX,-152.4953289658996
cc-pvdz,-0.09999999999999998,LDA,32,3,INVARIANT_MIX,-152.49532896589957
cc-pvdz,-0.09999999999999998,LDA,33,3,INVARIANT_MIX,-152.49532896589955
cc-pvdz,-0.09999999999999998,LDA,34,3,INVARIANT_MIX,-152.47933970482552
cc-pvdz,-0.09999999999999998,LDA,35,3,INVARIANT_MIX,-152.4793397048254
cc-pvdz,-0.09999999999999998,LDA,36,3,INVARIANT_MIX,-152.47933970482538
cc-pvdz,-0.09999999999999998,LDA,12,1,INVARIANT_MIX,-152.44648874466722
cc-pvdz,-0.09999999999999998,LDA,37,3,INVARIANT_MIX,-152.3759614821186
cc-pvdz,-0.09999999999999998,LDA,38,3,INVARIANT_MIX,-152.3759614821186
cc-pvdz,-0.09999999999999998,LDA,39,3,INVARIANT_MIX,-152.37596148211853
cc-pvdz,-0.09999999999999998,LDA,13,1,INVARIANT_MIX,-152.3691499314121
cc-pvdz,-0.09999999999999998,LDA,40,3,INVARIANT_MIX,-152.35452868629352
cc-pvdz,-0.09999999999999998,LDA,41,3,INVARIANT_MIX,-152.3545286862935
cc-pvdz,-0.09999999999999998,LDA,42,3,INVARIANT_MIX,-152.35452868629338
cc-pvdz,-0.09999999999999998,LDA,14,1,INVARIANT_MIX,-152.34880777250572
cc-pvdz,-0.09999999999999998,LDA,15,1,INVARIANT_MIX,-152.34833408165866
cc-pvdz,-0.09999999999999998,LDA,43,3,INVARIANT_MIX,-152.2148584070745
cc-pvdz,-0.09999999999999998,LDA,44,3,INVARIANT_MIX,-152.21485840707436
cc-pvdz,-0.09999999999999998,LDA,45,3,INVARIANT_MIX,-152.21485840707436
cc-pvdz,-0.09999999999999998,LDA,16,1,INVARIANT_MIX,-152.14884303900433
cc-pvdz,-0.09999999999999998,LDA,17,1,INVARIANT_MIX,-152.13856915558415
cc-pvdz,-0.09999999999999998,LDA,18,1,INVARIANT_MIX,-152.13535698837993
cc-pvdz,-0.09999999999999998,LDA,19,1,INVARIANT_MIX,-152.0990882175512
cc-pvdz,-0.09999999999999998,LDA,20,1,INVARIANT_MIX,-152.05943261427578
cc-pvdz,0.001,LDA,1,1,INVARIANT_MIX,-153.07725187920545
cc-pvdz,0.001,LDA,1,3,INVARIANT_MIX,-153.0666355242611
cc-pvdz,0.001,LDA,2,3,INVARIANT_MIX,-153.0666355242611
cc-pvdz,0.001,LDA,3,3,INVARIANT_MIX,-153.0666355242611
cc-pvdz,0.001,LDA,2,1,INVARIANT_MIX,-153.00426953895916
cc-pvdz,0.001,LDA,4,3,INVARIANT_MIX,-152.95560630053453
cc-pvdz,0.001,LDA,5,3,INVARIANT_MIX,-152.9556063005344
cc-pvdz,0.001,LDA,6,3,INVARIANT_MIX,-152.9556063005344
cc-pvdz,0.001,LDA,7,3,INVARIANT_MIX,-152.94715863300934
cc-pvdz,0.001,LDA,8,3,INVARIANT_MIX,-152.94715863300928
cc-pvdz,0.001,LDA,9,3,INVARIANT_MIX,-152.9471586330089
cc-pvdz,0.001,LDA,3,1,INVARIANT_MIX,-152.9461773737092
cc-pvdz,0.001,LDA,1,5,INVARIANT_MIX,-152.854022045645
cc-pvdz,0.001,LDA,2,5,INVARIANT_MIX,-152.85402204564497
cc-pvdz,0.001,LDA,3,5,INVARIANT_MIX,-152.85402204564494
cc-pvdz,0.001,LDA,4,5,INVARIANT_MIX,-152.8540220456447
cc-pvdz,0.001,LDA,5,5,INVARIANT_MIX,-152.85402204564465
cc-pvdz,0.001,LDA,10,3,INVARIANT_MIX,-152.77446642951938
cc-pvdz,0.001,LDA,11,3,INVARIANT_MIX,-152.77446642951932
cc-pvdz,0.001,LDA,12,3,INVARIANT_MIX,-152.7744664295193
cc-pvdz,0.001,LDA,4,1,INVARIANT_MIX,-152.76630198353735
cc-pvdz,0.001,LDA,13,3,INVARIANT_MIX,-152.7660642034883
cc-pvdz,0.001,LDA,14,3,INVARIANT_MIX,-152.76606420348818
cc-pvdz,0.001,LDA,15,3,INVARIANT_MIX,-152.76606420348782
cc-pvdz,0.001,LDA,5,1,INVARIANT_MIX,-152.75621632738338
cc-pvdz,0.001,LDA,6,1,INVARIANT_MIX,-152.71075070400263
cc-pvdz,0.001,LDA,7,1,INVARIANT_MIX,-152.68600234965797
cc-pvdz,0.001,LDA,8,1,INVARIANT_MIX,-152.6726153497105
cc-pvdz,0.001,LDA,16,3,INVARIANT_MIX,-152.67217911675667
cc-pvdz,0.001,LDA,17,3,INVARIANT_MIX,-152.6721791167562
cc-pvdz,0.001,LDA,18,3,INVARIANT_MIX,-152.67217911675618
cc-pvdz,0.001,LDA,19,3,INVARIANT_MIX,-152.61518583759337
cc-pvdz,0.001,LDA,20,3,INVARIANT_MIX,-152.6151858375932
cc-pvdz,0.001,LDA,21,3,INVARIANT_MIX,-152.6151858375928
cc-pvdz,0.001,LDA,22,3,INVARIANT_MIX,-152.6071023652941
cc-pvdz,0.001,LDA,23,3,INVARIANT_MIX,-152.60710236529388
cc-pvdz,0.001,LDA,24,3,INVARIANT_MIX,-152.6071023652935
cc-pvdz,0.001,LDA,9,1,INVARIANT_MIX,-152.59976245594768
cc-pvdz,0.001,LDA,25,3,INVARIANT_MIX,-152.59234454380294
cc-pvdz,0.001,LDA,26,3,INVARIANT_MIX,-152.59234454380277
cc-pvdz,0.001,LDA,27,3,INVARIANT_MIX,-152.59234454380265
cc-pvdz,0.001,LDA,10,1,INVARIANT_MIX,-152.5329288271385
cc-pvdz,0.001,LDA,28,3,INVARIANT_MIX,-152.53084656960667
cc-pvdz,0.001,LDA,29,3,INVARIANT_MIX,-152.53084656960652
cc-pvdz,0.001,LDA,30,3,INVARIANT_MIX,-152.53084656960633
cc-pvdz,0.001,LDA,11,1,INVARIANT_MIX,-152.50889561757984
cc-pvdz,0.001,LDA,31,3,INVARIANT_MIX,-152.49306059150132
cc-pvdz,0.001,LDA,32,3,INVARIANT_MIX,-152.49306059150106
cc-pvdz,0.001,LDA,33,3,INVARIANT_MIX,-152.49306059150084
cc-pvdz,0.001,LDA,34,3,INVARIANT_MIX,-152.4820643113581
cc-pvdz,0.001,LDA,35,3,INVARIANT_MIX,-152.4820643113581
cc-pvdz,0.001,LDA,36,3,INVARIANT_MIX,-152.482064311358
cc-pvdz,0.001,LDA,12,1,INVARIANT_MIX,-152.4465163894321
cc-pvdz,0.001,LDA,37,3,INVARIANT_MIX,-152.37217927639304
cc-pvdz,0.001,LDA,38,3,INVARIANT_MIX,-152.37217927639279
cc-pvdz,0.001,LDA,39,3,INVARIANT_MIX,-152.37217927639253
cc-pvdz,0.001,LDA,13,1,INVARIANT_MIX,-152.36539812079755
cc-pvdz,0.001,LDA,40,3,INVARIANT_MIX,-152.3587456603281
cc-pvdz,0.001,LDA,41,3,INVARIANT_MIX,-152.35874566032803
cc-pvdz,0.001,LDA,42,3,INVARIANT_MIX,-152.35874566032803
cc-pvdz,0.001,LDA,14,1,INVARIANT_MIX,-152.35295974486198
cc-pvdz,0.001,LDA,15,1,INVARIANT_MIX,-152.34811935972266
cc-pvdz,0.001,LDA,43,3,INVARIANT_MIX,-152.21495438313482
cc-pvdz,0.001,LDA,44,3,INVARIANT_MIX,-152.21495438313474
cc-pvdz,0.001,LDA,45,3,INVARIANT_MIX,-152.21495438313468
cc-pvdz,0.001,LDA,16,1,INVARIANT_MIX,-152.14879442432886
cc-pvdz,0.001,LDA,17,1,INVARIANT_MIX,-152.13755610434578
cc-pvdz,0.001,LDA,18,1,INVARIANT_MIX,-152.1369163933453
cc-pvdz,0.001,LDA,19,1,INVARIANT_MIX,-152.09864260620134
cc-pvdz,0.001,LDA,20,1,INVARIANT_MIX,-152.06089148684453
cc-pvdz,0.10000000000000009,LDA,1,1,INVARIANT_MIX,-153.0786045279332
cc-pvdz,0.10000000000000009,LDA,1,3,INVARIANT_MIX,-153.0661290007176
cc-pvdz,0.10000000000000009,LDA,2,3,INVARIANT_MIX,-153.06612900071758
cc-pvdz,0.10000000000000009,LDA,3,3,INVARIANT_MIX,-153.06612900071744
cc-pvdz,0.10000000000000009,LDA,2,1,INVARIANT_MIX,-153.00197966735112
cc-pvdz,0.10000000000000009,LDA,4,3,INVARIANT_MIX,-152.9583271977112
cc-pvdz,0.10000000000000009,LDA,5,3,INVARIANT_MIX,-152.95832719771116
cc-pvdz,0.10000000000000009,LDA,6,3,INVARIANT_MIX,-152.95832719771093
cc-pvdz,0.10000000000000009,LDA,3,1,INVARIANT_MIX,-152.9456898345928
cc-pvdz,0.10000000000000009,LDA,7,3,INVARIANT_MIX,-152.94365419675282
cc-pvdz,0.10000000000000009,LDA,8,3,INVARIANT_MIX,-152.94365419675262
cc-pvdz,0.10000000000000009,LDA,9,3,INVARIANT_MIX,-152.9436541967523
cc-pvdz,0.10000000000000009,LDA,1,5,INVARIANT_MIX,-152.85370200897606
cc-pvdz,0.10000000000000009,LDA,2,5,INVARIANT_MIX,-152.85370200897594
cc-pvdz,0.10000000000000009,LDA,3,5,INVARIANT_MIX,-152.8537020089759
cc-pvdz,0.10000000000000009,LDA,4,5,INVARIANT_MIX,-152.85370200897583
cc-pvdz,0.10000000000000009,LDA,5,5,INVARIANT_MIX,-152.85370200897577
cc-pvdz,0.10000000000000009,LDA,10,3,INVARIANT_MIX,-152.77681422021595
cc-pvdz,0.10000000000000009,LDA,11,3,INVARIANT_MIX,-152.77681422021567
cc-pvdz,0.10000000000000009,LDA,12,3,INVARIANT_MIX,-152.77681422021547
cc-pvdz,0.10000000000000009,LDA,4,1,INVARIANT_MIX,-152.76888724497115
cc-pvdz,0.10000000000000009,LDA,13,3,INVARIANT_MIX,-152.7629229813304
cc-pvdz,0.10000000000000009,LDA,14,3,INVARIANT_MIX,-152.76292298133032
cc-pvdz,0.10000000000000009,LDA,15,3,INVARIANT_MIX,-152.76292298133006
cc-pvdz,0.10000000000000009,LDA,5,1,INVARIANT_MIX,-152.7527674811516
cc-pvdz,0.10000000000000009,LDA,6,1,INVARIANT_MIX,-152.71028412989386
cc-pvdz,0.10000000000000009,LDA,7,1,INVARIANT_MIX,-152.6899822306079
cc-pvdz,0.10000000000000009,LDA,16,3,INVARIANT_MIX,-152.67402467031394
cc-pvdz,0.10000000000000009,LDA,17,3,INVARIANT_MIX,-152.67402467031388
cc-pvdz,0.10000000000000009,LDA,18,3,INVARIANT_MIX,-152.67402467031366
cc-pvdz,0.10000000000000009,LDA,8,1,INVARIANT_MIX,-152.66803786400715
cc-pvdz,0.10000000000000009,LDA,19,3,INVARIANT_MIX,-152.61535308191392
cc-pvdz,0.10000000000000009,LDA,20,3,INVARIANT_MIX,-152.6153530819139
cc-pvdz,0.10000000000000009,LDA,21,3,INVARIANT_MIX,-152.61535308191355
cc-pvdz,0.10000000000000009,LDA,22,3,INVARIANT_MIX,-152.6065780975788
cc-pvdz,0.10000000000000009,LDA,23,3,INVARIANT_MIX,-152.60657809757865
cc-pvdz,0.10000000000000009,LDA,24,3,INVARIANT_MIX,-152.6065780975784
cc-pvdz,0.10000000000000009,LDA,9,1,INVARIANT_MIX,-152.60185654508345
cc-pvdz,0.10000000000000009,LDA,25,3,INVARIANT_MIX,-152.58980937537626
cc-pvdz,0.10000000000000009,LDA,26,3,INVARIANT_MIX,-152.5898093753762
cc-pvdz,0.10000000000000009,LDA,27,3,INVARIANT_MIX,-152.58980937537603
cc-pvdz,0.10000000000000009,LDA,10,1,INVARIANT_MIX,-152.53267886939156
cc-pvdz,0.10000000000000009,LDA,28,3,INVARIANT_MIX,-152.53033148617158
cc-pvdz,0.10000000000000009,LDA,29,3,INVARIANT_MIX,-152.53033148617152
cc-pvdz,0.10000000000000009,LDA,30,3,INVARIANT_MIX,-152.53033148617143
cc-pvdz,0.10000000000000009,LDA,11,1,INVARIANT_MIX,-152.50606407879866
cc-pvdz,0.10000000000000009,LDA,31,3,INVARIANT_MIX,-152.49532896589983
cc-pvdz,0.10000000000000009,LDA,32,3,INVARIANT_MIX,-152.49532896589977
cc-pvdz,0.10000000000000009,LDA,33,3,INVARIANT_MIX,-152.49532896589957
cc-pvdz,0.10000000000000009,LDA,34,3,INVARIANT_MIX,-152.47933970482575
cc-pvdz,0.10000000000000009,LDA,35,3,INVARIANT_MIX,-152.47933970482566
cc-pvdz,0.10000000000000009,LDA,36,3,INVARIANT_MIX,-152.47933970482563
cc-pvdz,0.10000000000000009,LDA,12,1,INVARIANT_MIX,-152.44648874466705
cc-pvdz,0.10000000000000009,LDA,37,3,INVARIANT_MIX,-152.37596148211884
cc-pvdz,0.10000000000000009,LDA,38,3,INVARIANT_MIX,-152.37596148211875
cc-pvdz,0.10000000000000009,LDA,39,3,INVARIANT_MIX,-152.37596148211875
cc-pvdz,0.10000000000000009,LDA,13,1,INVARIANT_MIX,-152.3691499314119
cc-pvdz,0.10000000000000009,LDA,40,3,INVARIANT_MIX,-152.3545286862938
cc-pvdz,0.10000000000000009,LDA,41,3,INVARIANT_MIX,-152.35452868629378
cc-pvdz,0.10000000000000009,LDA,42,3,INVARIANT_MIX,-152.35452868629378
cc-pvdz,0.10000000000000009,LDA,14,1,INVARIANT_MIX,-152.3488077725058
cc-pvdz,0.10000000000000009,LDA,15,1,INVARIANT_MIX,-152.34833408165832
cc-pvdz,0.10000000000000009,LDA,43,3,INVARIANT_MIX,-152.21485840707282
cc-pvdz,0.10000000000000009,LDA,44,3,INVARIANT_MIX,-152.21485840707274
cc-pvdz,0.10000000000000009,LDA,45,3,INVARIANT_MIX,-152.21485840707265
cc-pvdz,0.10000000000000009,LDA,16,1,INVARIANT_MIX,-152.14884303900462
cc-pvdz,0.10000000000000009,LDA,17,1,INVARIANT_MIX,-152.13856915558364
cc-pvdz,0.10000000000000009,LDA,18,1,INVARIANT_MIX,-152.13535698837967
cc-pvdz,0.10000000000000009,LDA,19,1,INVARIANT_MIX,-152.09908821755113
cc-pvdz,0.10000000000000009,LDA,20,1,INVARIANT_MIX,-152.0594326142757
cc-pvdz,0.20000000000000018,LDA,1,1,INVARIANT_MIX,-153.0803160419551
cc-pvdz,0.20000000000000018,LDA,1,3,INVARIANT_MIX,-153.06507814387237
cc-pvdz,0.20000000000000018,LDA,2,3,INVARIANT_MIX,-153.06507814387237
cc-pvdz,0.20000000000000018,LDA,3,3,INVARIANT_MIX,-153.06507814387223
cc-pvdz,0.20000000000000018,LDA,2,1,INVARIANT_MIX,-152.99826639523116
cc-pvdz,0.20000000000000018,LDA,4,3,INVARIANT_MIX,-152.96046880012162
cc-pvdz,0.20000000000000018,LDA,5,3,INVARIANT_MIX,-152.9604688001215
cc-pvdz,0.20000000000000018,LDA,6,3,INVARIANT_MIX,-152.96046880012148
cc-pvdz,0.20000000000000018,LDA,3,1,INVARIANT_MIX,-152.9446551136759
cc-pvdz,0.20000000000000018,LDA,7,3,INVARIANT_MIX,-152.9395235139442
cc-pvdz,0.20000000000000018,LDA,8,3,INVARIANT_MIX,-152.939523513944
cc-pvdz,0.20000000000000018,LDA,9,3,INVARIANT_MIX,-152.93952351394395
cc-pvdz,0.20000000000000018,LDA,1,5,INVARIANT_MIX,-152.852709571493
cc-pvdz,0.20000000000000018,LDA,2,5,INVARIANT_MIX,-152.852709571493
cc-pvdz,0.20000000000000018,LDA,3,5,INVARIANT_MIX,-152.852709571493
cc-pvdz,0.20000000000000018,LDA,4,5,INVARIANT_MIX,-152.8527095714929
cc-pvdz,0.20000000000000018,LDA,5,5,INVARIANT_MIX,-152.8527095714929
cc-pvdz,0.20000000000000018,LDA,10,3,INVARIANT_MIX,-152.77857742213868
cc-pvdz,0.20000000000000018,LDA,11,3,INVARIANT_MIX,-152.77857742213862
cc-pvdz,0.20000000000000018,LDA,12,3,INVARIANT_MIX,-152.77857742213862
cc-pvdz,0.20000000000000018,LDA,4,1,INVARIANT_MIX,-152.77087788257964
cc-pvdz,0.20000000000000018,LDA,13,3,INVARIANT_MIX,-152.7591545019649
cc-pvdz,0.20000000000000018,LDA,14,3,INVARIANT_MIX,-152.75915450196462
cc-pvdz,0.20000000000000018,LDA,15,3,INVARIANT_MIX,-152.7591545019643
cc-pvdz,0.20000000000000018,LDA,5,1,INVARIANT_MIX,-152.7486716336602
cc-pvdz,0.20000000000000018,LDA,6,1,INVARIANT_MIX,-152.70910255066602
cc-pvdz,0.20000000000000018,LDA,7,1,INVARIANT_MIX,-152.69341644937464
cc-pvdz,0.20000000000000018,LDA,16,3,INVARIANT_MIX,-152.67602594515094
cc-pvdz,0.20000000000000018,LDA,17,3,INVARIANT_MIX,-152.6760259451507
cc-pvdz,0.20000000000000018,LDA,18,3,INVARIANT_MIX,-152.67602594515023
cc-pvdz,0.20000000000000018,LDA,8,1,INVARIANT_MIX,-152.66284920372405
cc-pvdz,0.20000000000000018,LDA,19,3,INVARIANT_MIX,-152.61509156024957
cc-pvdz,0.20000000000000018,LDA,20,3,INVARIANT_MIX,-152.61509156024948
cc-pvdz,0.20000000000000018,LDA,21,3,INVARIANT_MIX,-152.61509156024945
cc-pvdz,0.20000000000000018,LDA,22,3,INVARIANT_MIX,-152.60519718161038
cc-pvdz,0.20000000000000018,LDA,23,3,INVARIANT_MIX,-152.60519718161024
cc-pvdz,0.20000000000000018,LDA,24,3,INVARIANT_MIX,-152.60519718161015
cc-pvdz,0.20000000000000018,LDA,9,1,INVARIANT_MIX,-152.60423343294036
cc-pvdz,0.20000000000000018,LDA,25,3,INVARIANT_MIX,-152.585757639212
cc-pvdz,0.20000000000000018,LDA,26,3,INVARIANT_MIX,-152.58575763921195
cc-pvdz,0.20000000000000018,LDA,27,3,INVARIANT_MIX,-152.58575763921166
cc-pvdz,0.20000000000000018,LDA,10,1,INVARIANT_MIX,-152.5317559896824
cc-pvdz,0.20000000000000018,LDA,28,3,INVARIANT_MIX,-152.52908618817543
cc-pvdz,0.20000000000000018,LDA,29,3,INVARIANT_MIX,-152.52908618817534
cc-pvdz,0.20000000000000018,LDA,30,3,INVARIANT_MIX,-152.52908618817526
cc-pvdz,0.20000000000000018,LDA,11,1,INVARIANT_MIX,-152.50159749153357
cc-pvdz,0.20000000000000018,LDA,31,3,INVARIANT_MIX,-152.4968721454741
cc-pvdz,0.20000000000000018,LDA,32,3,INVARIANT_MIX,-152.4968721454741
cc-pvdz,0.20000000000000018,LDA,33,3,INVARIANT_MIX,-152.49687214547401
cc-pvdz,0.20000000000000018,LDA,34,3,INVARIANT_MIX,-152.47584825571258
cc-pvdz,0.20000000000000018,LDA,35,3,INVARIANT_MIX,-152.47584825571258
cc-pvdz,0.20000000000000018,LDA,36,3,INVARIANT_MIX,-152.47584825571252
cc-pvdz,0.20000000000000018,LDA,12,1,INVARIANT_MIX,-152.445872057795
cc-pvdz,0.20000000000000018,LDA,37,3,INVARIANT_MIX,-152.37902326169853
cc-pvdz,0.20000000000000018,LDA,38,3,INVARIANT_MIX,-152.3790232616985
cc-pvdz,0.20000000000000018,LDA,39,3,INVARIANT_MIX,-152.37902326169822
cc-pvdz,0.20000000000000018,LDA,13,1,INVARIANT_MIX,-152.37218437722257
cc-pvdz,0.20000000000000018,LDA,40,3,INVARIANT_MIX,-152.349530978978
cc-pvdz,0.20000000000000018,LDA,41,3,INVARIANT_MIX,-152.34953097897795
cc-pvdz,0.20000000000000018,LDA,42,3,INVARIANT_MIX,-152.34953097897773
cc-pvdz,0.20000000000000018,LDA,14,1,INVARIANT_MIX,-152.34805801189464
cc-pvdz,0.20000000000000018,LDA,15,1,INVARIANT_MIX,-152.34387620271934
cc-pvdz,0.20000000000000018,LDA,43,3,INVARIANT_MIX,-152.2139441596521
cc-pvdz,0.20000000000000018,LDA,44,3,INVARIANT_MIX,-152.21394415965196
cc-pvdz,0.20000000000000018,LDA,45,3,INVARIANT_MIX,-152.21394415965193
cc-pvdz,0.20000000000000018,LDA,16,1,INVARIANT_MIX,-152.14811558025417
cc-pvdz,0.20000000000000018,LDA,17,1,INVARIANT_MIX,-152.13881670863506
cc-pvdz,0.20000000000000018,LDA,18,1,INVARIANT_MIX,-152.13300312271085
cc-pvdz,0.20000000000000018,LDA,19,1,INVARIANT_MIX,-152.09881493866362
cc-pvdz,0.20000000000000018,LDA,20,1,INVARIANT_MIX,-152.0567804960578
cc-pvdz,0.30000000000000004,LDA,1,1,INVARIANT_MIX,-153.08221465547453
cc-pvdz,0.30000000000000004,LDA,1,3,INVARIANT_MIX,-153.0634910473272
cc-pvdz,0.30000000000000004,LDA,2,3,INVARIANT_MIX,-153.0634910473271
cc-pvdz,0.30000000000000004,LDA,3,3,INVARIANT_MIX,-153.06349104732703
cc-pvdz,0.30000000000000004,LDA,2,1,INVARIANT_MIX,-152.99331720224097
cc-pvdz,0.30000000000000004,LDA,4,3,INVARIANT_MIX,-152.96200705977046
cc-pvdz,0.30000000000000004,LDA,5,3,INVARIANT_MIX,-152.96200705977043
cc-pvdz,0.30000000000000004,LDA,6,3,INVARIANT_MIX,-152.96200705977034
cc-pvdz,0.30000000000000004,LDA,3,1,INVARIANT_MIX,-152.94308107876523
cc-pvdz,0.30000000000000004,LDA,7,3,INVARIANT_MIX,-152.93480393216532
cc-pvdz,0.30000000000000004,LDA,8,3,INVARIANT_MIX,-152.9348039321653
cc-pvdz,0.30000000000000004,LDA,9,3,INVARIANT_MIX,-152.93480393216527
cc-pvdz,0.30000000000000004,LDA,1,5,INVARIANT_MIX,-152.8510503614687
cc-pvdz,0.30000000000000004,LDA,2,5,INVARIANT_MIX,-152.8510503614687
cc-pvdz,0.30000000000000004,LDA,3,5,INVARIANT_MIX,-152.85105036146857
cc-pvdz,0.30000000000000004,LDA,4,5,INVARIANT_MIX,-152.85105036146854
cc-pvdz,0.30000000000000004,LDA,5,5,INVARIANT_MIX,-152.85105036146854
cc-pvdz,0.30000000000000004,LDA,10,3,INVARIANT_MIX,-152.77973566741144
cc-pvdz,0.30000000000000004,LDA,11,3,INVARIANT_MIX,-152.77973566741136
cc-pvdz,0.30000000000000004,LDA,12,3,INVARIANT_MIX,-152.7797356674112
cc-pvdz,0.30000000000000004,LDA,4,1,INVARIANT_MIX,-152.77225171139492
cc-pvdz,0.30000000000000004,LDA,13,3,INVARIANT_MIX,-152.7547929102305
cc-pvdz,0.30000000000000004,LDA,14,3,INVARIANT_MIX,-152.7547929102304
cc-pvdz,0.30000000000000004,LDA,15,3,INVARIANT_MIX,-152.75479291023032
cc-pvdz,0.30000000000000004,LDA,5,1,INVARIANT_MIX,-152.74396513250673
cc-pvdz,0.30000000000000004,LDA,6,1,INVARIANT_MIX,-152.70721276305764
cc-pvdz,0.30000000000000004,LDA,7,1,INVARIANT_MIX,-152.69626871127292
cc-pvdz,0.30000000000000004,LDA,16,3,INVARIANT_MIX,-152.67801553951355
cc-pvdz,0.30000000000000004,LDA,17,3,INVARIANT_MIX,-152.67801553951338
cc-pvdz,0.30000000000000004,LDA,18,3,INVARIANT_MIX,-152.67801553951332
cc-pvdz,0.30000000000000004,LDA,8,1,INVARIANT_MIX,-152.65709734129126
cc-pvdz,0.30000000000000004,LDA,19,3,INVARIANT_MIX,-152.61433642274196
cc-pvdz,0.30000000000000004,LDA,20,3,INVARIANT_MIX,-152.6143364227417
cc-pvdz,0.30000000000000004,LDA,21,3,INVARIANT_MIX,-152.61433642274162
cc-pvdz,0.30000000000000004,LDA,9,1,INVARIANT_MIX,-152.60670318921464
cc-pvdz,0.30000000000000004,LDA,22,3,INVARIANT_MIX,-152.60303308638996
cc-pvdz,0.30000000000000004,LDA,23,3,INVARIANT_MIX,-152.6030330863898
cc-pvdz,0.30000000000000004,LDA,24,3,INVARIANT_MIX,-152.60303308638964
cc-pvdz,0.30000000000000004,LDA,25,3,INVARIANT_MIX,-152.58036867417283
cc-pvdz,0.30000000000000004,LDA,26,3,INVARIANT_MIX,-152.5803686741728
cc-pvdz,0.30000000000000004,LDA,27,3,INVARIANT_MIX,-152.58036867417277
cc-pvdz,0.30000000000000004,LDA,10,1,INVARIANT_MIX,-152.53016575558212
cc-pvdz,0.30000000000000004,LDA,28,3,INVARIANT_MIX,-152.5271181868745
cc-pvdz,0.30000000000000004,LDA,29,3,INVARIANT_MIX,-152.52711818687445
cc-pvdz,0.30000000000000004,LDA,30,3,INVARIANT_MIX,-152.5271181868744
cc-pvdz,0.30000000000000004,LDA,31,3,INVARIANT_MIX,-152.49767121756568
cc-pvdz,0.30000000000000004,LDA,32,3,INVARIANT_MIX,-152.49767121756568
cc-pvdz,0.30000000000000004,LDA,33,3,INVARIANT_MIX,-152.49767121756543
cc-pvdz,0.30000000000000004,LDA,11,1,INVARIANT_MIX,-152.4956982958439
cc-pvdz,0.30000000000000004,LDA,34,3,INVARIANT_MIX,-152.4716181375283
cc-pvdz,0.30000000000000004,LDA,35,3,INVARIANT_MIX,-152.47161813752822
cc-pvdz,0.30000000000000004,LDA,36,3,INVARIANT_MIX,-152.47161813752808
cc-pvdz,0.30000000000000004,LDA,12,1,INVARIANT_MIX,-152.44466716214308
cc-pvdz,0.30000000000000004,LDA,37,3,INVARIANT_MIX,-152.38132846217735
cc-pvdz,0.30000000000000004,LDA,38,3,INVARIANT_MIX,-152.38132846217707
cc-pvdz,0.30000000000000004,LDA,39,3,INVARIANT_MIX,-152.38132846217692
cc-pvdz,0.30000000000000004,LDA,13,1,INVARIANT_MIX,-152.37446588713453
cc-pvdz,0.30000000000000004,LDA,14,1,INVARIANT_MIX,-152.3472890612022
cc-pvdz,0.30000000000000004,LDA,40,3,INVARIANT_MIX,-152.34379663414325
cc-pvdz,0.30000000000000004,LDA,41,3,INVARIANT_MIX,-152.3437966341432
cc-pvdz,0.30000000000000004,LDA,42,3,INVARIANT_MIX,-152.34379663414316
cc-pvdz,0.30000000000000004,LDA,15,1,INVARIANT_MIX,-152.33820837311683
cc-pvdz,0.30000000000000004,LDA,43,3,INVARIANT_MIX,-152.21221432919245
cc-pvdz,0.30000000000000004,LDA,44,3,INVARIANT_MIX,-152.21221432919242
cc-pvdz,0.30000000000000004,LDA,45,3,INVARIANT_MIX,-152.2122143291924
cc-pvdz,0.30000000000000004,LDA,16,1,INVARIANT_MIX,-152.14661338289434
cc-pvdz,0.30000000000000004,LDA,17,1,INVARIANT_MIX,-152.13828958649006
cc-pvdz,0.30000000000000004,LDA,18,1,INVARIANT_MIX,-152.12987414447375
cc-pvdz,0.30000000000000004,LDA,19,1,INVARIANT_MIX,-152.0977827862128
cc-pvdz,0.30000000000000004,LDA,20,1,INVARIANT_MIX,-152.05299277941026
cc-pvdz,0.40000000000000013,LDA,1,1,INVARIANT_MIX,-153.08414933870782
cc-pvdz,0.40000000000000013,LDA,1,3,INVARIANT_MIX,-153.06137179285616
cc-pvdz,0.40000000000000013,LDA,2,3,INVARIANT_MIX,-153.06137179285597
cc-pvdz,0.40000000000000013,LDA,3,3,INVARIANT_MIX,-153.06137179285597
cc-pvdz,0.40000000000000013,LDA,2,1,INVARIANT_MIX,-152.98729144183562
cc-pvdz,0.40000000000000013,LDA,4,3,INVARIANT_MIX,-152.96294684041192
cc-pvdz,0.40000000000000013,LDA,5,3,INVARIANT_MIX,-152.9629468404119
cc-pvdz,0.40000000000000013,LDA,6,3,INVARIANT_MIX,-152.9629468404116
cc-pvdz,0.40000000000000013,LDA,3,1,INVARIANT_MIX,-152.9409718268777
cc-pvdz,0.40000000000000013,LDA,7,3,INVARIANT_MIX,-152.92949871951072
cc-pvdz,0.40000000000000013,LDA,8,3,INVARIANT_MIX,-152.9294987195107
cc-pvdz,0.40000000000000013,LDA,9,3,INVARIANT_MIX,-152.9294987195107
cc-pvdz,0.40000000000000013,LDA,1,5,INVARIANT_MIX,-152.8487284768282
cc-pvdz,0.40000000000000013,LDA,2,5,INVARIANT_MIX,-152.84872847682814
cc-pvdz,0.40000000000000013,LDA,3,5,INVARIANT_MIX,-152.84872847682811
cc-pvdz,0.40000000000000013,LDA,4,5,INVARIANT_MIX,-152.8487284768281
cc-pvdz,0.40000000000000013,LDA,5,5,INVARIANT_MIX,-152.8487284768279
cc-pvdz,0.40000000000000013,LDA,10,3,INVARIANT_MIX,-152.78029376763018
cc-pvdz,0.40000000000000013,LDA,11,3,INVARIANT_MIX,-152.7802937676301
cc-pvdz,0.40000000000000013,LDA,12,3,INVARIANT_MIX,-152.78029376762996
cc-pvdz,0.40000000000000013,LDA,4,1,INVARIANT_MIX,-152.77301415739566
cc-pvdz,0.40000000000000013,LDA,13,3,INVARIANT_MIX,-152.74984203276293
cc-pvdz,0.40000000000000013,LDA,14,3,INVARIANT_MIX,-152.74984203276287
cc-pvdz,0.40000000000000013,LDA,15,3,INVARIANT_MIX,-152.7498420327628
cc-pvdz,0.40000000000000013,LDA,5,1,INVARIANT_MIX,-152.73865093360834
cc-pvdz,0.40000000000000013,LDA,6,1,INVARIANT_MIX,-152.70461876318836
cc-pvdz,0.40000000000000013,LDA,7,1,INVARIANT_MIX,-152.69854423538956
cc-pvdz,0.40000000000000013,LDA,16,3,INVARIANT_MIX,-152.67985698322386
cc-pvdz,0.40000000000000013,LDA,17,3,INVARIANT_MIX,-152.67985698322377
cc-pvdz,0.40000000000000013,LDA,18,3,INVARIANT_MIX,-152.67985698322357
cc-pvdz,0.40000000000000013,LDA,8,1,INVARIANT_MIX,-152.6507852551993
cc-pvdz,0.40000000000000013,LDA,19,3,INVARIANT_MIX,-152.61303993585867
cc-pvdz,0.40000000000000013,LDA,20,3,INVARIANT_MIX,-152.6130399358586
cc-pvdz,0.40000000000000013,LDA,21,3,INVARIANT_MIX,-152.6130399358586
cc-pvdz,0.40000000000000013,LDA,9,1,INVARIANT_MIX,-152.60910966452116
cc-pvdz,0.40000000000000013,LDA,22,3,INVARIANT_MIX,-152.60014182036846
cc-pvdz,0.40000000000000013,LDA,23,3,INVARIANT_MIX,-152.60014182036824
cc-pvdz,0.40000000000000013,LDA,24,3,INVARIANT_MIX,-152.60014182036824
cc-pvdz,0.40000000000000013,LDA,25,3,INVARIANT_MIX,-152.5737873889078
cc-pvdz,0.40000000000000013,LDA,26,3,INVARIANT_MIX,-152.57378738890762
cc-pvdz,0.40000000000000013,LDA,27,3,INVARIANT_MIX,-152.57378738890748
cc-pvdz,0.40000000000000013,LDA,10,1,INVARIANT_MIX,-152.52791306995852
cc-pvdz,0.40000000000000013,LDA,28,3,INVARIANT_MIX,-152.52443165534396
cc-pvdz,0.40000000000000013,LDA,29,3,INVARIANT_MIX,-152.52443165534393
cc-pvdz,0.40000000000000013,LDA,30,3,INVARIANT_MIX,-152.5244316553438
cc-pvdz,0.40000000000000013,LDA,31,3,INVARIANT_MIX,-152.4977323267405
cc-pvdz,0.40000000000000013,LDA,32,3,INVARIANT_MIX,-152.49773232674045
cc-pvdz,0.40000000000000013,LDA,33,3,INVARIANT_MIX,-152.49773232674008
cc-pvdz,0.40000000000000013,LDA,11,1,INVARIANT_MIX,-152.48853114650296
cc-pvdz,0.40000000000000013,LDA,34,3,INVARIANT_MIX,-152.46665203618235
cc-pvdz,0.40000000000000013,LDA,35,3,INVARIANT_MIX,-152.46665203618227
cc-pvdz,0.40000000000000013,LDA,36,3,INVARIANT_MIX,-152.46665203618204
cc-pvdz,0.40000000000000013,LDA,12,1,INVARIANT_MIX,-152.44287541743105
cc-pvdz,0.40000000000000013,LDA,37,3,INVARIANT_MIX,-152.38288113477174
cc-pvdz,0.40000000000000013,LDA,38,3,INVARIANT_MIX,-152.38288113477157
cc-pvdz,0.40000000000000013,LDA,39,3,INVARIANT_MIX,-152.38288113477114
cc-pvdz,0.40000000000000013,LDA,13,1,INVARIANT_MIX,-152.37599878352188
cc-pvdz,0.40000000000000013,LDA,14,1,INVARIANT_MIX,-152.34602720619225
cc-pvdz,0.40000000000000013,LDA,40,3,INVARIANT_MIX,-152.33732910421472
cc-pvdz,0.40000000000000013,LDA,41,3,INVARIANT_MIX,-152.33732910421458
cc-pvdz,0.40000000000000013,LDA,42,3,INVARIANT_MIX,-152.33732910421458
cc-pvdz,0.40000000000000013,LDA,15,1,INVARIANT_MIX,-152.33180764298874
cc-pvdz,0.40000000000000013,LDA,43,3,INVARIANT_MIX,-152.20967299472443
cc-pvdz,0.40000000000000013,LDA,44,3,INVARIANT_MIX,-152.20967299472431
cc-pvdz,0.40000000000000013,LDA,45,3,INVARIANT_MIX,-152.2096729947243
cc-pvdz,0.40000000000000013,LDA,16,1,INVARIANT_MIX,-152.1443404123469
cc-pvdz,0.40000000000000013,LDA,17,1,INVARIANT_MIX,-152.13699107859105
cc-pvdz,0.40000000000000013,LDA,18,1,INVARIANT_MIX,-152.125975947164
cc-pvdz,0.40000000000000013,LDA,19,1,INVARIANT_MIX,-152.0959640205142
cc-pvdz,0.40000000000000013,LDA,20,1,INVARIANT_MIX,-152.04811195679287
cc-pvdz,0.5,LDA,1,1,INVARIANT_MIX,-153.0859936336763
cc-pvdz,0.5,LDA,1,3,INVARIANT_MIX,-153.05872285802863
cc-pvdz,0.5,LDA,2,3,INVARIANT_MIX,-153.05872285802857
cc-pvdz,0.5,LDA,3,3,INVARIANT_MIX,-153.05872285802857
cc-pvdz,0.5,LDA,2,1,INVARIANT_MIX,-152.98032066834023
cc-pvdz,0.5,LDA,4,3,INVARIANT_MIX,-152.9632913840753
cc-pvdz,0.5,LDA,5,3,INVARIANT_MIX,-152.96329138407478
cc-pvdz,0.5,LDA,6,3,INVARIANT_MIX,-152.96329138407467
cc-pvdz,0.5,LDA,3,1,INVARIANT_MIX,-152.93832988535212
cc-pvdz,0.5,LDA,7,3,INVARIANT_MIX,-152.92360949577127
cc-pvdz,0.5,LDA,8,3,INVARIANT_MIX,-152.9236094957711
cc-pvdz,0.5,LDA,9,3,INVARIANT_MIX,-152.92360949577093
cc-pvdz,0.5,LDA,1,5,INVARIANT_MIX,-152.8457463567148
cc-pvdz,0.5,LDA,2,5,INVARIANT_MIX,-152.84574635671478
cc-pvdz,0.5,LDA,3,5,INVARIANT_MIX,-152.84574635671478
cc-pvdz,0.5,LDA,4,5,INVARIANT_MIX,-152.84574635671476
cc-pvdz,0.5,LDA,5,5,INVARIANT_MIX,-152.8457463567146
cc-pvdz,0.5,LDA,10,3,INVARIANT_MIX,-152.78025493908314
cc-pvdz,0.5,LDA,11,3,INVARIANT_MIX,-152.7802549390827
cc-pvdz,0.5,LDA,12,3,INVARIANT_MIX,-152.7802549390827
cc-pvdz,0.5,LDA,4,1,INVARIANT_MIX,-152.77316902355653
cc-pvdz,0.5,LDA,13,3,INVARIANT_MIX,-152.74430411869014
cc-pvdz,0.5,LDA,14,3,INVARIANT_MIX,-152.74430411869014
cc-pvdz,0.5,LDA,15,3,INVARIANT_MIX,-152.74430411869002
cc-pvdz,0.5,LDA,5,1,INVARIANT_MIX,-152.7327303651032
cc-pvdz,0.5,LDA,6,1,INVARIANT_MIX,-152.70132289620426
cc-pvdz,0.5,LDA,7,1,INVARIANT_MIX,-152.7002466036788
cc-pvdz,0.5,LDA,16,3,INVARIANT_MIX,-152.68143709245592
cc-pvdz,0.5,LDA,17,3,INVARIANT_MIX,-152.68143709245578
cc-pvdz,0.5,LDA,18,3,INVARIANT_MIX,-152.68143709245575
cc-pvdz,0.5,LDA,8,1,INVARIANT_MIX,-152.64391434318955
cc-pvdz,0.5,LDA,9,1,INVARIANT_MIX,-152.61132296370315
cc-pvdz,0.5,LDA,19,3,INVARIANT_MIX,-152.61116961167232
cc-pvdz,0.5,LDA,20,3,INVARIANT_MIX,-152.61116961167198
cc-pvdz,0.5,LDA,21,3,INVARIANT_MIX,-152.6111696116719
cc-pvdz,0.5,LDA,22,3,INVARIANT_MIX,-152.59656095390577
cc-pvdz,0.5,LDA,23,3,INVARIANT_MIX,-152.59656095390562
cc-pvdz,0.5,LDA,24,3,INVARIANT_MIX,-152.59656095390554
cc-pvdz,0.5,LDA,25,3,INVARIANT_MIX,-152.56613207152088
cc-pvdz,0.5,LDA,26,3,INVARIANT_MIX,-152.56613207152088
cc-pvdz,0.5,LDA,27,3,INVARIANT_MIX,-152.5661320715208
cc-pvdz,0.5,LDA,10,1,INVARIANT_MIX,-152.5250013323522
cc-pvdz,0.5,LDA,28,3,INVARIANT_MIX,-152.52102900531395
cc-pvdz,0.5,LDA,29,3,INVARIANT_MIX,-152.52102900531386
cc-pvdz,0.5,LDA,30,3,INVARIANT_MIX,-152.52102900531375
cc-pvdz,0.5,LDA,31,3,INVARIANT_MIX,-152.49706000700948
cc-pvdz,0.5,LDA,32,3,INVARIANT_MIX,-152.49706000700942
cc-pvdz,0.5,LDA,33,3,INVARIANT_MIX,-152.49706000700925
cc-pvdz,0.5,LDA,11,1,INVARIANT_MIX,-152.4802311330384
cc-pvdz,0.5,LDA,34,3,INVARIANT_MIX,-152.46095095787248
cc-pvdz,0.5,LDA,35,3,INVARIANT_MIX,-152.46095095787226
cc-pvdz,0.5,LDA,36,3,INVARIANT_MIX,-152.46095095787223
cc-pvdz,0.5,LDA,12,1,INVARIANT_MIX,-152.44049605824412
cc-pvdz,0.5,LDA,37,3,INVARIANT_MIX,-152.3836835131792
cc-pvdz,0.5,LDA,38,3,INVARIANT_MIX,-152.38368351317916
cc-pvdz,0.5,LDA,39,3,INVARIANT_MIX,-152.38368351317916
cc-pvdz,0.5,LDA,13,1,INVARIANT_MIX,-152.3767855817912
cc-pvdz,0.5,LDA,14,1,INVARIANT_MIX,-152.34426992980318
cc-pvdz,0.5,LDA,40,3,INVARIANT_MIX,-152.33013009312938
cc-pvdz,0.5,LDA,41,3,INVARIANT_MIX,-152.33013009312918
cc-pvdz,0.5,LDA,42,3,INVARIANT_MIX,-152.3301300931291
cc-pvdz,0.5,LDA,15,1,INVARIANT_MIX,-152.32467563470541
cc-pvdz,0.5,LDA,43,3,INVARIANT_MIX,-152.2063224912702
cc-pvdz,0.5,LDA,44,3,INVARIANT_MIX,-152.20632249127019
cc-pvdz,0.5,LDA,45,3,INVARIANT_MIX,-152.20632249127019
cc-pvdz,0.5,LDA,16,1,INVARIANT_MIX,-152.14129887309167
cc-pvdz,0.5,LDA,17,1,INVARIANT_MIX,-152.13492281110337
cc-pvdz,0.5,LDA,18,1,INVARIANT_MIX,-152.12131280526683
cc-pvdz,0.5,LDA,19,1,INVARIANT_MIX,-152.09333611910392
cc-pvdz,0.5,LDA,20,1,INVARIANT_MIX,-152.0421729575017
cc-pvdz,0.6000000000000001,LDA,1,1,INVARIANT_MIX,-153.08764794401353
cc-pvdz,0.6000000000000001,LDA,1,3,INVARIANT_MIX,-153.0555451364171
cc-pvdz,0.6000000000000001,LDA,2,3,INVARIANT_MIX,-153.05554513641704
cc-pvdz,0.6000000000000001,LDA,3,3,INVARIANT_MIX,-153.05554513641695
cc-pvdz,0.6000000000000001,LDA,2,1,INVARIANT_MIX,-152.97250638403312
cc-pvdz,0.6000000000000001,LDA,4,3,INVARIANT_MIX,-152.96304233263945
cc-pvdz,0.6000000000000001,LDA,5,3,INVARIANT_MIX,-152.96304233263945
cc-pvdz,0.6000000000000001,LDA,6,3,INVARIANT_MIX,-152.96304233263922
cc-pvdz,0.6000000000000001,LDA,3,1,INVARIANT_MIX,-152.9351562326013
cc-pvdz,0.6000000000000001,LDA,7,3,INVARIANT_MIX,-152.91713625137126
cc-pvdz,0.6000000000000001,LDA,8,3,INVARIANT_MIX,-152.91713625137103
cc-pvdz,0.6000000000000001,LDA,9,3,INVARIANT_MIX,-152.91713625137095
cc-pvdz,0.6000000000000001,LDA,1,5,INVARIANT_MIX,-152.84210480291898
cc-pvdz,0.6000000000000001,LDA,2,5,INVARIANT_MIX,-152.84210480291898
cc-pvdz,0.6000000000000001,LDA,3,5,INVARIANT_MIX,-152.84210480291893
cc-pvdz,0.6000000000000001,LDA,4,5,INVARIANT_MIX,-152.8421048029189
cc-pvdz,0.6000000000000001,LDA,5,5,INVARIANT_MIX,-152.8421048029189
cc-pvdz,0.6000000000000001,LDA,10,3,INVARIANT_MIX,-152.77962082195185
cc-pvdz,0.6000000000000001,LDA,11,3,INVARIANT_MIX,-152.7796208219518
cc-pvdz,0.6000000000000001,LDA,12,3,INVARIANT_MIX,-152.77962082195148
cc-pvdz,0.6000000000000001,LDA,4,1,INVARIANT_MIX,-152.7727185130857
cc-pvdz,0.6000000000000001,LDA,13,3,INVARIANT_MIX,-152.73817986172037
cc-pvdz,0.6000000000000001,LDA,14,3,INVARIANT_MIX,-152.73817986172034
cc-pvdz,0.6000000000000001,LDA,15,3,INVARIANT_MIX,-152.73817986172017
cc-pvdz,0.6000000000000001,LDA,5,1,INVARIANT_MIX,-152.72620314652312
cc-pvdz,0.6000000000000001,LDA,6,1,INVARIANT_MIX,-152.70137777889312
cc-pvdz,0.6000000000000001,LDA,7,1,INVARIANT_MIX,-152.69732588228254
cc-pvdz,0.6000000000000001,LDA,16,3,INVARIANT_MIX,-152.682666413854
cc-pvdz,0.6000000000000001,LDA,17,3,INVARIANT_MIX,-152.68266641385395
cc-pvdz,0.6000000000000001,LDA,18,3,INVARIANT_MIX,-152.6826664138539
cc-pvdz,0.6000000000000001,LDA,8,1,INVARIANT_MIX,-152.6364844537629
cc-pvdz,0.6000000000000001,LDA,9,1,INVARIANT_MIX,-152.61324031617553
cc-pvdz,0.6000000000000001,LDA,19,3,INVARIANT_MIX,-152.60870366530614
cc-pvdz,0.6000000000000001,LDA,20,3,INVARIANT_MIX,-152.60870366530602
cc-pvdz,0.6000000000000001,LDA,21,3,INVARIANT_MIX,-152.60870366530602
cc-pvdz,0.6000000000000001,LDA,22,3,INVARIANT_MIX,-152.59231418648108
cc-pvdz,0.6000000000000001,LDA,23,3,INVARIANT_MIX,-152.59231418648102
cc-pvdz,0.6000000000000001,LDA,24,3,INVARIANT_MIX,-152.59231418648085
cc-pvdz,0.6000000000000001,LDA,25,3,INVARIANT_MIX,-152.55749398818176
cc-pvdz,0.6000000000000001,LDA,26,3,INVARIANT_MIX,-152.55749398818173
cc-pvdz,0.6000000000000001,LDA,27,3,INVARIANT_MIX,-152.55749398818168
cc-pvdz,0.6000000000000001,LDA,10,1,INVARIANT_MIX,-152.5214324674027
cc-pvdz,0.6000000000000001,LDA,28,3,INVARIANT_MIX,-152.51691092663086
cc-pvdz,0.6000000000000001,LDA,29,3,INVARIANT_MIX,-152.5169109266307
cc-pvdz,0.6000000000000001,LDA,30,3,INVARIANT_MIX,-152.5169109266307
cc-pvdz,0.6000000000000001,LDA,31,3,INVARIANT_MIX,-152.49565721319675
cc-pvdz,0.6000000000000001,LDA,32,3,INVARIANT_MIX,-152.4956572131966
cc-pvdz,0.6000000000000001,LDA,33,3,INVARIANT_MIX,-152.49565721319632
cc-pvdz,0.6000000000000001,LDA,11,1,INVARIANT_MIX,-152.4709029524463
cc-pvdz,0.6000000000000001,LDA,34,3,INVARIANT_MIX,-152.45451424658498
cc-pvdz,0.6000000000000001,LDA,35,3,INVARIANT_MIX,-152.4545142465848
cc-pvdz,0.6000000000000001,LDA,36,3,INVARIANT_MIX,-152.4545142465843
cc-pvdz,0.6000000000000001,LDA,12,1,INVARIANT_MIX,-152.43752623872965
cc-pvdz,0.6000000000000001,LDA,37,3,INVARIANT_MIX,-152.38373602867927
cc-pvdz,0.6000000000000001,LDA,38,3,INVARIANT_MIX,-152.38373602867918
cc-pvdz,0.6000000000000001,LDA,39,3,INVARIANT_MIX,-152.38373602867898
cc-pvdz,0.6000000000000001,LDA,13,1,INVARIANT_MIX,-152.3768270032884
cc-pvdz,0.6000000000000001,LDA,14,1,INVARIANT_MIX,-152.34201233410576
cc-pvdz,0.6000000000000001,LDA,40,3,INVARIANT_MIX,-152.32219958264295
cc-pvdz,0.6000000000000001,LDA,41,3,INVARIANT_MIX,-152.32219958264292
cc-pvdz,0.6000000000000001,LDA,42,3,INVARIANT_MIX,-152.3221995826425
cc-pvdz,0.6000000000000001,LDA,15,1,INVARIANT_MIX,-152.3168122603716
cc-pvdz,0.6000000000000001,LDA,43,3,INVARIANT_MIX,-152.2021634332889
cc-pvdz,0.6000000000000001,LDA,44,3,INVARIANT_MIX,-152.20216343328883
cc-pvdz,0.6000000000000001,LDA,45,3,INVARIANT_MIX,-152.20216343328877
cc-pvdz,0.6000000000000001,LDA,16,1,INVARIANT_MIX,-152.13748923052503
cc-pvdz,0.6000000000000001,LDA,17,1,INVARIANT_MIX,-152.13208476539003
cc-pvdz,0.6000000000000001,LDA,18,1,INVARIANT_MIX,-152.11588739678186
cc-pvdz,0.6000000000000001,LDA,19,1,INVARIANT_MIX,-152.08988152387414
cc-pvdz,0.6000000000000001,LDA,20,1,INVARIANT_MIX,-152.035203324408
cc-pvdz,0.7000000000000002,LDA,1,1,INVARIANT_MIX,-153.08903582409823
cc-pvdz,0.7000000000000002,LDA,1,3,INVARIANT_MIX,-153.05183795409383
cc-pvdz,0.7000000000000002,LDA,2,3,INVARIANT_MIX,-153.05183795409383
cc-pvdz,0.7000000000000002,LDA,3,3,INVARIANT_MIX,-153.05183795409377
cc-pvdz,0.7000000000000002,LDA,2,1,INVARIANT_MIX,-152.96392377920952
cc-pvdz,0.7000000000000002,LDA,4,3,INVARIANT_MIX,-152.96219974567953
cc-pvdz,0.7000000000000002,LDA,5,3,INVARIANT_MIX,-152.96219974567936
cc-pvdz,0.7000000000000002,LDA,6,3,INVARIANT_MIX,-152.96219974567927
cc-pvdz,0.7000000000000002,LDA,3,1,INVARIANT_MIX,-152.93145031529653
cc-pvdz,0.7000000000000002,LDA,7,3,INVARIANT_MIX,-152.91007736271828
cc-pvdz,0.7000000000000002,LDA,8,3,INVARIANT_MIX,-152.91007736271766
cc-pvdz,0.7000000000000002,LDA,9,3,INVARIANT_MIX,-152.91007736271754
cc-pvdz,0.7000000000000002,LDA,1,5,INVARIANT_MIX,-152.83780299774443
cc-pvdz,0.7000000000000002,LDA,2,5,INVARIANT_MIX,-152.8378029977444
cc-pvdz,0.7000000000000002,LDA,3,5,INVARIANT_MIX,-152.8378029977444
cc-pvdz,0.7000000000000002,LDA,4,5,INVARIANT_MIX,-152.83780299774438
cc-pvdz,0.7000000000000002,LDA,5,5,INVARIANT_MIX,-152.8378029977443
cc-pvdz,0.7000000000000002,LDA,10,3,INVARIANT_MIX,-152.77839149614405
cc-pvdz,0.7000000000000002,LDA,11,3,INVARIANT_MIX,-152.77839149614402
cc-pvdz,0.7000000000000002,LDA,12,3,INVARIANT_MIX,-152.77839149614388
cc-pvdz,0.7000000000000002,LDA,4,1,INVARIANT_MIX,-152.7716632490924
cc-pvdz,0.7000000000000002,LDA,13,3,INVARIANT_MIX,-152.73146841836916
cc-pvdz,0.7000000000000002,LDA,14,3,INVARIANT_MIX,-152.73146841836862
cc-pvdz,0.7000000000000002,LDA,15,3,INVARIANT_MIX,-152.73146841836856
cc-pvdz,0.7000000000000002,LDA,5,1,INVARIANT_MIX,-152.71906740439695
cc-pvdz,0.7000000000000002,LDA,6,1,INVARIANT_MIX,-152.7019381193224
cc-pvdz,0.7000000000000002,LDA,7,1,INVARIANT_MIX,-152.6926268394011
cc-pvdz,0.7000000000000002,LDA,16,3,INVARIANT_MIX,-152.68347558674583
cc-pvdz,0.7000000000000002,LDA,17,3,INVARIANT_MIX,-152.68347558674574
cc-pvdz,0.7000000000000002,LDA,18,3,INVARIANT_MIX,-152.68347558674571
cc-pvdz,0.7000000000000002,LDA,8,1,INVARIANT_MIX,-152.6284939149786
cc-pvdz,0.7000000000000002,LDA,9,1,INVARIANT_MIX,-152.61478210223126
cc-pvdz,0.7000000000000002,LDA,19,3,INVARIANT_MIX,-152.60562662115646
cc-pvdz,0.7000000000000002,LDA,20,3,INVARIANT_MIX,-152.60562662115623
cc-pvdz,0.7000000000000002,LDA,21,3,INVARIANT_MIX,-152.6056266211559
cc-pvdz,0.7000000000000002,LDA,22,3,INVARIANT_MIX,-152.58741575722303
cc-pvdz,0.7000000000000002,LDA,23,3,INVARIANT_MIX,-152.58741575722277
cc-pvdz,0.7000000000000002,LDA,24,3,INVARIANT_MIX,-152.58741575722257
cc-pvdz,0.7000000000000002,LDA,25,3,INVARIANT_MIX,-152.5479410564303
cc-pvdz,0.7000000000000002,LDA,26,3,INVARIANT_MIX,-152.54794105643003
cc-pvdz,0.7000000000000002,LDA,27,3,INVARIANT_MIX,-152.54794105643
cc-pvdz,0.7000000000000002,LDA,10,1,INVARIANT_MIX,-152.51720695079666
cc-pvdz,0.7000000000000002,LDA,28,3,INVARIANT_MIX,-152.5120764239375
cc-pvdz,0.7000000000000002,LDA,29,3,INVARIANT_MIX,-152.51207642393743
cc-pvdz,0.7000000000000002,LDA,30,3,INVARIANT_MIX,-152.5120764239373
cc-pvdz,0.7000000000000002,LDA,31,3,INVARIANT_MIX,-152.4935253490856
cc-pvdz,0.7000000000000002,LDA,32,3,INVARIANT_MIX,-152.49352534908527
cc-pvdz,0.7000000000000002,LDA,33,3,INVARIANT_MIX,-152.4935253490851
cc-pvdz,0.7000000000000002,LDA,11,1,INVARIANT_MIX,-152.4606249188593
cc-pvdz,0.7000000000000002,LDA,34,3,INVARIANT_MIX,-152.44733959837282
cc-pvdz,0.7000000000000002,LDA,35,3,INVARIANT_MIX,-152.44733959837268
cc-pvdz,0.7000000000000002,LDA,36,3,INVARIANT_MIX,-152.44733959837248
cc-pvdz,0.7000000000000002,LDA,12,1,INVARIANT_MIX,-152.4339610765764
cc-pvdz,0.7000000000000002,LDA,37,3,INVARIANT_MIX,-152.38303732157146
cc-pvdz,0.7000000000000002,LDA,38,3,INVARIANT_MIX,-152.38303732157118
cc-pvdz,0.7000000000000002,LDA,39,3,INVARIANT_MIX,-152.38303732157112
cc-pvdz,0.7000000000000002,LDA,13,1,INVARIANT_MIX,-152.37612198412512
cc-pvdz,0.7000000000000002,LDA,14,1,INVARIANT_MIX,-152.33924725978517
cc-pvdz,0.7000000000000002,LDA,40,3,INVARIANT_MIX,-152.31353585467215
cc-pvdz,0.7000000000000002,LDA,41,3,INVARIANT_MIX,-152.3135358546721
cc-pvdz,0.7000000000000002,LDA,42,3,INVARIANT_MIX,-152.31353585467198
cc-pvdz,0.7000000000000002,LDA,15,1,INVARIANT_MIX,-152.30821574452278
cc-pvdz,0.7000000000000002,LDA,43,3,INVARIANT_MIX,-152.19719473470028
cc-pvdz,0.7000000000000002,LDA,44,3,INVARIANT_MIX,-152.19719473470025
cc-pvdz,0.7000000000000002,LDA,45,3,INVARIANT_MIX,-152.19719473470016
cc-pvdz,0.7000000000000002,LDA,16,1,INVARIANT_MIX,-152.13291022919086
cc-pvdz,0.7000000000000002,LDA,17,1,INVARIANT_MIX,-152.1284752928838
cc-pvdz,0.7000000000000002,LDA,18,1,INVARIANT_MIX,-152.10970082184866
cc-pvdz,0.7000000000000002,LDA,19,1,INVARIANT_MIX,-152.0855868136766
cc-pvdz,0.7000000000000002,LDA,20,1,INVARIANT_MIX,-152.02722394406064
cc-pvdz,0.8,LDA,1,1,INVARIANT_MIX,-153.09009873074993
cc-pvdz,0.8,LDA,1,3,INVARIANT_MIX,-153.0475990827496
cc-pvdz,0.8,LDA,2,3,INVARIANT_MIX,-153.0475990827496
cc-pvdz,0.8,LDA,3,3,INVARIANT_MIX,-153.04759908274949
cc-pvdz,0.8,LDA,4,3,INVARIANT_MIX,-152.96076211494386
cc-pvdz,0.8,LDA,5,3,INVARIANT_MIX,-152.96076211494378
cc-pvdz,0.8,LDA,6,3,INVARIANT_MIX,-152.96076211494366
cc-pvdz,0.8,LDA,2,1,INVARIANT_MIX,-152.9546270027121
cc-pvdz,0.8,LDA,3,1,INVARIANT_MIX,-152.92721006229974
cc-pvdz,0.8,LDA,7,3,INVARIANT_MIX,-152.90242960433412
cc-pvdz,0.8,LDA,8,3,INVARIANT_MIX,-152.90242960433397
cc-pvdz,0.8,LDA,9,3,INVARIANT_MIX,-152.9024296043339
cc-pvdz,0.8,LDA,1,5,INVARIANT_MIX,-152.83283851865394
cc-pvdz,0.8,LDA,2,5,INVARIANT_MIX,-152.8328385186539
cc-pvdz,0.8,LDA,3,5,INVARIANT_MIX,-152.8328385186539
cc-pvdz,0.8,LDA,4,5,INVARIANT_MIX,-152.8328385186539
cc-pvdz,0.8,LDA,5,5,INVARIANT_MIX,-152.8328385186538
cc-pvdz,0.8,LDA,10,3,INVARIANT_MIX,-152.7765654940937
cc-pvdz,0.8,LDA,11,3,INVARIANT_MIX,-152.7765654940937
cc-pvdz,0.8,LDA,12,3,INVARIANT_MIX,-152.77656549409346
cc-pvdz,0.8,LDA,4,1,INVARIANT_MIX,-152.7700022910706
cc-pvdz,0.8,LDA,13,3,INVARIANT_MIX,-152.7241674226085
cc-pvdz,0.8,LDA,14,3,INVARIANT_MIX,-152.7241674226084
cc-pvdz,0.8,LDA,15,3,INVARIANT_MIX,-152.7241674226082
cc-pvdz,0.8,LDA,5,1,INVARIANT_MIX,-152.71131968464144
cc-pvdz,0.8,LDA,6,1,INVARIANT_MIX,-152.7019263906089
cc-pvdz,0.8,LDA,7,1,INVARIANT_MIX,-152.687223303184
cc-pvdz,0.8,LDA,16,3,INVARIANT_MIX,-152.68381078436857
cc-pvdz,0.8,LDA,17,3,INVARIANT_MIX,-152.6838107843684
cc-pvdz,0.8,LDA,18,3,INVARIANT_MIX,-152.683810784368
cc-pvdz,0.8,LDA,8,1,INVARIANT_MIX,-152.6199395608321
cc-pvdz,0.8,LDA,9,1,INVARIANT_MIX,-152.6158867145719
cc-pvdz,0.8,LDA,19,3,INVARIANT_MIX,-152.6019263357683
cc-pvdz,0.8,LDA,20,3,INVARIANT_MIX,-152.60192633576787
cc-pvdz,0.8,LDA,21,3,INVARIANT_MIX,-152.60192633576776
cc-pvdz,0.8,LDA,22,3,INVARIANT_MIX,-152.5818734320699
cc-pvdz,0.8,LDA,23,3,INVARIANT_MIX,-152.5818734320699
cc-pvdz,0.8,LDA,24,3,INVARIANT_MIX,-152.58187343206987
cc-pvdz,0.8,LDA,25,3,INVARIANT_MIX,-152.53752243294932
cc-pvdz,0.8,LDA,26,3,INVARIANT_MIX,-152.53752243294932
cc-pvdz,0.8,LDA,27,3,INVARIANT_MIX,-152.53752243294923
cc-pvdz,0.8,LDA,10,1,INVARIANT_MIX,-152.51232383280842
cc-pvdz,0.8,LDA,28,3,INVARIANT_MIX,-152.50652285041994
cc-pvdz,0.8,LDA,29,3,INVARIANT_MIX,-152.50652285041994
cc-pvdz,0.8,LDA,30,3,INVARIANT_MIX,-152.50652285041986
cc-pvdz,0.8,LDA,31,3,INVARIANT_MIX,-152.4906642926261
cc-pvdz,0.8,LDA,32,3,INVARIANT_MIX,-152.49066429262598
cc-pvdz,0.8,LDA,33,3,INVARIANT_MIX,-152.49066429262578
cc-pvdz,0.8,LDA,11,1,INVARIANT_MIX,-152.44945413158527
cc-pvdz,0.8,LDA,34,3,INVARIANT_MIX,-152.43942307274972
cc-pvdz,0.8,LDA,35,3,INVARIANT_MIX,-152.43942307274912
cc-pvdz,0.8,LDA,36,3,INVARIANT_MIX,-152.4394230727491
cc-pvdz,0.8,LDA,12,1,INVARIANT_MIX,-152.42979369632977
cc-pvdz,0.8,LDA,37,3,INVARIANT_MIX,-152.38158424940804
cc-pvdz,0.8,LDA,38,3,INVARIANT_MIX,-152.38158424940804
cc-pvdz,0.8,LDA,39,3,INVARIANT_MIX,-152.38158424940798
cc-pvdz,0.8,LDA,13,1,INVARIANT_MIX,-152.37466768027753
cc-pvdz,0.8,LDA,14,1,INVARIANT_MIX,-152.33596540793718
cc-pvdz,0.8,LDA,40,3,INVARIANT_MIX,-152.30413551008533
cc-pvdz,0.8,LDA,41,3,INVARIANT_MIX,-152.3041355100846
cc-pvdz,0.8,LDA,42,3,INVARIANT_MIX,-152.3041355100846
cc-pvdz,0.8,LDA,15,1,INVARIANT_MIX,-152.29888264326843
cc-pvdz,0.8,LDA,43,3,INVARIANT_MIX,-152.1914136258724
cc-pvdz,0.8,LDA,44,3,INVARIANT_MIX,-152.19141362587231
cc-pvdz,0.8,LDA,45,3,INVARIANT_MIX,-152.19141362587223
cc-pvdz,0.8,LDA,16,1,INVARIANT_MIX,-152.12755890769944
cc-pvdz,0.8,LDA,17,1,INVARIANT_MIX,-152.1240911267073
cc-pvdz,0.8,LDA,18,1,INVARIANT_MIX,-152.10275261781743
cc-pvdz,0.8,LDA,19,1,INVARIANT_MIX,-152.0804417182439
cc-pvdz,0.8,LDA,20,1,INVARIANT_MIX,-152.01824992020687
cc-pvdz,0.9000000000000001,LDA,1,1,INVARIANT_MIX,-153.0907911950513
cc-pvdz,0.9000000000000001,LDA,1,3,INVARIANT_MIX,-153.04282475041956
cc-pvdz,0.9000000000000001,LDA,2,3,INVARIANT_MIX,-153.04282475041924
cc-pvdz,0.9000000000000001,LDA,3,3,INVARIANT_MIX,-153.04282475041921
cc-pvdz,0.9000000000000001,LDA,4,3,INVARIANT_MIX,-152.95872637643865
cc-pvdz,0.9000000000000001,LDA,5,3,INVARIANT_MIX,-152.95872637643842
cc-pvdz,0.9000000000000001,LDA,6,3,INVARIANT_MIX,-152.95872637643836
cc-pvdz,0.9000000000000001,LDA,2,1,INVARIANT_MIX,-152.94465400738008
cc-pvdz,0.9000000000000001,LDA,3,1,INVARIANT_MIX,-152.92243189632998
cc-pvdz,0.9000000000000001,LDA,7,3,INVARIANT_MIX,-152.89418815877227
cc-pvdz,0.9000000000000001,LDA,8,3,INVARIANT_MIX,-152.89418815877227
cc-pvdz,0.9000000000000001,LDA,9,3,INVARIANT_MIX,-152.8941881587722
cc-pvdz,0.9000000000000001,LDA,1,5,INVARIANT_MIX,-152.8272073506794
cc-pvdz,0.9000000000000001,LDA,2,5,INVARIANT_MIX,-152.82720735067934
cc-pvdz,0.9000000000000001,LDA,3,5,INVARIANT_MIX,-152.8272073506793
cc-pvdz,0.9000000000000001,LDA,4,5,INVARIANT_MIX,-152.82720735067926
cc-pvdz,0.9000000000000001,LDA,5,5,INVARIANT_MIX,-152.82720735067912
cc-pvdz,0.9000000000000001,LDA,10,3,INVARIANT_MIX,-152.77413981146879
cc-pvdz,0.9000000000000001,LDA,11,3,INVARIANT_MIX,-152.77413981146856
cc-pvdz,0.9000000000000001,LDA,12,3,INVARIANT_MIX,-152.77413981146844
cc-pvdz,0.9000000000000001,LDA,4,1,INVARIANT_MIX,-152.7677331491794
cc-pvdz,0.9000000000000001,LDA,13,3,INVARIANT_MIX,-152.7162729978344
cc-pvdz,0.9000000000000001,LDA,14,3,INVARIANT_MIX,-152.7162729978343
cc-pvdz,0.9000000000000001,LDA,15,3,INVARIANT_MIX,-152.7162729978342
cc-pvdz,0.9000000000000001,LDA,5,1,INVARIANT_MIX,-152.70295496273278
cc-pvdz,0.9000000000000001,LDA,6,1,INVARIANT_MIX,-152.701339775498
cc-pvdz,0.9000000000000001,LDA,16,3,INVARIANT_MIX,-152.6836295951658
cc-pvdz,0.9000000000000001,LDA,17,3,INVARIANT_MIX,-152.6836295951658
cc-pvdz,0.9000000000000001,LDA,18,3,INVARIANT_MIX,-152.68362959516563
cc-pvdz,0.9000000000000001,LDA,7,1,INVARIANT_MIX,-152.6811112447514
cc-pvdz,0.9000000000000001,LDA,8,1,INVARIANT_MIX,-152.6165058672873
cc-pvdz,0.9000000000000001,LDA,9,1,INVARIANT_MIX,-152.6108167561271
cc-pvdz,0.9000000000000001,LDA,19,3,INVARIANT_MIX,-152.59759217039735
cc-pvdz,0.9000000000000001,LDA,20,3,INVARIANT_MIX,-152.59759217039723
cc-pvdz,0.9000000000000001,LDA,21,3,INVARIANT_MIX,-152.59759217039695
cc-pvdz,0.9000000000000001,LDA,22,3,INVARIANT_MIX,-152.5756903369583
cc-pvdz,0.9000000000000001,LDA,23,3,INVARIANT_MIX,-152.57569033695827
cc-pvdz,0.9000000000000001,LDA,24,3,INVARIANT_MIX,-152.57569033695827
cc-pvdz,0.9000000000000001,LDA,25,3,INVARIANT_MIX,-152.52627265667317
cc-pvdz,0.9000000000000001,LDA,26,3,INVARIANT_MIX,-152.52627265667311
cc-pvdz,0.9000000000000001,LDA,27,3,INVARIANT_MIX,-152.52627265667292
cc-pvdz,0.9000000000000001,LDA,10,1,INVARIANT_MIX,-152.50678076005516
cc-pvdz,0.9000000000000001,LDA,28,3,INVARIANT_MIX,-152.50024593906818
cc-pvdz,0.9000000000000001,LDA,29,3,INVARIANT_MIX,-152.50024593906795
cc-pvdz,0.9000000000000001,LDA,30,3,INVARIANT_MIX,-152.50024593906772
cc-pvdz,0.9000000000000001,LDA,31,3,INVARIANT_MIX,-152.4870724190442
cc-pvdz,0.9000000000000001,LDA,32,3,INVARIANT_MIX,-152.48707241904407
cc-pvdz,0.9000000000000001,LDA,33,3,INVARIANT_MIX,-152.48707241904364
cc-pvdz,0.9000000000000001,LDA,11,1,INVARIANT_MIX,-152.43743119122325
cc-pvdz,0.9000000000000001,LDA,34,3,INVARIANT_MIX,-152.43075910213062
cc-pvdz,0.9000000000000001,LDA,35,3,INVARIANT_MIX,-152.43075910213042
cc-pvdz,0.9000000000000001,LDA,36,3,INVARIANT_MIX,-152.4307591021302
cc-pvdz,0.9000000000000001,LDA,12,1,INVARIANT_MIX,-152.42501527283534
cc-pvdz,0.9000000000000001,LDA,37,3,INVARIANT_MIX,-152.37937189311856
cc-pvdz,0.9000000000000001,LDA,38,3,INVARIANT_MIX,-152.3793718931185
cc-pvdz,0.9000000000000001,LDA,39,3,INVARIANT_MIX,-152.379371893118
cc-pvdz,0.9000000000000001,LDA,13,1,INVARIANT_MIX,-152.3724594699507
cc-pvdz,0.9000000000000001,LDA,14,1,INVARIANT_MIX,-152.33215546042732
cc-pvdz,0.9000000000000001,LDA,40,3,INVARIANT_MIX,-152.29399348492834
cc-pvdz,0.9000000000000001,LDA,41,3,INVARIANT_MIX,-152.2939934849283
cc-pvdz,0.9000000000000001,LDA,42,3,INVARIANT_MIX,-152.2939934849282
cc-pvdz,0.9000000000000001,LDA,15,1,INVARIANT_MIX,-152.2888078608899
cc-pvdz,0.9000000000000001,LDA,43,3,INVARIANT_MIX,-152.1848156684951
cc-pvdz,0.9000000000000001,LDA,44,3,INVARIANT_MIX,-152.18481566849508
cc-pvdz,0.9000000000000001,LDA,45,3,INVARIANT_MIX,-152.18481566849502
cc-pvdz,0.9000000000000001,LDA,16,1,INVARIANT_MIX,-152.12143061132275
cc-pvdz,0.9000000000000001,LDA,17,1,INVARIANT_MIX,-152.1189273909913
cc-pvdz,0.9000000000000001,LDA,18,1,INVARIANT_MIX,-152.09504077172858
cc-pvdz,0.9000000000000001,LDA,19,1,INVARIANT_MIX,-152.07443817953506
cc-pvdz,0.9000000000000001,LDA,20,1,INVARIANT_MIX,-152.00829139173663
cc-pvdz,1.0,LDA,1,1,INVARIANT_MIX,-153.09107697670234
cc-pvdz,1.0,LDA,1,3,INVARIANT_MIX,-153.03750964970516
cc-pvdz,1.0,LDA,2,3,INVARIANT_MIX,-153.03750964970504
cc-pvdz,1.0,LDA,3,3,INVARIANT_MIX,-153.0375096497049
cc-pvdz,1.0,LDA,4,3,INVARIANT_MIX,-152.95608792000152
cc-pvdz,1.0,LDA,5,3,INVARIANT_MIX,-152.95608792000147
cc-pvdz,1.0,LDA,6,3,INVARIANT_MIX,-152.9560879200011
cc-pvdz,1.0,LDA,2,1,INVARIANT_MIX,-152.93403040781553
cc-pvdz,1.0,LDA,3,1,INVARIANT_MIX,-152.91711074319792
cc-pvdz,1.0,LDA,7,3,INVARIANT_MIX,-152.88534662425485
cc-pvdz,1.0,LDA,8,3,INVARIANT_MIX,-152.88534662425485
cc-pvdz,1.0,LDA,9,3,INVARIANT_MIX,-152.8853466242548
cc-pvdz,1.0,LDA,1,5,INVARIANT_MIX,-152.82090389649895
cc-pvdz,1.0,LDA,2,5,INVARIANT_MIX,-152.8209038964989
cc-pvdz,1.0,LDA,3,5,INVARIANT_MIX,-152.82090389649878
cc-pvdz,1.0,LDA,4,5,INVARIANT_MIX,-152.82090389649863
cc-pvdz,1.0,LDA,5,5,INVARIANT_MIX,-152.8209038964986
cc-pvdz,1.0,LDA,10,3,INVARIANT_MIX,-152.77110991562466
cc-pvdz,1.0,LDA,11,3,INVARIANT_MIX,-152.77110991562458
cc-pvdz,1.0,LDA,12,3,INVARIANT_MIX,-152.77110991562435
cc-pvdz,1.0,LDA,4,1,INVARIANT_MIX,-152.7648517962235
cc-pvdz,1.0,LDA,13,3,INVARIANT_MIX,-152.70777976597455
cc-pvdz,1.0,LDA,14,3,INVARIANT_MIX,-152.7077797659744
cc-pvdz,1.0,LDA,15,3,INVARIANT_MIX,-152.70777976597438
cc-pvdz,1.0,LDA,5,1,INVARIANT_MIX,-152.70017388129526
cc-pvdz,1.0,LDA,6,1,INVARIANT_MIX,-152.69396665153567
cc-pvdz,1.0,LDA,16,3,INVARIANT_MIX,-152.68289772861013
cc-pvdz,1.0,LDA,17,3,INVARIANT_MIX,-152.6828977286099
cc-pvdz,1.0,LDA,18,3,INVARIANT_MIX,-152.68289772860976
cc-pvdz,1.0,LDA,7,1,INVARIANT_MIX,-152.6742850864158
cc-pvdz,1.0,LDA,8,1,INVARIANT_MIX,-152.61660082443476
cc-pvdz,1.0,LDA,9,1,INVARIANT_MIX,-152.60111941958328
cc-pvdz,1.0,LDA,19,3,INVARIANT_MIX,-152.59261389300303
cc-pvdz,1.0,LDA,20,3,INVARIANT_MIX,-152.592613893003
cc-pvdz,1.0,LDA,21,3,INVARIANT_MIX,-152.59261389300298
cc-pvdz,1.0,LDA,22,3,INVARIANT_MIX,-152.56886605753115
cc-pvdz,1.0,LDA,23,3,INVARIANT_MIX,-152.56886605753104
cc-pvdz,1.0,LDA,24,3,INVARIANT_MIX,-152.56886605753073
cc-pvdz,1.0,LDA,25,3,INVARIANT_MIX,-152.514214962548
cc-pvdz,1.0,LDA,26,3,INVARIANT_MIX,-152.51421496254798
cc-pvdz,1.0,LDA,27,3,INVARIANT_MIX,-152.5142149625478
cc-pvdz,1.0,LDA,10,1,INVARIANT_MIX,-152.50057399490726
cc-pvdz,1.0,LDA,28,3,INVARIANT_MIX,-152.49323983084327
cc-pvdz,1.0,LDA,29,3,INVARIANT_MIX,-152.4932398308432
cc-pvdz,1.0,LDA,30,3,INVARIANT_MIX,-152.4932398308432
cc-pvdz,1.0,LDA,31,3,INVARIANT_MIX,-152.4827466215996
cc-pvdz,1.0,LDA,32,3,INVARIANT_MIX,-152.4827466215992
cc-pvdz,1.0,LDA,33,3,INVARIANT_MIX,-152.48274662159915
cc-pvdz,1.0,LDA,11,1,INVARIANT_MIX,-152.4245839914491
cc-pvdz,1.0,LDA,34,3,INVARIANT_MIX,-152.42134049920037
cc-pvdz,1.0,LDA,35,3,INVARIANT_MIX,-152.42134049920023
cc-pvdz,1.0,LDA,36,3,INVARIANT_MIX,-152.42134049920017
cc-pvdz,1.0,LDA,12,1,INVARIANT_MIX,-152.4196150746854
cc-pvdz,1.0,LDA,37,3,INVARIANT_MIX,-152.37639356109295
cc-pvdz,1.0,LDA,38,3,INVARIANT_MIX,-152.3763935610926
cc-pvdz,1.0,LDA,39,3,INVARIANT_MIX,-152.37639356109244
cc-pvdz,1.0,LDA,13,1,INVARIANT_MIX,-152.3694909531523
cc-pvdz,1.0,LDA,14,1,INVARIANT_MIX,-152.32780419424304
cc-pvdz,1.0,LDA,40,3,INVARIANT_MIX,-152.2831030640142
cc-pvdz,1.0,LDA,41,3,INVARIANT_MIX,-152.28310306401414
cc-pvdz,1.0,LDA,42,3,INVARIANT_MIX,-152.28310306401414
cc-pvdz,1.0,LDA,15,1,INVARIANT_MIX,-152.27798466383103
cc-pvdz,1.0,LDA,43,3,INVARIANT_MIX,-152.1773947682641
cc-pvdz,1.0,LDA,44,3,INVARIANT_MIX,-152.1773947682639
cc-pvdz,1.0,LDA,45,3,INVARIANT_MIX,-152.17739476826387
cc-pvdz,1.0,LDA,16,1,INVARIANT_MIX,-152.11451900213484
cc-pvdz,1.0,LDA,17,1,INVARIANT_MIX,-152.11297760777512
cc-pvdz,1.0,LDA,18,1,INVARIANT_MIX,-152.08656173003536
cc-pvdz,1.0,LDA,19,1,INVARIANT_MIX,-152.06756953881398
cc-pvdz,1.0,LDA,20,1,INVARIANT_MIX,-151.99735422130945
